SWEAT index,K index,Totals totals index,Date,TH,Environmental Stability,Moisture Indices,Convective Potential,Temperature Pressure,Moisture Temperature Profiles
91.2,-1.4,24.7,1981-01-01,0,25.8,22.8,0.0,5636,993.98
75.7,1.6,30.3,1981-01-02,0,21.5,20.4,0.0,5592,956.13
64.0,2.8,37.5,1981-01-03,0,1.9000000000000001,19.7,-259.7,5636,862.29
128.3,17.5,41.6,1981-01-04,0,13.8,23.8,0.0,5581,978.71
194.2,23.5,50.6,1981-01-05,0,4.0,28.6,-55.400000000000006,5578,965.77
151.4,25.4,43.8,1981-01-06,0,6.8999999999999995,33.2,-65.0,5648,975.72
287.4,35.7,53.8,1981-01-07,0,-6.0,32.2,677.6,5590,988.05
93.6,12.0,32.6,1981-01-08,0,16.799999999999997,25.5,0.0,5591,988.33
87.2,14.1,32.6,1981-01-09,0,14.399999999999999,23.0,24.4,5540,960.95
67.9,14.8,35.0,1981-01-10,0,23.9,24.1,0.0,5603,928.51
64.0,22.6,29.5,1981-01-11,0,13.8,22.0,0.0,5599,936.57
89.9,22.1,42.4,1981-01-12,0,11.2,24.0,0.0,5566,947.49
73.6,21.1,47.4,1981-01-13,0,0.8,20.2,-76.3,5530,968.61
73.7,0.8,35.0,1981-01-14,0,15.7,19.5,0.0,5545,958.6
58.2,-2.6,29.9,1981-01-15,0,18.8,22.0,0.0,5623,961.07
52.4,1.2,35.2,1981-01-16,0,26.9,18.5,0.0,5640,953.63
36.9,2.0,35.8,1981-01-17,0,22.8,21.0,0.0,5642,963.73
44.6,-2.4,31.4,1981-01-18,0,24.4,20.5,0.0,5648,961.07
127.8,17.0,40.2,1981-01-19,0,16.1,22.9,0.0,5579,947.49
95.7,17.5,42.0,1981-01-20,0,10.5,22.2,-101.7,5546,960.95
99.5,10.7,37.0,1981-01-21,0,15.6,24.2,-115.1,5583,955.61
87.3,7.4,32.3,1981-01-22,0,14.100000000000001,17.1,0.0,5581,958.48
75.7,3.0,29.1,1981-01-23,0,18.5,19.2,0.0,5607,933.43
67.9,20.4,44.7,1981-01-24,0,-4.4,23.1,321.0,5569,973.25
127.4,19.2,46.6,1981-01-25,0,6.1,21.0,0.0,5628,814.53
162.4,31.0,47.4,1981-01-26,0,8.7,30.8,0.0,5595,968.37
129.0,12.6,49.4,1981-01-27,0,1.2999999999999998,22.9,36.5,5591,965.59
140.1,9.6,43.0,1981-01-28,0,7.300000000000001,20.6,0.0,5608,963.12
114.1,9.2,35.2,1981-01-29,0,8.7,24.3,-354.7,5671,876.33
180.6,29.8,49.4,1981-01-30,0,5.6000000000000005,31.7,0.0,5656,983.26
337.6,36.0,54.6,1981-01-31,1,-4.5,36.9,774.3,5677,980.42
306.8,36.5,53.2,1981-02-01,1,-5.800000000000001,33.2,0.0,5583,1000.96
56.3,13.8,38.5,1981-02-02,0,3.8,23.8,6.399999999999999,5596,990.55
71.9,7.2,35.6,1981-02-03,0,18.0,24.2,0.0,5617,912.77
126.5,7.8,32.0,1981-02-04,0,21.4,23.6,0.0,5640,968.52
109.3,6.8,31.8,1981-02-05,0,25.2,23.0,0.0,5684,968.49
87.1,8.4,43.4,1981-02-06,0,9.2,19.5,0.0,5647,930.04
82.8,16.0,41.4,1981-02-07,0,11.2,20.8,0.0,5649,968.37
240.2,30.4,51.8,1981-02-08,0,-1.0999999999999999,29.1,320.6,5623,980.67
180.1,27.0,49.2,1981-02-09,1,9.1,24.9,0.0,5620,909.19
172.2,32.4,49.8,1981-02-10,0,2.6,29.9,25.8,5610,985.76
139.3,11.8,29.8,1981-02-11,0,23.299999999999997,24.4,0.0,5586,988.39
80.3,11.4,40.0,1981-02-12,0,14.7,18.3,0.0,5618,968.83
74.2,1.4,29.2,1981-02-13,0,18.2,20.2,0.0,5611,973.59
81.5,-0.8,28.7,1981-02-14,0,11.5,23.2,0.0,5677,975.66
135.9,10.0,39.6,1981-02-15,0,8.700000000000001,27.6,0.0,5722,978.01
135.3,13.8,41.8,1981-02-16,0,-0.8999999999999999,26.2,233.3,5691,997.6
162.0,16.6,43.4,1981-02-17,0,1.2000000000000002,28.7,244.3,5677,951.22
111.0,8.0,35.2,1981-02-18,0,14.9,19.4,0.0,5639,944.11
64.0,4.8,33.3,1981-02-19,0,13.1,15.3,0.0,5634,918.32
66.0,3.8,29.7,1981-02-20,0,15.2,15.5,0.0,5673,909.01
71.8,7.0,35.9,1981-02-21,0,13.600000000000001,19.9,0.0,5675,938.46
66.0,7.6,34.7,1981-02-22,0,9.0,16.2,0.0,5663,874.47
70.5,6.8,36.6,1981-02-23,0,18.9,21.5,0.0,5685,963.3
73.7,12.0,31.1,1981-02-24,0,4.3,14.1,0.0,5613,920.85
67.9,10.6,46.6,1981-02-25,0,2.3000000000000003,19.0,-479.0,5672,949.36
91.3,23.6,44.6,1981-02-26,0,0.9000000000000001,24.0,-178.8,5710,942.95
112.6,28.0,50.0,1981-02-27,0,3.4000000000000004,21.6,90.09999999999997,5689,934.68
265.3,32.0,56.2,1981-02-28,0,-24.0,31.8,4415.7,5693,876.11
460.2,36.6,58.2,1981-03-01,0,-8.9,33.8,1579.9,5689,987.57
203.1,29.2,52.2,1981-03-02,0,-5.2,25.1,754.0,5664,943.04
100.4,17.0,44.4,1981-03-03,0,9.4,22.1,0.0,5644,848.65
44.6,4.6,32.3,1981-03-04,0,19.0,21.1,0.0,5666,899.86
54.1,6.2,35.6,1981-03-05,0,11.2,21.6,0.0,5687,926.32
146.3,15.0,43.0,1981-03-06,0,13.0,26.3,0.0,5726,928.91
119.0,18.6,43.4,1981-03-07,0,5.800000000000001,25.4,-146.7,5702,945.91
69.8,21.0,45.3,1981-03-08,0,-7.6000000000000005,18.6,2002.9,5661,918.96
108.2,30.0,49.8,1981-03-09,0,-9.0,31.6,2783.6000000000004,5682,939.44
181.4,33.1,51.0,1981-03-10,0,-3.3,30.5,603.0,5675,948.84
403.0,34.4,59.8,1981-03-11,1,-12.5,38.6,2872.8,5691,985.28
224.4,33.6,52.2,1981-03-12,1,-0.7999999999999998,34.7,362.1,5694,959.7
224.5,25.3,56.6,1981-03-13,1,-10.6,19.9,463.5,5543,929.43
113.3,24.8,37.6,1981-03-14,0,15.5,30.5,0.0,5677,970.75
65.8,16.7,36.2,1981-03-15,0,-4.199999999999999,22.6,566.0,5676,843.67
163.9,22.8,46.0,1981-03-16,0,-2.4,31.4,1645.4,5649,967.48
175.0,20.8,43.0,1981-03-17,0,9.3,35.5,-105.7,5678,960.04
171.4,24.4,45.4,1981-03-18,0,3.3,37.6,90.4,5681,983.02
93.0,16.6,37.8,1981-03-19,0,2.8999999999999995,35.0,-10.400000000000006,5727,975.14
150.2,28.6,45.2,1981-03-20,0,-4.699999999999999,36.6,3105.1,5715,985.21
163.5,31.8,47.4,1981-03-21,0,-5.2,41.5,2901.2999999999997,5728,977.46
285.1,36.9,53.6,1981-03-22,0,-2.0,38.7,-168.29999999999998,5729,948.32
415.9,40.2,59.8,1981-03-23,0,-14.2,37.1,2727.4,5685,956.25
110.0,29.2,47.8,1981-03-24,0,-9.5,30.1,2287.0,5672,980.18
275.1,34.6,54.6,1981-03-25,1,-9.2,38.5,2320.2000000000003,5651,977.71
128.2,26.6,50.8,1981-03-26,1,-0.7999999999999998,27.0,79.70000000000002,5615,980.76
219.5,22.3,55.6,1981-03-27,1,-14.7,21.1,2743.5,5581,985.52
349.7,28.6,55.6,1981-03-28,1,-3.4,28.7,1245.2,5642,975.54
348.3,37.0,55.8,1981-03-29,1,0.09999999999999964,38.4,329.4,5686,957.02
320.0,38.3,54.0,1981-03-30,1,0.2999999999999998,42.0,903.3999999999999,5746,985.37
594.1,42.2,69.8,1981-03-31,0,-25.9,36.2,4418.4,5675,985.28
226.1,34.3,49.8,1981-04-01,0,5.199999999999999,37.4,-63.099999999999994,5672,975.18
225.7,35.5,46.6,1981-04-02,0,2.9,41.5,734.5,5727,977.65
310.7,34.8,53.8,1981-04-03,1,-8.7,42.5,2617.4,5758,995.1
509.5,41.3,56.0,1981-04-04,0,-11.7,51.9,34.4,5776,972.06
88.2,13.4,30.0,1981-04-05,0,0.7000000000000002,36.7,1971.8,5758,979.97
71.8,15.2,33.9,1981-04-06,0,-5.7,24.9,1935.0,5737,987.66
57.6,12.4,29.8,1981-04-07,0,9.4,26.6,-40.900000000000006,5720,942.67
67.9,5.0,26.3,1981-04-08,0,17.8,22.5,0.0,5760,951.71
87.3,5.4,30.5,1981-04-09,0,-0.2999999999999998,18.3,705.2,5713,942.31
75.7,16.6,34.5,1981-04-10,0,23.2,18.5,0.0,5710,723.65
98.9,18.4,40.9,1981-04-11,0,-6.3,30.1,1993.3999999999999,5737,964.31
155.1,20.0,48.8,1981-04-12,0,-13.2,31.2,41.099999999999994,5693,969.5
222.2,19.8,46.0,1981-04-13,0,7.6,39.7,-8.899999999999977,5742,977.89
252.0,36.3,49.0,1981-04-14,0,-0.49999999999999956,46.9,2423.2,5756,980.09
205.3,30.8,45.0,1981-04-15,1,-0.6000000000000001,41.0,2382.2,5734,980.15
231.9,31.6,48.6,1981-04-16,1,-2.3000000000000003,43.2,2667.2,5743,982.65
193.9,35.5,49.4,1981-04-17,1,3.5999999999999996,37.2,-282.6,5744,977.98
850.7,47.3,67.6,1981-04-18,1,-11.100000000000001,57.1,-85.0,5730,985.06
391.7,20.4,56.0,1981-04-20,0,-9.5,38.6,1578.4,5701,923.87
139.0,7.2,41.2,1981-04-21,0,3.6999999999999997,34.2,507.6,5757,990.31
280.7,32.8,52.0,1981-04-22,0,-7.1,43.4,4256.599999999999,5727,987.69
346.7,35.4,54.8,1981-04-23,0,-10.0,49.7,4268.0,5782,985.03
139.5,25.4,48.4,1981-04-24,0,-10.399999999999999,35.2,5058.5,5742,982.47
126.2,24.4,44.8,1981-04-25,0,-3.5999999999999996,25.0,225.3,5712,931.02
28.5,21.8,46.6,1981-04-26,0,-3.0999999999999996,26.8,623.1,5704,921.92
103.1,22.0,44.4,1981-04-27,0,-7.5,34.4,3347.6,5699,987.69
220.6,38.1,51.0,1981-04-28,0,-9.399999999999999,48.5,1.9,5757,997.57
258.7,31.4,53.2,1981-04-29,0,-9.399999999999999,37.2,3883.6,5741,972.18
306.4,36.7,54.6,1981-04-30,0,-2.2,38.0,1311.3999999999999,5779,930.4
134.8,33.5,47.8,1981-05-01,0,-8.5,37.9,3449.1,5690,998.09
163.8,34.5,50.4,1981-05-02,1,-12.3,41.4,3747.8999999999996,5725,985.06
231.7,36.5,52.0,1981-05-03,1,2.4999999999999996,41.2,151.8,5745,956.62
270.3,40.3,51.2,1981-05-04,1,-0.5,49.0,688.0,5752,977.71
141.8,33.1,46.4,1981-05-05,1,-0.8999999999999999,39.9,1450.9,5719,985.34
173.8,29.5,40.4,1981-05-06,0,3.1000000000000005,44.2,821.1999999999999,5705,982.77
252.7,36.7,45.0,1981-05-07,0,3.2,55.2,733.6,5753,980.15
167.6,32.5,43.4,1981-05-08,0,1.6999999999999997,48.1,807.6,5747,985.21
303.0,31.0,51.2,1981-05-09,1,-0.6999999999999993,54.1,143.6,5789,985.12
212.6,37.3,49.6,1981-05-10,1,6.5,48.0,-388.7,5817,961.9
165.7,31.3,45.6,1981-05-11,1,0.19999999999999973,41.6,557.4,5768,961.78
330.3,40.1,53.6,1981-05-12,0,-1.2999999999999998,45.8,765.5999999999999,5748,964.46
182.9,34.5,47.4,1981-05-13,0,-1.6000000000000005,43.6,621.1999999999999,5747,972.31
134.8,29.1,43.0,1981-05-14,0,-4.300000000000001,41.4,4418.2,5803,982.41
163.7,27.8,47.6,1981-05-15,0,-8.4,32.4,4264.400000000001,5746,920.95
194.4,31.0,50.2,1981-05-16,0,-9.5,33.5,3908.1,5777,935.81
217.7,23.0,45.0,1981-05-17,1,-6.800000000000001,44.1,7.5,5780,974.59
224.7,29.6,51.0,1981-05-18,0,0.0,42.1,105.19999999999999,5755,980.24
239.3,37.7,49.8,1981-05-19,0,-3.2,51.6,1593.3,5784,985.06
427.4,43.5,54.2,1981-05-20,0,6.999999999999999,76.4,-309.6,5902,974.66
228.8,36.3,45.4,1981-05-21,0,2.6,54.3,488.1,5764,958.72
229.8,18.6,49.8,1981-05-22,0,-1.2000000000000002,45.3,962.9,5814,985.09
149.4,17.6,46.4,1981-05-23,0,-3.3000000000000003,37.2,693.7,5769,980.09
298.0,32.4,50.0,1981-05-24,0,-2.7,52.9,2415.2,5795,979.84
147.3,30.5,46.8,1981-05-25,1,-3.2,45.5,673.1,5785,958.72
229.3,33.5,48.4,1981-05-26,1,1.6,48.4,277.2,5740,969.74
262.0,39.3,49.4,1981-05-27,1,-0.09999999999999964,54.7,-27.3,5746,990.22
217.1,23.2,45.4,1981-05-28,1,3.5,50.9,306.79999999999995,5785,995.13
196.4,33.7,45.2,1981-05-29,1,9.0,53.7,-400.4,5832,942.06
165.7,27.5,46.4,1981-05-30,1,-3.0,38.4,841.0,5755,982.68
360.4,37.7,54.8,1981-05-31,0,-11.1,48.5,2.5,5757,979.81
139.5,27.5,43.4,1981-06-01,0,0.7999999999999998,40.9,-3.3,5754,979.5
218.6,35.9,44.2,1981-06-02,0,4.0,45.4,1534.3,5758,936.01
211.5,15.0,43.2,1981-06-03,0,1.0,33.6,1656.6,5765,923.59
113.3,12.4,43.6,1981-06-04,1,-10.100000000000001,26.4,5800.400000000001,5748,879.7
259.6,37.9,52.4,1981-06-05,0,-1.4000000000000004,40.8,722.6999999999999,5754,847.29
334.7,40.3,54.6,1981-06-06,0,-5.5,44.4,1647.2,5736,897.53
271.3,29.0,54.6,1981-06-07,0,-2.1999999999999997,29.2,-72.0,5714,806.48
185.7,32.3,47.8,1981-06-08,0,-0.6000000000000005,35.7,935.1999999999999,5742,895.14
212.2,31.0,48.2,1981-06-09,0,-3.7,34.1,2410.0,5722,911.07
222.0,32.3,47.2,1981-06-10,1,-3.6999999999999997,51.5,2508.7000000000003,5767,974.69
209.2,35.9,49.4,1981-06-11,0,-3.3000000000000003,43.2,3003.2999999999997,5769,931.12
158.1,21.8,40.2,1981-06-12,0,7.699999999999999,31.1,-120.30000000000001,5787,878.16
133.3,19.0,43.2,1981-06-13,0,-1.6999999999999997,26.4,3088.2,5731,889.4
31.0,19.0,37.9,1981-06-14,0,-4.7,19.7,3414.2000000000003,5721,840.1
257.3,33.0,50.6,1981-06-15,0,17.7,37.4,0.0,5764,723.26
165.9,15.2,43.2,1981-06-16,1,-12.5,32.5,6395.4,5786,935.59
226.5,30.5,40.8,1981-06-17,0,9.0,44.8,-4.6000000000000005,5775,936.09
253.0,36.3,47.0,1981-06-18,1,0.40000000000000036,47.8,2696.7999999999997,5763,931.14
265.0,38.3,45.6,1981-06-19,1,3.1999999999999997,52.2,9.7,5780,928.62
292.6,39.9,44.6,1981-06-20,0,2.9000000000000004,46.6,18.900000000000002,5759,933.64
312.1,35.3,42.0,1981-06-21,0,5.699999999999999,55.0,1807.7,5697,935.95
332.8,37.5,43.8,1981-06-22,0,4.1000000000000005,52.7,2110.4,5743,949.99
242.1,32.5,43.0,1981-06-23,0,-5.9,48.1,7243.3,5767,942.96
223.5,33.1,44.2,1981-06-24,0,2.1000000000000005,45.8,1838.7,5778,938.34
227.7,37.3,47.8,1981-06-25,0,-4.1,62.1,3578.3,5800,982.44
277.8,42.5,45.4,1981-06-26,0,6.6,78.3,1177.3,5870,977.28
257.9,30.5,43.2,1981-06-27,0,1.6999999999999997,59.9,2794.3,5828,982.44
225.5,30.5,42.8,1981-06-28,0,0.2999999999999998,53.7,1940.8,5796,977.28
201.0,31.1,43.2,1981-06-29,0,-4.800000000000001,48.0,3043.0,5760,985.03
297.0,45.3,50.4,1981-06-30,0,-2.5999999999999996,62.0,4062.8,5785,942.98
284.2,42.7,47.8,1981-07-01,1,1.2000000000000002,70.6,1656.3,5772,962.77
275.7,38.3,42.8,1981-07-02,1,3.7,56.7,1339.5,5772,902.77
255.0,39.3,45.0,1981-07-03,1,2.6,51.3,2081.9,5739,918.68
242.9,36.1,43.0,1981-07-04,0,4.1,49.5,1429.2,5778,910.87
182.1,31.1,43.2,1981-07-05,0,6.8999999999999995,38.1,-43.39999999999998,5735,863.52
238.5,36.5,46.8,1981-07-06,0,-0.8999999999999995,48.3,3782.7,5763,945.37
237.6,32.9,41.0,1981-07-07,0,3.8,47.7,2206.2999999999997,5741,940.73
175.1,30.3,43.4,1981-07-08,0,-3.6,35.3,3793.1,5691,933.59
263.4,41.5,47.2,1981-07-09,1,2.4000000000000004,57.4,2514.4,5767,949.99
225.3,34.2,35.0,1981-07-10,1,10.5,39.7,88.0,5860,923.73
253.9,40.9,49.2,1981-07-11,0,1.0999999999999996,48.6,3.0,5754,933.59
221.0,36.9,44.0,1981-07-12,0,5.0,51.9,424.9,5732,940.76
261.5,38.9,45.4,1981-07-13,0,3.4,52.0,1292.4,5778,945.4
245.7,37.1,45.2,1981-07-14,0,6.4,50.3,313.8,5778,933.64
254.3,37.3,45.0,1981-07-15,1,5.1,47.2,1236.0,5774,923.73
257.1,39.5,44.4,1981-07-16,1,2.8,62.6,1541.4,5805,935.84
280.7,42.5,48.6,1981-07-17,0,4.0,72.6,1232.6,5818,995.1
249.4,40.9,45.6,1981-07-18,1,1.9000000000000004,67.7,1851.3999999999999,5808,987.59
247.0,41.3,47.4,1981-07-19,0,-1.5,65.0,2562.2000000000003,5770,982.5
242.6,39.7,44.4,1981-07-20,0,5.2,61.0,850.9,5830,931.06
215.7,33.3,42.0,1981-07-21,1,5.199999999999999,46.2,828.0999999999999,5792,935.95
221.1,36.1,47.0,1981-07-22,0,0.40000000000000036,46.5,2814.6,5758,918.73
250.8,38.1,50.0,1981-07-23,0,1.5999999999999996,43.0,-43.800000000000004,5749,889.92
259.1,38.5,46.8,1981-07-24,0,0.39999999999999947,59.9,3507.9,5803,987.56
239.4,32.9,47.0,1981-07-25,0,-2.0,60.0,4219.8,5826,987.53
221.2,34.9,46.2,1981-07-26,1,-3.5000000000000004,53.8,4290.0,5798,985.0
259.7,40.5,49.0,1981-07-27,0,-3.3000000000000003,63.5,4070.7,5783,987.56
221.1,36.3,46.8,1981-07-28,1,-6.0,57.3,4296.599999999999,5756,987.53
270.9,39.7,49.2,1981-07-29,0,-3.6999999999999997,66.6,3173.6,5825,984.94
251.9,40.5,45.6,1981-07-30,1,-2.3000000000000003,65.2,5625.4,5791,974.59
232.2,38.1,46.4,1981-07-31,1,3.5000000000000004,49.5,1141.2,5746,923.87
242.8,32.9,45.2,1981-08-01,0,2.2,53.8,1731.1999999999998,5791,983.12
188.0,32.3,42.8,1981-08-02,0,7.1,42.1,365.5,5751,903.46
271.9,35.5,44.2,1981-08-03,0,3.3000000000000003,48.6,2508.6,5795,938.34
261.2,38.7,46.8,1981-08-04,0,1.7000000000000002,50.9,943.8000000000001,5770,938.34
289.0,41.3,45.6,1981-08-05,0,4.4,60.5,1924.9,5789,947.68
251.0,32.7,47.0,1981-08-06,0,1.8000000000000007,47.6,1230.8,5769,913.48
244.2,30.7,38.6,1981-08-07,0,12.600000000000001,40.4,0.0,5782,860.42
365.0,36.7,40.0,1981-08-08,0,8.2,60.6,11.100000000000001,5796,938.29
299.7,37.3,43.6,1981-08-09,1,15.2,55.8,0.0,5843,878.41
266.0,33.7,42.4,1981-08-10,1,6.800000000000001,53.7,387.4,5842,923.65
260.2,35.7,43.2,1981-08-11,0,4.4,52.9,1126.9,5805,913.35
276.6,40.3,48.4,1981-08-12,1,-1.5,53.5,2220.4,5761,931.03
271.7,40.7,46.8,1981-08-13,0,-0.7000000000000002,58.0,997.6,5741,935.84
319.5,37.5,44.6,1981-08-14,0,5.1,56.1,2410.2999999999997,5756,935.87
305.7,37.3,43.6,1981-08-15,0,6.4,52.8,716.5999999999999,5762,949.99
215.7,26.5,42.4,1981-08-16,0,1.5999999999999996,43.8,5.900000000000006,5824,982.5
289.4,40.1,45.4,1981-08-17,1,2.7,70.9,1798.3,5836,992.6
271.2,43.9,49.2,1981-08-18,0,-3.2,56.8,4672.8,5812,930.87
240.3,36.7,47.2,1981-08-19,1,-3.6000000000000005,47.0,4821.8,5775,928.45
240.4,32.3,48.0,1981-08-24,0,-6.700000000000001,53.7,3761.6,5853,971.54
289.1,39.9,45.8,1981-08-25,1,-0.09999999999999964,62.1,769.4,5803,984.94
271.7,38.1,51.2,1981-08-26,0,-6.5,59.3,3702.0,5773,982.44
204.8,35.3,45.8,1981-08-27,0,-0.8000000000000003,52.6,1589.6000000000001,5766,972.15
215.7,36.3,45.2,1981-08-28,0,-0.39999999999999947,61.0,578.6,5815,982.44
265.2,39.9,43.0,1981-08-29,0,4.7,73.8,1241.3,5848,992.6
233.6,36.3,46.2,1981-08-30,1,-1.7999999999999998,59.1,3114.2999999999997,5800,992.6
336.4,42.3,53.0,1981-08-31,1,-5.0,60.6,3190.8,5784,992.57
240.7,39.1,45.4,1981-09-01,1,-2.1999999999999997,67.3,4749.3,5805,994.54
277.3,42.1,50.8,1981-09-02,1,-4.6,63.0,2420.1,5801,995.07
219.1,38.9,47.4,1981-09-03,0,-3.6999999999999997,58.5,2283.1,5767,992.57
314.3,42.9,52.6,1981-09-04,0,-7.300000000000001,57.2,3972.6,5731,995.1
238.8,38.3,45.8,1981-09-05,1,0.7999999999999998,64.0,1758.3000000000002,5804,985.03
293.3,42.9,51.0,1981-09-06,0,-6.199999999999999,64.0,4865.4,5772,995.07
266.7,41.9,46.0,1981-09-07,0,1.8999999999999995,72.8,1286.5,5788,997.54
246.7,35.1,41.4,1981-09-08,0,1.7000000000000002,63.0,2121.4,5802,992.57
163.1,27.1,40.4,1981-09-09,0,-2.4,48.4,2432.9,5782,985.03
209.1,34.1,43.6,1981-09-10,1,-1.9000000000000004,51.8,2720.5,5788,992.6
189.4,33.3,45.6,1981-09-11,0,-4.3,49.6,3996.4,5764,992.6
204.8,29.8,48.0,1981-09-12,1,-5.3,44.1,3117.7000000000003,5758,982.5
229.2,34.5,48.2,1981-09-13,1,-5.2,55.5,3474.2000000000003,5779,987.53
216.3,31.4,49.8,1981-09-14,1,-5.5,48.3,2365.0,5755,990.13
271.4,41.3,51.4,1981-09-15,0,-5.4,63.4,2101.9,5793,995.1
138.9,26.7,40.4,1981-09-16,0,-5.5,40.8,2782.6,5707,995.1
201.8,35.3,47.2,1981-09-17,0,-2.1000000000000005,50.2,2228.6000000000004,5764,985.09
227.6,38.3,49.4,1981-09-18,1,-5.199999999999999,56.5,3255.3,5756,987.59
299.3,40.7,50.0,1981-09-19,0,1.6000000000000005,64.5,-47.1,5825,987.63
261.0,38.1,49.0,1981-09-20,0,-1.0,58.6,3038.9,5778,985.06
232.6,37.5,49.0,1981-09-21,0,-2.8,57.3,2349.2000000000003,5793,992.63
219.1,34.1,45.6,1981-09-22,1,0.09999999999999964,56.6,1486.1000000000001,5790,977.31
206.1,32.3,43.6,1981-09-23,0,-1.6000000000000005,51.5,2281.8,5790,982.44
332.2,37.7,53.8,1981-09-24,0,-10.8,49.4,3098.4,5797,971.94
402.7,46.9,54.2,1981-09-25,1,-4.800000000000001,71.2,4271.900000000001,5817,982.38
502.5,43.9,51.8,1981-09-26,0,-0.20000000000000018,59.5,11.9,5770,985.12
263.0,39.5,47.2,1981-09-27,0,-0.7999999999999998,65.1,3197.1000000000004,5788,992.63
205.4,20.8,47.8,1981-09-28,1,-6.4,41.9,2959.5,5750,987.63
188.2,26.3,39.6,1981-09-29,1,0.2999999999999998,42.0,2034.7,5775,987.59
264.4,40.5,50.8,1981-09-30,0,-1.4000000000000004,55.7,724.0,5764,980.12
158.8,12.8,43.6,1981-10-01,0,-5.1,37.0,2703.0,5744,986.45
212.0,34.1,41.8,1981-10-02,0,2.4000000000000004,50.5,3019.8,5753,966.78
157.2,17.8,35.6,1981-10-03,0,5.7,36.8,1049.4,5764,980.03
141.3,13.4,33.4,1981-10-04,0,5.7,36.8,1566.1,5766,964.1
31.0,-0.8,21.7,1981-10-05,0,9.4,25.8,292.3,5754,972.27
42.7,13.2,16.9,1981-10-06,0,11.6,28.3,96.9,5760,969.8
48.5,7.4,21.5,1981-10-07,0,12.899999999999999,29.0,-89.5,5770,956.41
27.2,0.6,23.0,1981-10-08,0,14.399999999999999,25.4,-117.99999999999999,5782,964.52
155.3,17.2,40.6,1981-10-09,0,4.1000000000000005,34.4,80.69999999999999,5728,980.24
93.9,10.2,32.4,1981-10-10,0,6.800000000000001,29.7,107.10000000000001,5736,967.33
147.5,10.0,34.4,1981-10-11,0,19.4,35.2,0.0,5834,967.33
157.1,17.0,39.6,1981-10-12,0,3.9999999999999996,35.1,268.5,5732,982.74
179.4,28.9,43.2,1981-10-13,0,1.2999999999999998,37.9,1304.1,5715,961.69
94.5,26.3,39.6,1981-10-14,0,-4.4,36.5,2103.0,5733,955.95
159.7,29.4,45.2,1981-10-15,0,-2.0999999999999996,35.7,1166.3999999999999,5688,972.52
184.6,29.6,45.4,1981-10-16,0,-2.5,39.9,1618.8,5714,987.72
89.9,5.2,35.0,1981-10-17,0,4.9,26.9,67.9,5722,959.18
47.3,-0.6,29.6,1981-10-18,0,9.6,27.1,0.0,5740,964.77
126.4,6.6,33.8,1981-10-19,0,10.7,32.0,-22.700000000000003,5752,959.18
67.3,2.2,30.6,1981-10-20,0,9.3,25.2,-23.700000000000003,5750,967.3
133.6,5.6,34.8,1981-10-21,0,14.100000000000001,30.1,-92.2,5742,948.59
127.5,1.4,31.4,1981-10-22,0,12.9,28.7,-50.3,5752,970.08
146.7,6.4,36.4,1981-10-23,0,11.1,28.4,0.0,5749,942.73
184.1,12.0,40.6,1981-10-24,0,12.299999999999999,36.6,-104.8,5778,962.08
188.3,34.9,45.8,1981-10-25,0,4.6,42.7,-11.399999999999991,5763,959.06
150.9,30.3,44.8,1981-10-26,0,-0.7999999999999998,39.9,826.0,5696,982.77
223.1,39.1,47.6,1981-10-27,0,7.0,50.7,-193.10000000000002,5731,936.84
158.8,26.4,42.8,1981-10-28,0,3.2,36.9,139.4,5714,953.84
167.1,25.5,41.6,1981-10-29,0,10.0,39.4,0.0,5770,939.9
40.7,16.3,28.3,1981-10-30,0,10.4,22.9,0.0,5735,919.33
52.4,13.8,32.1,1981-10-31,0,6.5,22.4,0.0,5695,965.1
71.6,17.6,37.2,1981-11-01,0,5.0,24.3,0.0,5671,987.79
137.8,20.0,38.2,1981-11-02,0,15.7,27.1,0.0,5747,931.84
175.1,14.6,41.2,1981-11-03,0,8.2,32.8,0.0,5759,956.62
196.6,27.6,44.6,1981-11-04,0,2.5,41.2,616.1,5749,972.4
193.4,24.6,44.2,1981-11-05,0,0.3999999999999999,36.4,1158.7,5699,972.37
232.2,21.4,48.6,1981-11-06,0,12.8,38.5,0.0,5737,916.49
114.8,18.2,44.0,1981-11-07,0,2.4000000000000004,29.6,-151.8,5678,959.73
62.1,2.2,27.7,1981-11-08,0,13.8,22.9,-345.5,5713,954.45
54.3,5.2,26.7,1981-11-09,0,14.1,23.9,-218.4,5706,951.77
86.0,7.4,34.4,1981-11-10,0,9.5,27.8,0.0,5706,970.47
82.2,9.2,31.4,1981-11-11,0,12.2,23.9,0.0,5679,965.23
56.3,9.4,24.3,1981-11-12,0,5.2,20.0,7.299999999999997,5633,954.51
141.3,9.6,41.0,1981-11-13,0,6.1,22.0,-37.7,5622,954.7
112.1,21.0,41.6,1981-11-14,0,6.3,24.6,-195.4,5662,943.53
75.7,11.0,31.3,1981-11-15,0,17.8,19.1,0.0,5660,902.66
105.5,11.8,33.8,1981-11-16,0,20.299999999999997,29.3,0.0,5694,914.84
125.5,13.4,34.2,1981-11-17,0,17.9,33.7,0.0,5718,954.79
104.4,9.0,40.8,1981-11-18,0,11.3,24.4,0.0,5680,975.75
154.8,9.2,39.0,1981-11-19,0,15.7,31.6,0.0,5713,940.66
51.7,7.6,28.8,1981-11-20,0,18.6,26.2,0.0,5708,965.47
36.9,6.8,31.5,1981-11-21,0,18.1,18.5,0.0,5712,920.85
72.5,11.2,38.6,1981-11-22,0,14.8,19.3,0.0,5685,899.4
42.7,8.4,30.9,1981-11-23,0,22.7,18.9,0.0,5686,927.63
34.9,12.0,37.0,1981-11-24,0,17.0,15.5,0.0,5663,868.55
44.6,6.6,25.1,1981-11-25,0,25.4,18.2,0.0,5673,947.71
52.4,7.0,19.9,1981-11-26,0,24.1,15.2,0.0,5685,930.56
44.6,7.8,28.1,1981-11-27,0,24.0,17.2,0.0,5669,944.87
106.1,9.4,30.6,1981-11-28,0,21.799999999999997,20.1,-32.5,5659,976.06
54.3,10.6,31.7,1981-11-29,0,17.4,17.1,-112.5,5651,930.22
78.8,8.8,35.4,1981-11-30,0,17.0,16.6,0.0,5660,915.39
93.6,10.6,38.8,1981-12-01,0,16.6,20.6,0.0,5657,996.8
44.6,2.8,23.1,1981-12-02,0,21.9,17.8,0.0,5658,903.03
100.7,12.2,37.6,1981-12-03,0,11.600000000000001,22.4,0.0,5642,949.69
132.7,10.8,35.6,1981-12-04,0,16.9,23.0,-151.2,5646,932.91
210.3,24.4,48.0,1981-12-05,0,17.5,28.7,0.0,5693,949.75
34.9,5.2,28.5,1981-12-06,0,17.6,21.3,0.0,5678,929.92
50.4,23.4,39.3,1981-12-07,0,7.8,21.2,0.0,5643,932.85
161.8,33.1,46.8,1981-12-08,0,5.2,40.5,0.0,5674,934.98
181.0,35.5,48.0,1981-12-09,0,5.5,39.8,0.0,5645,943.59
349.2,35.5,46.6,1981-12-10,0,8.7,45.0,0.0,5682,988.02
249.1,28.9,42.0,1981-12-11,0,16.200000000000003,42.5,-4.3999999999999995,5688,975.75
138.2,23.2,38.4,1981-12-12,0,17.1,30.2,0.0,5628,978.44
114.0,9.6,32.6,1981-12-13,0,14.100000000000001,26.4,-30.999999999999996,5627,962.97
64.0,6.2,31.5,1981-12-14,0,18.4,20.3,0.0,5627,939.32
79.5,7.8,33.5,1981-12-15,0,16.2,20.7,0.0,5606,922.07
104.1,10.4,36.8,1981-12-16,0,18.5,20.8,0.0,5607,942.31
87.3,6.2,22.5,1981-12-17,0,22.1,16.6,0.0,5593,942.76
89.2,17.0,35.9,1981-12-18,0,13.5,18.3,0.0,5629,924.79
64.0,9.4,26.9,1981-12-19,0,22.5,15.5,0.0,5574,948.04
92.5,12.8,39.8,1981-12-20,0,25.5,20.7,0.0,5623,942.37
139.1,25.5,37.8,1981-12-21,0,17.1,27.7,0.0,5608,936.08
151.1,-0.4,29.6,1981-12-22,0,28.5,24.8,0.0,5626,939.32
73.7,-9.2,24.5,1981-12-23,0,28.1,20.0,0.0,5648,955.98
95.1,-6.2,20.1,1981-12-24,0,25.2,14.7,0.0,5640,870.22
79.5,-6.0,17.7,1981-12-25,0,29.299999999999997,13.7,0.0,5638,919.88
79.5,-6.0,30.0,1982-01-01,0,23.4,0.0,73.0,5638,893.86
54.3,-1.4,38.3,1982-01-05,0,12.2,18.3,0.0,5707,939.01
85.4,4.4,35.7,1982-01-06,0,12.3,19.4,0.0,5678,970.81
112.0,10.4,44.2,1982-01-07,0,9.9,22.4,0.0,5596,933.18
115.7,13.0,48.8,1982-01-08,0,5.3,23.6,-175.1,5640,941.45
154.2,14.2,46.4,1982-01-09,0,8.4,20.7,0.0,5617,935.78
217.2,17.8,50.4,1982-01-10,0,2.3,31.1,71.89999999999999,5653,990.46
243.7,17.8,51.4,1982-01-11,0,0.6999999999999997,26.3,17.999999999999986,5645,973.07
127.9,25.0,45.2,1982-01-12,0,4.7,27.4,-47.599999999999994,5604,965.56
151.4,24.6,47.0,1982-01-13,0,6.3,24.1,0.0,5596,947.07
157.3,10.2,44.6,1982-01-14,0,14.9,22.5,0.0,5631,918.72
191.5,25.8,44.8,1982-01-15,0,14.1,27.8,0.0,5633,941.73
178.5,7.6,35.8,1982-01-16,0,20.8,26.4,0.0,5626,960.53
183.3,7.0,42.4,1982-01-17,0,13.899999999999999,23.7,0.0,5631,963.33
103.5,-4.8,30.4,1982-01-18,0,26.0,17.2,0.0,5649,953.14
73.7,-6.2,21.7,1982-01-19,0,27.1,12.8,0.0,5669,897.72
146.6,10.6,37.0,1982-01-20,0,17.8,24.5,0.0,5638,950.0
79.5,-1.0,16.1,1982-01-21,0,26.9,14.6,0.0,5645,928.02
94.4,4.4,37.2,1982-01-22,0,15.8,20.8,0.0,5638,933.3
167.2,30.6,45.0,1982-01-23,0,8.1,31.5,-142.9,5639,949.33
268.9,34.2,53.8,1982-01-24,0,-6.3,31.6,1090.2,5619,985.49
122.1,12.0,47.6,1982-01-25,0,-1.3,22.9,320.6,5618,946.3
50.9,6.0,39.8,1982-01-26,0,4.6,21.1,-230.89999999999998,5636,949.33
72.9,4.4,40.4,1982-01-27,0,11.6,20.7,0.0,5657,944.29
127.3,10.2,45.2,1982-01-28,0,8.5,21.7,0.0,5626,927.05
129.4,9.8,43.4,1982-01-29,0,12.7,19.0,0.0,5641,963.27
121.5,21.6,41.2,1982-01-30,0,14.7,26.1,0.0,5651,911.85
139.8,25.8,46.6,1982-01-31,0,10.899999999999999,23.2,0.0,5609,924.55
194.3,34.2,50.6,1982-02-01,0,7.5,33.9,0.0,5607,975.89
202.6,28.9,48.8,1982-02-02,0,5.7,28.5,-50.8,5607,983.29
122.0,14.2,47.0,1982-02-03,0,4.9,22.8,-64.3,5604,949.84
169.3,31.9,48.4,1982-02-04,1,1.7,33.1,210.29999999999998,5597,962.75
300.9,31.5,54.4,1982-02-05,0,-5.1,28.8,614.0999999999999,5556,985.67
87.3,5.6,30.3,1982-02-06,0,11.600000000000001,17.0,-72.80000000000001,5569,941.91
142.1,9.0,41.6,1982-02-07,0,13.1,21.0,0.0,5569,909.77
173.3,15.2,43.0,1982-02-08,0,15.6,26.5,0.0,5619,950.18
93.6,-0.4,33.0,1982-02-09,0,20.0,16.5,0.0,5593,928.02
69.7,8.8,34.6,1982-02-10,0,16.799999999999997,19.1,0.0,5627,941.91
108.6,11.2,15.5,1982-02-11,0,32.6,16.7,0.0,5682,900.71
95.1,12.0,35.1,1982-02-12,1,14.399999999999999,12.9,0.0,5613,910.05
243.7,35.4,50.6,1982-02-13,0,-3.0999999999999996,34.3,949.4,5621,987.96
278.2,34.2,52.0,1982-02-14,0,-5.1,35.3,-0.6000000000000001,5631,995.22
200.3,20.0,50.2,1982-02-15,0,8.0,25.1,0.0,5646,920.94
136.4,24.4,48.6,1982-02-16,1,0.7999999999999999,28.3,-98.6,5617,949.36
306.5,34.2,56.0,1982-02-17,0,-11.3,30.9,1330.3,5599,983.02
391.0,36.5,58.4,1982-02-18,0,-12.100000000000001,31.4,3666.7000000000003,5589,987.9
227.4,28.8,47.2,1982-02-19,0,5.7,36.0,56.30000000000001,5673,977.95
187.9,22.2,46.4,1982-02-20,0,2.3,30.7,302.3,5621,937.48
181.3,26.2,40.4,1982-02-22,0,8.7,27.4,83.49999999999999,5643,951.61
182.6,17.8,44.2,1982-02-23,0,11.7,26.3,0.0,5636,891.71
209.7,30.8,46.2,1982-02-24,0,17.799999999999997,27.8,0.0,5642,853.38
75.7,14.0,32.5,1982-02-25,0,15.899999999999999,18.2,0.0,5619,858.02
77.6,19.8,38.3,1982-02-26,0,17.1,18.7,0.0,5621,855.09
69.8,11.4,35.5,1982-02-27,0,15.2,17.3,0.0,5652,924.42
121.7,27.9,47.0,1982-02-28,0,7.8,25.1,0.0,5668,908.49
114.5,28.4,46.2,1982-03-01,1,-3.4000000000000004,28.5,685.5,5640,968.42
330.1,33.4,55.6,1982-03-02,0,-0.4999999999999998,35.1,-117.79999999999998,5671,965.26
266.5,31.4,55.8,1982-03-03,0,-5.5,26.6,423.6,5596,949.42
239.0,22.6,52.8,1982-03-04,0,-2.4,24.8,-52.4,5579,960.28
166.9,20.2,40.8,1982-03-05,0,10.8,29.3,0.0,5632,952.26
287.4,33.0,49.8,1982-03-06,0,14.4,36.6,0.0,5661,920.94
372.6,38.4,53.0,1982-03-07,0,6.6,39.4,-118.9,5649,973.13
145.8,9.4,41.8,1982-03-08,0,7.2,25.8,0.0,5635,946.61
166.9,15.8,46.2,1982-03-09,0,8.7,27.8,0.0,5661,943.89
231.3,33.7,48.2,1982-03-10,1,3.6999999999999997,38.9,130.89999999999998,5652,946.06
193.8,34.3,49.2,1982-03-11,1,0.5,39.7,562.4,5668,987.9
431.0,39.4,59.2,1982-03-12,0,-6.8999999999999995,36.2,844.5999999999999,5620,962.33
207.7,20.6,45.2,1982-03-13,0,5.6,40.2,-2.6999999999999957,5684,980.48
73.7,5.8,28.5,1982-03-14,0,15.899999999999999,30.4,0.0,5705,940.9
69.8,3.6,25.5,1982-03-15,0,16.2,25.4,0.0,5698,918.01
154.3,13.6,49.4,1982-03-16,1,-14.5,24.5,2579.8,5652,877.24
87.9,21.0,48.2,1982-03-17,1,-8.200000000000001,27.1,1801.4,5681,995.16
116.3,24.2,44.4,1982-03-18,0,1.2999999999999998,32.5,486.4,5745,977.71
406.3,32.4,57.4,1982-03-19,0,-4.1,35.6,969.8000000000001,5683,967.39
243.0,34.8,52.2,1982-03-20,0,-4.8999999999999995,33.2,1782.9,5690,980.24
36.3,19.8,41.0,1982-03-21,0,-1.4,28.8,-91.80000000000001,5706,962.14
25.2,16.2,35.5,1982-03-22,0,8.8,21.1,0.0,5719,904.07
62.8,4.4,42.6,1982-03-23,1,-7.6000000000000005,24.3,2427.2,5684,977.58
40.7,21.2,39.7,1982-03-24,0,-5.300000000000001,21.7,1055.3,5741,947.89
144.1,31.1,48.8,1982-03-25,0,-0.20000000000000018,34.3,415.90000000000003,5724,948.35
275.2,36.8,54.6,1982-03-26,0,-8.2,35.1,2650.8999999999996,5625,937.03
183.5,12.4,51.4,1982-03-27,0,-4.6000000000000005,26.6,1272.6999999999998,5618,957.17
121.3,14.4,42.6,1982-03-28,0,4.1000000000000005,28.1,40.099999999999994,5674,956.99
31.0,2.8,37.1,1982-03-29,0,-2.5,22.0,1168.7,5672,975.23
81.9,23.2,35.8,1982-03-30,0,-0.2999999999999998,30.0,3009.7,5711,964.28
107.4,15.6,33.0,1982-03-31,0,-0.7000000000000002,25.9,4875.6,5694,966.9
136.8,17.2,38.6,1982-04-01,0,-5.1,29.2,5052.599999999999,5730,991.14
151.1,19.6,37.0,1982-04-02,0,1.6999999999999997,33.1,2462.3,5781,982.53
152.4,20.0,35.4,1982-04-03,0,3.6999999999999997,38.3,1805.3999999999999,5810,987.63
64.0,8.8,41.3,1982-04-04,0,-12.0,30.4,5031.599999999999,5745,979.9
157.8,21.2,40.2,1982-04-05,0,1.4000000000000004,40.5,7.500000000000001,5796,992.6
33.0,28.0,48.5,1982-04-06,1,-17.0,27.5,6092.2,5703,955.95
140.7,38.1,51.0,1982-04-07,1,-10.5,41.4,3149.5,5750,982.56
311.6,37.7,56.0,1982-04-08,0,-7.199999999999999,34.6,2016.6000000000001,5713,964.61
113.3,18.2,48.4,1982-04-09,0,-9.3,25.8,3155.7000000000003,5685,945.02
167.5,21.2,46.6,1982-04-10,0,-8.6,35.2,3557.3,5682,974.9
113.9,17.0,50.0,1982-04-11,0,-17.2,33.7,5238.4,5687,997.54
238.1,21.2,54.4,1982-04-12,0,-14.5,33.2,1564.6,5728,985.15
220.0,25.2,52.6,1982-04-13,1,-13.1,33.5,3765.9,5766,977.4
400.9,36.4,62.8,1982-04-14,0,-15.700000000000001,26.2,3360.9,5644,975.3
203.7,30.0,54.6,1982-04-15,1,-15.4,29.8,4274.400000000001,5693,958.91
347.1,34.4,59.8,1982-04-16,0,-12.299999999999999,32.6,2151.0,5784,975.2
394.3,35.8,60.0,1982-04-17,1,-8.3,37.5,2323.0,5727,942.49
255.6,32.2,54.4,1982-04-18,1,-11.0,36.0,2376.0,5694,972.46
138.9,24.8,48.4,1982-04-19,1,-1.6,37.0,506.70000000000005,5692,990.34
276.9,26.4,54.2,1982-04-20,1,-7.6,34.2,1808.3000000000002,5664,980.36
135.0,21.8,40.8,1982-04-21,1,-0.2999999999999998,36.2,1142.8,5737,985.18
171.0,28.2,43.0,1982-04-22,1,-1.9,42.3,1715.7,5753,974.81
162.4,32.0,49.6,1982-04-23,0,-2.0999999999999996,35.3,693.7,5760,942.06
142.7,27.6,48.6,1982-04-24,0,-8.100000000000001,37.0,2463.2000000000003,5777,963.94
104.7,22.8,47.0,1982-04-25,0,-10.3,31.7,2249.7,5764,974.69
100.0,25.4,45.8,1982-04-26,1,-11.1,36.2,2792.0,5759,977.28
197.5,32.9,48.8,1982-04-27,1,-6.1,40.5,3151.6000000000004,5786,977.28
285.4,34.6,52.0,1982-04-28,0,-1.7999999999999998,41.9,776.9000000000001,5740,969.77
127.8,28.7,41.4,1982-04-29,0,-1.5000000000000004,36.2,1158.7,5763,935.78
119.8,15.4,37.4,1982-04-30,0,4.8,31.4,247.60000000000002,5778,917.74
151.9,28.4,45.8,1982-05-01,0,-7.5,35.1,3185.7,5766,960.21
210.2,31.8,48.2,1982-05-02,0,0.0,44.5,1363.5,5803,947.25
140.3,31.7,43.4,1982-05-03,0,-3.5,41.9,2208.1,5759,958.6
81.5,21.4,35.7,1982-05-04,0,-3.2,28.5,1681.8,5785,964.07
108.6,12.6,40.5,1982-05-05,0,-9.9,18.7,1454.6000000000001,5747,938.8
75.7,1.0,36.7,1982-05-06,0,-3.4,18.2,545.4000000000001,5766,930.28
174.1,32.7,46.6,1982-05-07,0,3.0,39.4,857.6,5817,958.69
60.1,17.0,24.7,1982-05-08,0,-4.0,27.1,3833.7,5794,982.44
260.5,39.1,52.0,1982-05-09,0,-6.5,51.0,4725.0,5808,982.41
187.7,35.1,48.8,1982-05-10,1,-5.8,48.3,3579.9,5807,971.91
220.1,37.1,47.4,1982-05-11,1,-1.8000000000000003,52.0,3254.7999999999997,5838,971.91
136.5,24.4,43.2,1982-05-12,0,-7.999999999999999,42.6,3401.9,5775,979.81
367.7,39.3,54.0,1982-05-13,0,-1.1999999999999997,53.9,-150.3,5774,938.98
340.3,40.5,53.8,1982-05-14,1,-7.800000000000001,55.5,4534.299999999999,5780,974.66
174.7,24.6,48.0,1982-05-15,0,-1.5,38.5,612.9,5750,977.62
185.3,35.7,49.2,1982-05-16,1,-7.6,46.2,2420.8,5785,961.17
358.9,42.5,56.8,1982-05-17,0,-12.6,48.5,5068.6,5729,979.93
29.1,19.9,30.9,1982-05-18,0,0.0,26.0,728.6,5732,972.4
52.2,13.2,38.8,1982-05-19,0,-8.3,28.1,3037.2000000000003,5724,974.69
64.6,18.8,39.6,1982-05-20,0,-5.3,24.4,3255.5,5763,985.06
129.5,28.8,49.2,1982-05-21,1,-11.2,35.4,6469.4,5743,985.0
45.3,21.8,41.0,1982-05-22,1,-8.8,32.0,4611.9,5769,966.63
92.4,26.6,44.8,1982-05-23,0,-3.7,34.9,1120.5,5733,961.69
268.0,34.6,54.2,1982-05-24,0,-10.3,42.9,4041.6,5735,977.37
140.0,26.2,47.6,1982-05-25,0,-8.6,37.9,4964.1,5759,949.91
158.7,32.1,43.4,1982-05-26,0,-3.0,46.0,2615.2000000000003,5778,985.0
191.6,39.1,46.8,1982-05-27,0,-0.8000000000000007,62.4,2909.7,5864,971.82
155.4,33.1,43.0,1982-05-28,1,-4.8,49.1,3293.2999999999997,5779,971.88
206.6,35.3,50.6,1982-05-29,0,-0.30000000000000027,48.3,373.00000000000006,5758,987.75
56.0,6.6,34.0,1982-05-30,0,14.4,26.1,0.0,5820,741.66
165.1,23.6,49.8,1982-05-31,0,-12.3,37.9,3.3,5779,987.5
118.5,17.6,35.2,1982-06-01,0,-2.5,36.1,2930.2,5782,981.41
296.4,33.9,51.2,1982-06-02,0,-4.0,44.0,4048.4,5795,905.27
334.4,37.3,42.2,1982-06-03,0,5.8999999999999995,53.4,351.59999999999997,5765,931.25
367.6,35.8,35.6,1982-06-04,0,7.9,65.4,3365.8,5811,935.73
232.4,29.9,40.4,1982-06-05,0,1.9000000000000004,49.5,2183.7999999999997,5817,985.0
169.2,26.9,36.6,1982-06-06,0,5.1,49.9,-1.6,5830,992.57
151.7,28.3,35.8,1982-06-07,0,4.5,48.0,-14.7,5838,982.44
242.4,25.4,44.2,1982-06-08,0,2.6,49.2,784.8,5831,992.6
250.6,34.3,43.2,1982-06-09,0,4.8,52.0,916.5,5827,921.06
306.9,30.2,50.0,1982-06-10,1,0.5999999999999996,47.2,2859.4,5818,920.93
275.5,34.3,49.0,1982-06-11,1,-0.40000000000000036,47.6,1678.9,5757,928.56
288.9,32.8,51.4,1982-06-12,0,-1.3000000000000003,49.3,648.6,5789,985.15
353.2,42.9,54.6,1982-06-13,1,-9.0,44.2,4089.5,5804,902.36
234.7,38.9,49.0,1982-06-14,0,-1.0,44.4,2548.2000000000003,5758,947.71
219.2,39.3,48.8,1982-06-15,0,1.1,48.8,1810.7,5759,897.83
194.0,35.3,44.4,1982-06-16,1,3.4000000000000004,46.7,929.3,5762,945.4
202.0,27.7,43.4,1982-06-17,1,5.4,41.2,-26.900000000000002,5779,898.13
268.4,38.9,43.2,1982-06-18,1,5.5,61.1,733.1,5760,940.7
193.3,16.8,37.8,1982-06-19,1,5.1,31.9,1308.5,5765,889.29
284.8,39.9,48.6,1982-06-20,1,1.7000000000000002,49.4,1310.2,5806,921.04
282.6,42.9,48.0,1982-06-21,1,-1.5,76.3,3476.7000000000003,5876,987.44
260.4,37.9,46.8,1982-06-22,0,0.1999999999999993,66.4,2166.6,5849,992.57
155.2,26.4,43.8,1982-06-23,0,5.4,33.4,102.9,5700,921.75
201.0,35.5,44.4,1982-06-24,1,1.8999999999999995,45.2,1053.3,5754,913.7
242.9,37.5,44.6,1982-06-25,0,5.199999999999999,52.9,1050.5,5782,908.24
244.7,34.9,49.6,1982-06-26,0,2.8,41.8,725.5999999999999,5739,872.29
288.3,40.3,49.4,1982-06-27,0,-3.3,52.6,5798.2,5813,933.18
337.4,45.5,53.4,1982-06-28,0,-2.0,52.3,2311.8,5717,905.66
337.2,41.3,53.2,1982-06-29,0,-3.9999999999999996,49.2,4174.3,5751,915.96
132.3,22.6,35.8,1982-06-30,1,8.700000000000001,35.8,-15.199999999999989,5795,886.65
199.1,35.3,44.0,1982-07-01,0,-0.8999999999999995,48.9,2708.0,5754,963.83
243.0,40.3,49.2,1982-07-02,0,-2.2,49.9,2728.5,5762,900.0
231.6,37.7,49.8,1982-07-03,0,0.10000000000000009,40.3,-101.70000000000005,5786,757.2
234.3,40.5,50.2,1982-07-04,0,-1.8000000000000003,39.6,2455.7,5769,791.95
172.7,31.7,40.0,1982-07-05,0,-4.699999999999999,39.1,5788.6,5798,899.34
335.4,42.9,51.8,1982-07-06,0,-2.2,58.3,19.5,5811,950.01
202.7,34.1,45.8,1982-07-07,0,1.4000000000000004,51.1,1715.4,5849,979.81
192.7,37.5,46.4,1982-07-08,0,-2.7,49.4,1.5,5784,985.03
101.1,24.9,37.4,1982-07-09,0,-1.1000000000000005,36.9,2942.5,5786,977.28
222.6,35.1,47.0,1982-07-10,0,-3.8,55.4,2233.7,5800,977.28
356.3,45.7,51.2,1982-07-11,0,3.8999999999999995,72.7,13.200000000000001,5828,985.03
258.2,37.3,41.2,1982-07-12,1,5.300000000000001,65.7,4.700000000000001,5836,982.5
278.8,40.1,44.2,1982-07-13,0,5.300000000000001,71.2,1041.6,5841,995.1
272.6,39.1,44.2,1982-07-14,0,2.5999999999999996,68.3,1731.8,5820,992.6
215.3,35.1,43.2,1982-07-15,0,0.2999999999999998,46.9,3397.4,5774,923.54
254.6,38.9,49.4,1982-07-16,0,-4.8,52.4,5089.0,5778,938.23
272.1,40.7,50.2,1982-07-17,0,-0.7000000000000002,50.0,0.0,5760,950.01
309.4,35.9,42.0,1982-07-18,0,6.7,52.5,1765.4,5775,949.99
277.7,31.1,41.4,1982-07-19,0,1.7999999999999998,50.4,2516.7000000000003,5807,935.81
308.1,31.4,37.4,1982-07-20,1,10.5,48.8,185.20000000000002,5831,938.29
271.2,36.7,44.6,1982-07-21,1,2.1,62.6,1773.5,5824,987.56
266.9,39.5,43.0,1982-07-22,1,3.2,69.4,1924.0,5796,987.63
286.5,44.5,48.6,1982-07-23,0,0.7999999999999998,75.1,2190.6,5815,992.6
141.5,24.0,37.4,1982-07-24,0,1.9,42.5,1188.5,5783,990.13
252.3,40.9,47.2,1982-07-25,1,0.0,62.7,1898.3,5785,982.47
251.6,34.1,41.6,1982-07-26,1,7.800000000000001,46.3,-122.30000000000001,5800,859.57
254.1,40.9,43.2,1982-07-27,0,4.300000000000001,62.7,1577.7,5788,938.29
268.7,38.7,40.0,1982-07-28,1,4.699999999999999,65.7,19.7,5765,950.01
250.5,33.8,35.2,1982-07-29,0,13.8,59.6,31.1,5785,947.71
268.3,37.7,44.0,1982-07-30,1,1.2000000000000002,54.1,2994.6,5766,935.81
269.6,42.3,46.4,1982-07-31,1,1.7999999999999998,62.9,2459.2000000000003,5770,945.34
281.2,40.5,47.4,1982-08-01,1,2.5,71.1,1366.6999999999998,5778,986.66
281.5,38.7,43.2,1982-08-02,1,6.0,57.5,454.4,5730,949.99
287.8,39.3,44.4,1982-08-03,0,10.2,55.9,0.0,5781,931.34
216.3,39.1,45.6,1982-08-04,0,1.5000000000000004,60.0,781.7,5790,980.0
268.2,39.3,46.0,1982-08-05,1,1.7000000000000002,70.7,24.800000000000004,5826,982.44
211.5,34.9,44.0,1982-08-06,1,4.300000000000001,43.2,841.6,5745,900.47
236.5,30.7,40.4,1982-08-07,0,6.4,48.7,39.0,5783,931.12
264.9,40.9,45.0,1982-08-08,0,3.1999999999999997,61.4,1789.3,5797,949.99
246.9,39.3,43.4,1982-08-09,0,6.000000000000001,59.5,1033.5,5811,935.95
242.7,41.5,46.2,1982-08-10,1,2.6999999999999997,54.0,1682.0,5777,916.15
266.0,33.7,38.4,1982-08-11,0,10.3,48.8,921.2,5813,931.06
287.8,33.9,42.2,1982-08-12,1,6.299999999999999,48.8,14.8,5760,935.98
284.4,38.9,44.8,1982-08-13,1,0.7999999999999998,57.3,3348.3,5765,949.99
242.2,38.7,47.4,1982-08-14,0,4.7,51.1,525.6999999999999,5740,949.99
209.0,35.5,43.4,1982-08-15,0,5.5,46.4,404.8,5777,926.34
50.3,18.9,28.4,1982-08-16,1,4.800000000000001,40.4,1138.1,5781,938.42
233.1,32.5,48.0,1982-08-17,1,-2.500000000000001,42.7,833.6,5751,949.99
307.4,39.3,46.2,1982-08-18,1,5.9,57.3,984.8,5807,940.7
295.8,41.1,45.6,1982-08-19,0,6.4,59.6,2035.8999999999999,5800,935.95
280.3,38.3,41.8,1982-08-20,1,7.1,61.3,1373.6,5813,949.99
256.7,37.5,45.8,1982-08-21,0,6.0,49.0,331.9,5772,926.31
222.0,40.3,49.0,1982-08-22,1,-2.3,49.5,3304.9,5721,933.59
289.1,41.9,46.0,1982-08-23,0,4.1,59.9,1351.6,5780,935.92
249.5,40.5,46.6,1982-08-24,0,2.3,53.9,925.3,5772,921.28
287.2,44.9,50.2,1982-08-25,1,2.2,65.4,2445.4,5862,918.46
223.5,36.1,46.4,1982-08-26,1,-0.8999999999999995,46.3,2259.7000000000003,5803,918.51
292.2,36.9,44.6,1982-08-27,0,2.8000000000000003,59.6,818.2,5814,987.59
288.3,35.5,39.6,1982-08-28,0,9.1,55.8,47.4,5804,935.98
263.9,39.7,45.0,1982-08-29,0,4.1,52.8,1629.6,5768,949.99
260.9,34.3,45.2,1982-08-30,0,0.2999999999999998,45.1,2295.3,5763,949.99
249.6,37.3,45.8,1982-08-31,0,-3.2,56.7,3886.4,5785,987.56
237.0,39.9,48.6,1982-09-01,0,-4.4,56.7,3888.3999999999996,5777,998.57
185.0,29.9,41.0,1982-09-02,0,1.0999999999999996,45.9,1945.4,5812,985.0
204.2,28.4,43.6,1982-09-03,0,-2.6999999999999997,53.1,3028.7,5786,982.41
215.3,33.7,47.2,1982-09-04,0,-6.4,55.4,4233.4,5803,992.54
231.2,36.3,43.8,1982-09-05,1,3.8,60.2,910.5,5785,995.13
217.9,29.9,44.2,1982-09-06,1,-3.0,50.3,2508.9,5780,985.03
208.7,33.1,42.0,1982-09-07,0,-0.5,53.2,2070.6,5840,977.22
254.4,36.1,46.6,1982-09-08,0,-0.7000000000000002,55.1,2043.2999999999997,5800,995.07
276.2,41.1,48.2,1982-09-09,0,-1.8999999999999995,56.6,3452.2000000000003,5791,915.9
330.3,38.5,43.0,1982-09-10,0,7.6,73.1,854.6,5867,985.03
266.6,35.9,40.8,1982-09-11,0,2.5,58.7,1801.8999999999999,5795,979.9
288.2,38.5,46.4,1982-09-12,0,0.5,63.1,2364.0,5796,985.06
269.9,33.1,41.2,1982-09-13,0,3.5999999999999996,59.0,1804.1,5806,977.28
288.6,41.3,47.6,1982-09-14,1,1.4000000000000004,68.1,1951.7,5849,995.1
253.1,36.7,45.6,1982-09-15,0,-0.9000000000000004,59.9,2886.3,5806,985.06
211.0,20.2,42.6,1982-09-16,0,-2.0,43.5,4384.1,5809,987.5
198.6,35.1,46.8,1982-09-17,0,-5.6,49.4,5545.1,5776,979.78
83.2,16.8,35.6,1982-09-18,0,-4.5,31.4,3265.6,5721,979.9
115.3,28.0,44.6,1982-09-19,0,-3.8,38.5,2238.0,5750,982.56
44.8,16.2,34.0,1982-09-20,0,-1.7999999999999998,36.5,3746.5,5770,992.6
160.0,23.6,38.8,1982-09-21,0,3.4000000000000004,42.8,1997.7,5785,987.63
163.5,28.9,36.2,1982-09-22,0,4.5,46.0,1949.1999999999998,5806,987.56
163.9,34.9,43.4,1982-09-23,0,-3.6999999999999997,40.4,4399.6,5744,966.66
94.3,26.4,38.8,1982-09-24,0,-1.7000000000000002,31.6,1921.7,5762,966.81
144.2,25.6,42.6,1982-09-25,0,-1.9,37.3,2596.1,5745,980.03
206.1,31.0,43.4,1982-09-26,1,0.1999999999999993,47.5,3002.8,5772,985.06
218.7,35.3,43.6,1982-09-27,0,1.6,53.6,1900.9,5783,985.09
226.8,35.1,41.0,1982-09-28,0,3.6000000000000005,59.8,611.5,5796,982.59
245.8,33.7,40.6,1982-09-29,0,12.399999999999999,53.7,0.0,5821,944.96
171.8,30.9,38.2,1982-09-30,0,3.0999999999999996,39.4,-62.199999999999996,5778,969.53
105.0,10.6,38.6,1982-10-01,0,-6.6,34.5,4301.7,5709,988.38
67.6,6.6,36.0,1982-10-02,0,3.2,28.1,1256.6,5696,975.14
118.6,7.0,36.8,1982-10-03,0,2.9000000000000004,30.2,734.1999999999999,5741,961.78
165.9,16.4,50.2,1982-10-04,0,-10.799999999999999,29.9,4158.5,5692,969.65
174.6,18.8,46.6,1982-10-05,0,-4.300000000000001,39.2,3384.4,5730,982.62
171.2,33.5,44.4,1982-10-06,0,-3.6999999999999997,41.6,3809.9,5735,972.12
190.4,21.8,51.4,1982-10-07,0,-14.8,33.0,6255.8,5679,972.15
251.6,22.4,52.2,1982-10-08,0,-10.700000000000001,37.9,4396.6,5711,974.78
218.8,34.2,50.2,1982-10-09,1,-9.0,40.8,3717.9,5729,980.0
316.5,39.9,55.0,1982-10-10,0,-14.0,46.2,4946.5,5684,979.97
380.3,27.4,56.6,1982-10-11,0,-2.8999999999999995,38.3,728.3,5706,972.55
135.8,26.8,49.2,1982-10-12,0,-4.9,35.1,1907.2,5713,980.18
107.4,21.2,37.6,1982-10-13,0,1.4999999999999996,36.6,1150.5,5750,972.31
140.9,30.4,44.0,1982-10-14,0,0.10000000000000009,35.9,1294.1,5735,977.58
25.2,12.6,38.0,1982-10-15,0,-2.0,29.2,1473.5,5713,972.49
75.6,30.3,41.0,1982-10-16,0,-1.8999999999999995,48.2,1911.1000000000001,5757,956.1
250.9,39.1,50.4,1982-10-17,0,3.5,54.3,101.20000000000002,5785,972.37
266.7,35.9,52.8,1982-10-18,0,-3.6000000000000005,48.6,1079.6,5768,947.74
76.1,20.6,45.8,1982-10-19,0,-4.4,30.8,1344.1,5723,972.49
229.1,27.8,50.6,1982-10-20,0,-2.3,38.1,1477.9,5757,969.71
169.7,30.7,45.0,1982-10-21,0,0.3999999999999999,41.2,798.7,5740,969.71
180.0,25.6,42.8,1982-10-22,1,0.7000000000000002,41.4,846.9,5755,982.65
273.0,36.9,48.2,1982-10-23,0,-1.4,53.4,1666.6000000000001,5764,985.15
162.9,20.4,41.0,1982-10-25,0,5.1000000000000005,31.2,32.00000000000001,5691,980.42
145.8,30.6,43.6,1982-10-26,0,2.4999999999999996,34.3,297.8,5686,982.89
125.5,19.2,43.8,1982-10-27,0,-5.4,33.2,3162.8,5662,987.75
120.9,12.2,41.0,1982-10-28,0,-1.1999999999999997,30.2,1461.9,5682,985.34
164.5,11.0,39.6,1982-10-29,0,10.0,32.1,0.0,5762,964.77
64.7,2.8,33.4,1982-10-30,0,4.199999999999999,26.9,157.8,5783,982.8
156.5,11.4,39.8,1982-10-31,0,7.6,29.2,-148.5,5730,964.86
89.1,9.2,42.8,1982-11-01,0,2.5,29.2,-12.0,5716,997.27
103.0,13.8,45.6,1982-11-02,0,-0.10000000000000009,27.9,352.2,5689,967.61
29.1,17.6,38.5,1982-11-03,0,1.7,26.1,210.2,5700,956.86
87.4,18.8,43.2,1982-11-04,0,-1.5,26.1,532.0,5646,962.36
42.7,13.8,37.1,1982-11-05,0,1.9000000000000001,19.1,-125.19999999999999,5646,922.84
186.8,17.4,46.6,1982-11-06,0,4.3999999999999995,35.0,-137.9,5709,977.92
65.7,8.0,33.8,1982-11-07,0,3.4,23.9,571.0,5658,975.3
122.3,14.0,38.0,1982-11-08,0,11.7,25.6,0.0,5682,922.99
110.8,10.8,35.2,1982-11-09,0,6.1,34.4,99.6,5689,982.86
212.1,26.4,43.4,1982-11-10,1,0.7000000000000002,42.1,733.9000000000001,5683,975.23
277.0,38.5,51.0,1982-11-11,0,1.7999999999999998,44.7,163.3,5672,995.22
148.7,28.1,37.4,1982-11-12,0,12.0,41.6,18.2,5687,983.05
147.7,4.4,32.6,1982-11-13,0,14.5,34.1,0.0,5709,990.46
175.8,7.0,35.6,1982-11-14,0,18.3,39.1,0.0,5730,975.66
149.9,4.6,33.0,1982-11-15,0,12.0,32.5,114.69999999999999,5662,970.44
122.9,4.4,29.2,1982-11-16,0,18.9,31.0,0.0,5735,962.6
101.8,3.8,27.8,1982-11-17,0,20.6,32.6,0.0,5750,970.5
118.4,4.2,32.0,1982-11-18,0,15.5,34.5,0.0,5769,970.23
118.4,3.2,31.8,1982-11-19,0,15.3,31.3,-40.8,5734,970.41
153.4,13.0,41.4,1982-11-20,0,5.6,33.4,-342.0,5741,899.52
129.1,9.0,35.4,1982-11-21,0,18.0,28.5,0.0,5738,952.04
162.2,13.2,39.0,1982-11-22,0,14.9,27.8,0.0,5714,968.03
231.6,30.4,50.8,1982-11-23,0,-3.0999999999999996,34.8,652.7,5647,970.29
57.2,16.6,41.6,1982-11-24,0,3.1999999999999997,25.8,-121.60000000000001,5641,962.69
50.4,10.2,35.8,1982-11-25,0,16.2,19.6,0.0,5633,837.97
102.0,16.0,38.6,1982-11-26,0,16.4,21.5,0.0,5611,889.82
151.0,29.0,45.0,1982-11-27,0,4.4,31.5,14.399999999999991,5636,965.38
101.9,5.8,30.4,1982-11-28,0,20.7,25.2,0.0,5642,935.9
79.5,-3.0,18.7,1982-11-29,0,32.2,18.9,0.0,5650,870.1
75.7,3.0,29.8,1982-11-30,0,26.9,16.8,0.0,5628,874.19
81.5,-7.2,11.5,1982-12-01,0,41.8,24.8,0.0,5699,1003.29
79.5,-3.6,21.9,1982-12-02,0,32.8,22.0,0.0,5709,925.13
87.3,-0.4,23.7,1982-12-03,0,26.3,18.5,0.0,5651,934.19
113.7,-0.4,30.8,1982-12-04,0,19.200000000000003,27.1,0.0,5719,904.92
89.2,-0.4,21.7,1982-12-05,0,26.4,20.3,0.0,5676,853.38
71.8,-1.8,25.6,1982-12-06,0,29.7,21.7,0.0,5665,934.01
93.1,-5.4,19.7,1982-12-07,0,36.5,19.5,0.0,5683,818.98
64.0,-1.8,19.5,1982-12-08,0,29.4,20.9,0.0,5701,849.96
50.4,-7.2,20.2,1982-12-09,0,38.9,26.7,0.0,5764,939.35
73.7,-3.4,27.0,1982-12-10,0,34.7,21.2,0.0,5715,910.66
48.5,-2.0,28.5,1982-12-11,0,21.9,23.1,0.0,5693,915.48
174.9,0.4,30.6,1982-12-12,0,28.299999999999997,34.2,0.0,5773,932.66
102.3,0.8,32.8,1982-12-13,0,19.0,29.9,0.0,5725,973.31
81.5,11.8,38.2,1982-12-14,0,12.6,23.2,0.0,5662,949.69
97.7,16.6,34.8,1982-12-15,0,19.4,28.2,0.0,5685,973.46
174.6,27.6,42.0,1982-12-16,0,13.9,30.6,0.0,5667,973.28
175.5,13.0,41.4,1982-12-17,0,7.5,30.6,16.699999999999996,5659,967.91
187.2,13.8,40.6,1983-01-01,0,16.8,0.0,-5.8,5671,984.74
122.6,24.3,40.4,1983-01-02,0,19.8,23.3,0.0,5586,963.85
87.3,17.9,26.1,1983-01-03,0,17.6,17.4,-108.2,5549,936.87
73.7,16.0,28.1,1983-01-04,0,22.0,16.6,0.0,5557,964.13
91.2,15.0,23.9,1983-01-05,0,20.1,15.7,0.0,5569,950.91
118.3,-1.0,24.4,1983-01-06,0,32.2,18.3,0.0,5623,986.13
87.3,5.6,29.1,1983-01-07,0,31.299999999999997,16.4,0.0,5554,948.93
154.7,8.4,26.8,1983-01-08,0,32.0,24.5,0.0,5656,961.14
91.2,-1.3,21.1,1983-01-09,0,27.4,19.2,0.0,5671,899.09
238.7,6.6,36.2,1983-01-10,0,22.8,30.7,0.0,5681,975.85
75.7,-4.4,14.5,1983-01-11,0,33.3,11.2,0.0,5655,843.49
143.3,2.8,29.6,1983-01-12,0,35.7,17.3,0.0,5632,908.22
213.2,14.6,42.4,1983-01-13,0,18.8,25.4,0.0,5603,924.79
149.7,8.6,35.4,1983-01-14,0,21.3,22.6,0.0,5629,930.65
160.2,9.6,39.8,1983-01-15,0,16.7,24.0,0.0,5609,955.73
155.9,16.2,35.8,1983-01-16,0,19.9,25.5,0.0,5653,947.13
169.2,7.2,41.8,1983-01-17,0,7.9,30.3,14.600000000000001,5663,983.11
79.5,-3.2,32.5,1983-01-18,0,9.2,17.2,0.0,5639,957.78
110.6,-2.2,26.1,1983-01-19,0,24.799999999999997,14.6,0.0,5633,945.3
178.8,32.9,46.8,1983-01-20,0,14.4,31.9,0.0,5602,921.68
115.4,16.8,46.0,1983-01-21,0,10.7,23.8,0.0,5573,922.23
56.3,0.8,29.1,1983-01-22,0,24.7,23.8,0.0,5604,934.52
48.5,4.4,26.3,1983-01-23,0,23.1,23.1,0.0,5642,901.08
127.3,16.8,46.0,1983-01-24,0,9.8,22.5,0.0,5643,927.35
44.6,9.0,32.5,1983-01-25,0,12.6,11.2,0.0,5579,867.05
70.8,9.5,49.8,1983-01-26,0,-0.4,17.7,-198.3,5546,944.6
83.2,0.0,36.8,1983-01-27,0,17.6,18.9,0.0,5632,927.69
84.4,12.4,36.8,1983-01-28,0,20.3,22.1,0.0,5637,915.54
211.4,31.4,50.6,1983-01-29,1,-1.9999999999999998,30.6,281.40000000000003,5603,983.17
209.9,30.2,49.2,1983-01-30,0,-6.1000000000000005,36.1,1341.6,5635,997.6
169.9,9.1,29.4,1983-01-31,0,16.2,24.8,17.0,5593,970.78
160.4,22.9,33.4,1983-02-01,0,22.2,24.5,0.0,5576,936.8
122.9,20.1,28.8,1983-02-02,0,26.7,25.4,0.0,5627,887.13
100.9,21.9,36.5,1983-02-03,0,17.9,18.9,0.0,5538,860.09
108.6,10.3,37.5,1983-02-04,0,21.0,17.9,0.0,5540,882.06
120.2,8.9,37.2,1983-02-05,0,17.6,16.5,0.0,5537,891.46
73.7,7.9,37.5,1983-02-06,0,20.1,15.4,0.0,5548,929.24
72.7,19.9,39.8,1983-02-07,0,16.3,16.3,0.0,5558,863.33
71.8,23.4,34.3,1983-02-08,1,21.3,22.9,0.0,5614,805.62
198.4,24.2,48.8,1983-02-09,0,7.800000000000001,28.4,0.0,5612,968.4
177.4,18.8,45.0,1983-02-10,0,12.100000000000001,31.5,0.0,5630,973.5
170.7,28.4,47.8,1983-02-11,0,9.5,25.3,0.0,5608,915.48
192.8,18.2,40.4,1983-02-12,0,16.8,29.9,0.0,5650,952.41
104.4,11.8,37.8,1983-02-13,0,17.8,27.8,0.0,5655,927.47
188.9,26.8,42.4,1983-02-14,0,7.7,37.5,-80.3,5689,985.49
85.4,23.8,42.9,1983-02-15,0,-3.0999999999999996,26.9,720.3,5668,964.86
229.7,22.6,49.0,1983-02-16,0,4.6000000000000005,30.0,-291.2,5683,928.79
220.8,28.0,48.6,1983-02-17,0,1.0999999999999999,31.3,433.9,5673,964.92
231.3,31.8,49.0,1983-02-18,1,3.7,40.4,-4.299999999999983,5671,967.61
233.4,32.4,50.4,1983-02-19,0,-2.4,35.1,475.9,5626,985.52
157.4,19.8,46.4,1983-02-20,0,6.8,22.9,0.0,5592,947.07
171.2,26.8,44.0,1983-02-21,0,10.399999999999999,30.8,-180.4,5653,949.42
295.2,29.8,51.0,1983-02-22,0,5.3,33.6,-177.6,5630,957.63
132.5,27.0,45.8,1983-02-23,0,1.6,25.9,183.6,5600,943.8
121.2,23.2,42.6,1983-02-24,1,2.5,30.6,64.1,5644,965.13
317.3,35.8,54.0,1983-02-25,0,-3.4,36.6,750.6,5601,980.58
107.2,26.2,44.8,1983-02-26,0,3.6,28.1,4.700000000000003,5621,973.13
119.5,19.0,45.2,1983-02-27,0,-3.9000000000000004,26.3,740.7,5630,978.01
112.5,4.4,34.1,1983-02-28,0,15.8,17.7,0.0,5647,882.8
75.7,8.6,30.9,1983-03-01,0,12.5,15.9,0.0,5661,986.03
97.0,17.2,39.1,1983-03-02,1,-10.1,25.5,3034.6,5649,987.75
411.0,41.3,57.6,1983-03-03,0,-6.6000000000000005,50.0,966.6000000000001,5765,990.22
254.5,33.2,50.0,1983-03-04,1,2.9999999999999996,39.3,445.1,5668,982.93
228.5,37.5,50.2,1983-03-05,0,3.4,41.0,206.00000000000003,5708,948.44
317.5,30.2,54.2,1983-03-06,0,-0.10000000000000009,30.5,-43.19999999999999,5653,940.66
182.5,23.4,40.2,1983-03-07,0,8.2,35.2,128.4,5673,997.63
164.0,14.2,38.4,1983-03-08,0,7.8999999999999995,27.6,-23.7,5710,987.93
73.7,5.6,33.3,1983-03-09,0,0.6000000000000001,25.4,-5.1000000000000005,5717,980.24
120.8,17.8,48.8,1983-03-10,0,-8.8,27.3,1941.7000000000003,5707,959.12
282.1,29.8,54.6,1983-03-11,0,-6.8,34.0,1275.4,5750,990.25
94.5,17.0,48.8,1983-03-12,0,-7.1,21.0,1400.6,5691,936.84
164.7,21.0,46.0,1983-03-13,0,-5.6,27.3,1852.0,5727,967.03
98.9,14.0,43.0,1983-03-14,0,6.8999999999999995,16.3,0.0,5709,762.89
122.2,20.4,45.7,1983-03-15,0,-4.8999999999999995,28.1,817.3,5713,985.4
118.3,21.6,42.9,1983-03-16,0,-12.1,21.9,1573.9,5683,975.05
40.7,-4.4,34.9,1983-03-17,0,4.5,20.9,0.0,5691,948.93
87.5,21.2,42.6,1983-03-18,1,-5.2,30.9,5.4,5699,987.75
198.9,29.4,51.2,1983-03-19,1,-12.100000000000001,34.1,14.700000000000001,5700,985.15
269.3,34.5,51.6,1983-03-20,1,1.4999999999999998,40.9,153.10000000000002,5723,945.51
309.0,24.2,52.0,1983-03-21,1,-5.7,35.4,1162.0,5720,972.43
98.9,23.8,40.4,1983-03-22,0,-6.1000000000000005,29.6,5.000000000000001,5701,977.65
76.6,21.2,37.6,1983-03-23,0,12.8,18.4,0.0,5651,929.92
64.0,13.0,19.3,1983-03-24,0,13.2,15.9,0.0,5703,750.38
56.3,22.8,29.7,1983-03-25,0,10.9,17.9,0.0,5672,960.28
72.1,13.4,37.8,1983-03-26,0,-3.2,24.4,1850.2,5803,914.11
85.8,21.6,43.4,1983-03-27,0,-7.8999999999999995,30.1,3456.8999999999996,5718,974.9
69.8,16.4,43.7,1983-03-28,0,-12.100000000000001,27.3,4580.9,5707,982.59
195.0,28.0,50.4,1983-03-29,0,-8.2,35.6,2080.4,5716,985.18
156.9,26.0,50.0,1983-03-30,0,-13.8,37.0,3559.8,5697,977.4
56.3,-3.0,35.4,1983-03-31,0,0.6999999999999997,25.9,1057.6,5748,975.02
161.9,27.2,49.0,1983-04-01,0,-6.5,36.6,3194.1,5708,987.26
109.1,28.8,48.8,1983-04-02,0,-11.399999999999999,35.8,5115.0,5724,972.18
69.8,16.8,45.9,1983-04-03,0,-12.7,27.2,4341.6,5729,985.12
64.0,23.8,47.1,1983-04-04,0,-17.9,28.4,3349.3,5747,985.03
127.7,22.6,47.3,1983-04-05,0,-18.6,24.6,5222.0,5686,961.35
133.7,25.6,45.2,1983-04-06,0,-4.7,30.0,1986.7999999999997,5758,947.62
67.9,15.0,40.5,1983-04-07,0,-1.0,17.9,224.5,5730,933.94
115.9,24.6,47.6,1983-04-08,0,-8.200000000000001,29.7,2017.1000000000001,5758,958.69
85.4,18.8,46.5,1983-04-09,1,-10.2,19.0,1263.1999999999998,5721,918.23
445.3,36.8,58.8,1983-04-10,1,-16.2,40.3,3981.1000000000004,5721,995.13
122.0,21.8,43.0,1983-04-11,0,-7.1000000000000005,35.3,2512.3,5734,990.19
66.4,21.4,40.8,1983-04-12,1,4.199999999999999,21.6,0.0,5732,882.98
128.1,24.6,42.4,1983-04-13,1,-12.1,38.7,-23.8,5749,940.93
144.0,23.0,38.2,1983-04-14,0,5.300000000000001,36.0,598.0,5768,980.24
205.1,34.5,45.6,1983-04-15,0,5.0,39.9,242.20000000000002,5721,942.49
166.7,32.9,41.8,1983-04-16,0,9.4,44.3,0.0,5692,946.0
212.3,29.6,49.6,1983-04-17,0,2.2,36.3,343.59999999999997,5707,956.68
129.2,30.9,47.4,1983-04-18,0,1.7,31.3,-171.20000000000002,5699,893.39
426.2,37.6,57.6,1983-04-19,0,-1.4999999999999998,41.5,609.4,5711,933.94
228.7,33.1,47.4,1983-04-20,0,4.1,43.6,421.9,5762,942.21
87.3,15.8,40.9,1983-04-21,0,-0.3999999999999999,21.5,211.49999999999997,5674,942.89
135.5,10.4,45.0,1983-04-22,1,-8.6,30.5,2703.2,5698,972.24
97.8,22.8,43.6,1983-04-23,0,-8.9,31.5,2811.6,5744,966.78
346.9,37.4,55.4,1983-04-24,1,-14.0,36.4,3716.7000000000003,5702,964.13
178.0,19.2,50.2,1983-04-25,1,-2.5999999999999996,33.9,2034.0,5724,974.96
274.0,30.4,50.4,1983-04-26,1,-0.9000000000000004,45.0,2094.5,5731,987.69
191.1,28.2,45.0,1983-04-27,0,-0.2999999999999998,41.4,6.500000000000001,5718,982.65
502.2,38.3,52.4,1983-04-28,1,-0.5999999999999996,53.0,492.4,5840,972.03
509.2,38.1,54.2,1983-04-29,0,-4.4,48.8,303.7,5828,974.66
99.5,15.2,48.0,1983-04-30,1,-6.5,37.1,3307.6,5841,972.03
427.7,35.6,56.4,1983-05-01,1,-7.8999999999999995,52.0,3450.9,5773,970.31
460.2,30.4,52.4,1983-05-02,1,-9.6,37.9,-14.2,5737,955.8
415.5,41.3,54.4,1983-05-03,0,6.800000000000001,58.9,-249.20000000000002,5806,980.24
326.9,35.6,53.0,1983-05-04,0,-8.399999999999999,47.1,0.5000000000000004,5749,982.47
132.9,18.2,44.0,1983-05-05,0,-4.699999999999999,36.3,3419.0,5759,963.97
311.2,38.1,54.6,1983-05-06,0,-7.699999999999999,53.2,3220.5,5825,979.87
209.5,34.9,51.2,1983-05-07,1,-7.0,43.3,2986.0,5752,985.06
329.4,31.0,54.4,1983-05-08,0,-1.5,37.9,394.2,5783,939.22
415.8,31.8,58.2,1983-05-09,1,-1.2000000000000002,36.0,21.69999999999999,5763,964.68
187.3,35.7,46.0,1983-05-10,1,7.5,46.5,-270.2,5791,951.03
188.1,28.6,47.8,1983-05-11,1,-3.4000000000000004,43.4,1939.6,5764,990.16
438.0,44.5,56.6,1983-05-12,1,-1.2999999999999998,55.1,1380.0,5763,995.13
140.1,24.2,45.4,1983-05-13,0,2.6000000000000005,34.8,179.29999999999998,5723,985.34
200.2,36.9,44.0,1983-05-14,1,-2.1,47.5,14.0,5757,997.54
252.9,38.3,48.2,1983-05-15,1,3.0999999999999996,53.5,1431.6,5810,987.63
154.9,21.6,40.6,1983-05-24,0,-1.0,46.6,821.1,5812,856.49
96.9,9.2,37.4,1983-05-25,0,-6.0,34.6,3479.2000000000003,5743,992.6
68.4,22.7,34.4,1983-05-26,0,2.1999999999999997,33.7,850.8,5776,974.84
80.6,2.0,31.2,1983-05-27,0,-1.6000000000000005,33.6,2684.5,5779,971.91
223.4,21.8,43.0,1983-05-28,0,3.9999999999999996,40.5,1685.8,5838,848.72
163.4,25.0,41.8,1983-05-29,1,3.0999999999999996,30.1,1107.9,5820,877.23
231.9,38.1,50.6,1983-05-30,0,-7.0,38.6,5106.5,5794,902.36
35.2,4.6,35.4,1983-05-31,0,-7.3999999999999995,24.0,3859.3,5757,961.01
158.6,21.8,40.6,1983-06-01,0,-5.8,46.4,4706.4,5763,989.45
202.0,31.7,40.8,1983-06-02,0,-1.4000000000000004,51.0,3650.7,5797,982.38
260.5,25.4,49.8,1983-06-03,1,-2.5,59.8,2966.4,5845,987.5
242.2,16.2,43.4,1983-06-04,1,2.6000000000000005,48.1,-19.4,5826,982.47
220.5,33.9,45.0,1983-06-05,0,0.7000000000000002,50.1,3158.6,5807,928.4
121.4,17.0,40.4,1983-06-06,0,2.3999999999999995,26.5,950.0000000000001,5757,875.0
37.2,15.8,35.6,1983-06-07,0,7.9,22.8,-598.4000000000001,5751,768.77
315.9,34.3,52.2,1983-06-08,1,-8.200000000000001,43.5,5300.8,5809,910.33
48.5,18.4,42.1,1983-06-09,1,-8.0,23.0,1583.0,5724,923.93
162.6,25.2,49.6,1983-06-10,1,-3.3,40.6,542.0999999999999,5766,985.21
282.3,42.1,46.8,1983-06-27,1,3.9,58.4,949.6,5763,935.98
263.4,40.1,47.6,1983-06-28,0,7.9,54.1,-121.1,5753,887.06
252.9,37.9,44.2,1983-06-29,0,4.199999999999999,56.3,371.40000000000003,5777,892.12
237.3,36.5,42.6,1983-06-30,0,2.1999999999999997,65.4,1448.3000000000002,5801,987.59
275.4,39.3,44.6,1983-07-01,0,3.7,69.4,1050.5,5791,995.59
223.7,34.1,44.2,1983-07-02,0,-3.0,53.6,2445.2000000000003,5779,982.44
235.5,39.1,44.2,1983-07-05,0,-2.3000000000000003,66.1,2822.1,5818,960.86
237.5,38.5,46.6,1983-07-06,1,-3.2,56.0,1803.0,5769,982.53
285.8,41.3,50.8,1983-07-07,1,5.5,46.8,-131.6,5762,915.15
223.9,39.1,45.8,1983-07-08,0,-1.5,50.2,3357.7999999999997,5752,926.09
256.9,35.1,43.8,1983-07-10,0,-2.3999999999999995,57.5,2401.1,5765,987.59
269.3,36.5,46.4,1983-07-11,0,-1.4000000000000004,62.3,2685.4,5809,992.6
197.1,28.3,42.6,1983-07-12,0,-2.3000000000000003,49.3,3464.0,5800,982.47
225.0,27.1,42.2,1983-07-13,0,0.39999999999999947,54.2,1987.8999999999999,5816,974.59
159.6,26.9,39.8,1983-07-14,0,-2.9999999999999996,44.0,2620.0,5784,977.22
203.3,30.1,46.0,1983-07-15,0,0.5999999999999996,42.9,1232.4,5794,923.67
227.4,31.7,43.6,1983-07-16,1,3.0999999999999996,43.6,1295.8,5804,908.13
253.3,37.3,46.2,1983-07-17,0,1.5999999999999996,46.4,1358.8,5778,931.06
238.7,40.1,45.4,1983-07-18,0,1.7000000000000002,57.2,2211.9,5774,940.65
235.5,34.3,41.8,1983-07-19,1,5.1,50.8,1571.5,5793,915.85
280.4,33.8,38.8,1983-07-20,0,9.2,57.1,467.3,5784,940.68
321.9,38.7,44.8,1983-07-21,0,4.5,63.7,1434.4,5803,935.84
280.6,42.5,50.0,1983-07-22,0,-3.3,67.4,2358.3,5795,990.13
243.6,38.1,47.6,1983-07-23,0,-2.9000000000000004,65.5,2189.4,5803,987.53
229.2,37.5,41.0,1983-07-24,0,5.2,62.1,682.7,5772,985.12
182.8,27.9,42.2,1983-07-25,1,-6.7,49.2,4565.900000000001,5795,955.25
266.6,35.9,40.6,1983-07-26,1,3.7,59.6,730.8000000000001,5775,990.16
245.7,36.5,43.0,1983-07-27,0,5.7,63.6,384.5,5802,985.15
233.1,37.3,43.2,1983-07-28,1,0.0,62.6,1711.4,5783,992.6
244.2,36.5,43.6,1983-07-29,1,4.8,60.8,1097.3,5795,977.4
287.3,44.5,46.2,1983-07-30,1,3.6000000000000005,80.9,2255.8,5850,992.57
249.3,38.7,42.6,1983-07-31,0,4.8,63.9,6.200000000000001,5824,987.56
255.6,38.9,47.0,1983-08-01,0,-1.2000000000000002,61.1,3025.6,5798,991.61
255.8,38.1,43.2,1983-08-02,0,4.1,54.2,1085.8000000000002,5789,947.71
250.6,37.5,41.4,1983-08-03,0,4.3,46.1,496.3,5774,949.99
203.2,23.3,34.6,1983-08-04,0,4.8,42.5,554.4000000000001,5729,945.43
258.6,40.3,43.6,1983-08-05,0,6.6000000000000005,60.3,638.6999999999999,5746,940.73
287.4,38.1,42.6,1983-08-06,0,2.8,53.2,504.1,5728,949.99
290.0,39.1,49.4,1983-08-07,0,-0.9000000000000004,59.0,1452.2,5783,987.59
259.9,36.3,44.6,1983-08-08,1,-1.8999999999999995,55.7,2449.2999999999997,5796,992.6
307.2,43.9,49.4,1983-08-09,1,-2.3,64.3,2936.5,5788,995.07
246.6,38.3,44.8,1983-08-10,0,1.0999999999999996,64.9,2138.1000000000004,5819,995.07
242.2,37.7,44.8,1983-08-11,0,2.4000000000000004,49.2,2398.2999999999997,5769,933.53
304.7,43.3,48.2,1983-08-12,0,8.2,79.3,0.8000000000000114,5864,995.1
218.3,32.9,41.0,1983-08-13,0,4.3,46.4,830.1,5770,931.2
229.2,31.1,43.2,1983-08-14,0,6.0,50.4,575.2,5852,897.61
248.5,35.9,40.4,1983-08-15,0,6.499999999999999,58.9,668.1,5812,947.71
176.5,19.2,40.0,1983-08-16,1,6.2,30.5,42.4,5745,916.45
245.6,37.9,45.2,1983-08-17,1,3.3,52.2,1729.4,5801,949.99
335.1,35.5,42.8,1983-08-18,0,11.2,54.2,-3.2,5818,928.76
282.3,33.3,43.6,1983-08-19,0,1.7000000000000002,69.8,39.300000000000004,5856,984.97
268.7,36.5,46.4,1983-08-20,0,-1.2000000000000002,60.9,2479.0,5810,995.07
250.5,41.1,48.4,1983-08-21,1,-7.4,61.0,4965.200000000001,5749,984.94
331.0,45.1,52.6,1983-08-22,1,-5.6,55.0,4348.0,5768,926.01
247.1,38.1,46.8,1983-08-23,1,-8.0,61.6,5869.5,5762,984.91
291.8,42.1,45.0,1983-08-24,1,7.8,78.6,-66.89999999999999,5866,995.1
274.8,42.9,49.4,1983-08-25,1,0.09999999999999964,69.0,1597.0,5814,985.06
258.6,40.7,45.4,1983-08-26,1,4.6,70.6,454.9,5798,985.09
245.1,38.3,41.8,1983-08-27,0,6.1000000000000005,67.0,614.4,5801,987.63
233.8,31.9,42.2,1983-08-28,0,-2.0,52.5,3491.0,5762,987.56
239.4,37.1,43.2,1983-08-29,0,-0.9000000000000004,61.4,1053.1,5789,982.44
211.1,28.7,36.0,1983-08-30,0,4.6,53.9,1281.1,5804,979.9
248.1,33.3,41.2,1983-08-31,0,4.1,56.8,2583.2000000000003,5801,982.44
280.7,36.4,42.2,1983-09-01,0,8.0,77.3,416.1,5871,992.47
275.5,41.7,50.4,1983-09-02,0,-5.5,65.4,3737.2999999999997,5775,987.56
235.4,40.7,48.2,1983-09-03,1,-2.1999999999999997,64.7,1813.1,5808,987.56
207.2,27.5,40.6,1983-09-04,0,2.8999999999999995,51.6,1090.0,5825,992.6
222.8,37.9,41.8,1983-09-05,0,2.9000000000000004,66.6,1402.1,5794,995.1
282.4,37.7,42.6,1983-09-06,0,4.9,57.0,1696.1999999999998,5767,947.71
281.0,37.7,46.6,1983-09-07,0,0.7999999999999998,63.5,1553.8000000000002,5791,990.16
190.5,26.8,41.6,1983-09-23,0,-8.700000000000001,43.5,6269.8,5756,940.69
235.6,35.3,45.8,1983-09-24,1,-2.1,56.4,1928.3,5765,995.1
231.2,35.1,49.0,1983-09-25,1,-3.7,49.7,3003.7,5804,995.1
174.0,29.4,45.4,1983-09-26,0,-10.700000000000001,41.7,5179.3,5712,979.84
194.2,29.0,46.6,1983-09-27,1,-8.0,41.3,3355.6,5745,992.6
201.7,36.1,47.2,1983-09-28,1,-5.699999999999999,60.7,2651.5,5759,982.47
198.8,38.7,47.6,1983-09-29,0,-7.2,56.6,3571.0,5734,979.87
175.4,32.9,47.4,1983-09-30,0,-5.300000000000001,45.1,2878.3999999999996,5729,987.63
185.5,35.5,45.2,1983-10-01,0,-6.0,49.7,2959.2,5719,984.8
212.4,36.5,47.2,1983-10-02,0,-3.9,53.5,3045.2999999999997,5770,979.84
313.4,42.1,52.0,1983-10-03,0,-8.4,45.3,177.4,5716,987.59
234.7,32.5,41.8,1983-10-04,0,4.2,54.3,623.3000000000001,5799,987.63
182.6,29.1,40.4,1983-10-05,0,0.09999999999999964,45.7,2580.1,5782,992.6
223.4,39.1,46.0,1983-10-06,1,-3.9000000000000004,59.3,2844.2000000000003,5757,977.28
166.8,32.5,39.8,1983-10-07,1,-0.6000000000000005,54.2,1740.2,5762,995.1
196.8,32.3,39.2,1983-10-08,0,0.10000000000000009,49.9,1288.1000000000001,5699,985.18
284.9,36.7,40.2,1983-10-09,1,6.2,67.9,239.3,5779,997.57
248.8,37.7,46.8,1983-10-10,1,-6.4,54.5,2787.9,5739,974.69
232.4,30.9,47.0,1983-10-11,1,-4.0,46.8,3289.1000000000004,5759,979.97
178.8,33.9,41.4,1983-10-12,1,2.1999999999999997,50.1,961.5,5742,982.68
134.2,22.2,42.2,1983-10-13,0,-3.0,38.5,-0.7000000000000002,5757,985.15
162.6,21.0,38.0,1983-10-14,0,2.6,38.6,1294.8000000000002,5756,982.62
57.5,17.2,33.4,1983-10-15,0,-1.8,29.1,-26.5,5663,947.98
132.1,11.0,30.2,1983-10-16,0,14.2,36.8,-134.9,5760,948.23
78.8,-2.0,24.4,1983-10-17,0,18.6,30.8,-133.5,5738,925.16
25.2,-1.4,19.5,1983-10-18,0,12.5,22.2,245.4,5703,956.8
115.0,4.4,31.6,1983-10-19,0,10.7,30.8,71.1,5706,980.42
179.5,10.2,36.0,1983-10-20,0,16.0,38.1,0.0,5759,954.09
167.3,30.5,42.6,1983-10-21,1,5.3999999999999995,37.3,81.29999999999998,5726,945.27
222.9,35.5,44.8,1983-10-22,0,5.4,55.4,470.7,5748,987.75
266.7,35.1,51.4,1983-10-23,1,-6.300000000000001,50.5,2847.8999999999996,5799,974.81
38.8,19.3,19.3,1983-10-24,1,-3.0000000000000004,43.8,1273.6,5763,969.62
160.4,30.3,41.2,1983-10-25,0,1.0,38.3,694.2,5716,972.46
44.6,9.6,29.0,1983-10-26,0,15.8,32.0,0.0,5740,913.25
96.5,13.6,34.2,1983-10-27,0,18.700000000000003,25.6,0.0,5699,881.52
58.2,17.4,29.7,1983-10-28,0,11.399999999999999,24.5,0.0,5686,920.12
81.6,21.4,39.8,1983-10-29,0,13.2,24.2,0.0,5709,923.69
51.8,11.6,32.0,1983-10-30,0,14.1,30.0,0.0,5715,948.99
215.0,35.1,50.4,1983-10-31,0,5.7,36.5,-298.7,5747,948.5
42.7,23.5,35.5,1983-11-01,0,3.5,32.0,136.89999999999998,5764,995.54
64.4,24.5,38.8,1983-11-02,0,1.0,29.3,321.59999999999997,5695,970.05
94.7,10.4,33.0,1983-11-03,0,11.2,25.5,0.0,5744,942.86
128.2,7.6,32.6,1983-11-04,0,16.9,26.9,0.0,5813,916.95
85.8,12.4,36.6,1983-11-05,0,7.7,26.2,0.0,5731,827.93
148.1,31.9,42.8,1983-11-06,0,7.7,36.3,-81.7,5709,951.37
134.7,23.8,40.4,1983-11-07,0,9.7,33.0,0.0,5723,931.44
44.6,11.6,34.1,1983-11-08,0,2.9000000000000004,16.4,0.0,5692,904.07
208.7,33.7,44.2,1983-11-09,0,8.1,44.4,0.0,5745,962.2
119.1,14.4,35.4,1983-11-10,0,11.100000000000001,30.4,0.0,5730,957.02
91.5,10.2,34.4,1983-11-11,0,10.6,29.8,-22.299999999999997,5708,970.35
92.0,13.8,36.6,1983-11-12,0,8.1,22.2,-147.2,5685,935.47
25.2,12.4,36.4,1983-11-13,0,15.0,25.6,0.0,5665,941.51
34.9,7.4,29.1,1983-11-14,0,5.2,31.0,-109.2,5710,895.98
105.0,23.1,36.2,1983-11-15,0,12.6,28.9,0.0,5688,943.86
89.1,19.9,34.4,1983-11-16,0,10.4,35.5,0.0,5709,943.25
119.0,21.1,38.2,1983-11-17,0,7.5,29.8,-29.799999999999997,5690,970.54
120.9,22.5,39.2,1983-11-18,0,8.0,30.5,-50.4,5667,970.5
158.4,29.7,44.0,1983-11-19,0,1.6999999999999997,30.6,-151.9,5670,875.78
124.7,27.5,42.0,1983-11-20,0,7.6,27.4,-85.1,5646,954.73
92.3,24.1,39.0,1983-11-21,0,10.399999999999999,22.7,0.0,5660,923.75
151.5,23.4,44.8,1983-11-22,0,10.6,31.4,0.0,5681,960.13
200.3,34.3,47.0,1983-11-23,0,7.300000000000001,39.6,0.0,5677,949.02
162.9,22.0,40.2,1983-11-24,0,5.3999999999999995,37.8,215.70000000000002,5655,983.02
52.7,16.2,32.0,1983-11-25,0,12.1,35.8,0.0,5690,954.51
161.9,22.8,37.8,1983-11-26,0,17.7,35.9,-266.3,5706,941.06
130.6,24.4,41.6,1983-11-27,0,14.4,35.5,0.0,5642,963.15
65.5,21.8,38.6,1983-11-28,0,12.4,29.4,0.0,5621,952.5
94.8,19.0,32.0,1983-11-29,0,20.0,34.9,0.0,5666,932.54
82.1,6.8,33.2,1983-11-30,0,16.9,31.5,0.0,5647,960.49
122.5,6.6,38.4,1983-12-01,0,18.299999999999997,32.2,0.0,5633,967.18
64.4,0.0,34.6,1983-12-02,0,15.0,23.0,0.0,5621,918.47
123.6,0.6,34.0,1983-12-03,0,20.700000000000003,25.8,0.0,5668,918.56
136.0,-2.0,32.2,1983-12-04,0,21.9,31.3,0.0,5685,941.57
62.1,-6.8,23.1,1983-12-05,0,23.4,24.6,0.0,5664,963.61
88.3,-8.0,28.6,1983-12-06,0,26.8,28.3,0.0,5694,963.61
46.6,-9.0,22.7,1983-12-07,0,28.0,25.0,0.0,5685,942.46
48.9,-8.2,26.4,1983-12-08,0,27.6,28.3,0.0,5716,944.87
29.1,-11.0,19.1,1983-12-09,0,30.0,26.8,0.0,5661,960.92
46.6,-1.0,31.3,1983-12-10,0,18.0,21.6,0.0,5706,960.86
80.6,-3.8,33.2,1983-12-11,0,22.799999999999997,22.2,0.0,5706,941.85
48.5,-0.4,29.5,1983-12-12,0,20.700000000000003,17.4,0.0,5681,960.89
52.4,6.0,30.3,1983-12-13,0,21.299999999999997,17.6,0.0,5645,925.0
25.2,4.6,34.4,1983-12-14,0,22.4,18.2,0.0,5702,941.85
44.6,6.4,34.2,1983-12-15,0,26.1,15.3,0.0,5685,939.59
79.9,6.0,35.2,1983-12-16,0,19.200000000000003,17.8,0.0,5642,952.96
64.0,3.8,32.6,1983-12-17,0,25.4,15.5,0.0,5659,931.11
115.5,7.0,38.4,1983-12-18,0,20.8,19.2,0.0,5641,947.89
79.5,2.6,23.5,1983-12-19,0,25.700000000000003,14.9,0.0,5633,966.54
128.8,3.6,31.0,1983-12-20,0,26.6,20.8,0.0,5664,955.83
123.3,1.8,27.4,1983-12-21,0,24.799999999999997,23.6,0.0,5682,955.4
91.5,-0.8,27.2,1983-12-22,0,27.1,23.0,0.0,5652,971.24
157.7,3.4,33.0,1983-12-23,0,26.200000000000003,26.2,0.0,5687,947.34
96.8,-4.0,26.2,1983-12-24,0,28.2,19.1,0.0,5711,886.4
75.7,-3.6,23.5,1983-12-25,0,20.8,22.0,0.0,5663,978.47
167.1,23.3,33.0,1983-12-26,0,16.700000000000003,34.6,44.6,5589,983.35
227.9,17.0,45.4,1983-12-27,0,7.1000000000000005,33.6,0.0,5594,988.2
89.2,5.0,32.1,1983-12-28,0,8.100000000000001,22.7,-372.3,5544,902.76
79.5,5.0,14.9,1983-12-29,0,27.2,25.0,0.0,5608,990.83
110.6,-3.4,21.4,1983-12-30,0,34.2,28.9,0.0,5643,978.96
87.3,-3.4,15.7,1983-12-31,0,38.8,29.3,0.0,5641,961.62
62.1,18.5,23.3,1984-01-02,0,25.700000000000003,26.4,0.0,5658,958.88
209.1,34.3,46.6,1984-01-03,0,14.7,37.4,0.0,5612,965.93
107.2,20.1,27.8,1984-01-04,0,32.599999999999994,39.9,0.0,5740,976.43
46.6,21.7,30.5,1984-01-05,0,23.200000000000003,30.0,0.0,5613,973.95
107.8,6.4,28.6,1984-01-06,0,31.1,31.4,0.0,5693,958.42
90.0,19.8,32.8,1984-01-07,0,23.799999999999997,26.2,0.0,5627,958.36
75.7,12.2,21.3,1984-01-08,0,32.8,21.4,0.0,5655,971.39
170.2,10.6,38.2,1984-01-09,0,19.8,25.6,0.0,5635,915.48
64.4,21.4,37.0,1984-01-10,0,17.2,26.5,0.0,5649,941.85
106.0,-2.4,30.6,1984-01-11,0,30.700000000000003,20.0,0.0,5663,963.79
106.9,-2.8,27.0,1984-01-12,0,25.299999999999997,20.9,0.0,5664,947.37
48.5,-0.8,23.5,1984-01-13,0,21.6,17.8,0.0,5675,973.62
194.9,21.2,42.8,1984-01-14,0,13.8,29.4,0.0,5626,983.35
163.5,21.2,44.2,1984-01-15,0,0.0,25.3,107.29999999999998,5625,864.91
137.8,21.6,39.4,1984-01-16,0,10.0,24.8,0.0,5629,975.85
231.6,19.2,35.8,1984-01-17,0,16.8,36.8,0.0,5672,999.98
124.2,5.6,13.3,1984-01-18,0,35.8,23.7,0.0,5615,959.21
106.7,-0.2,22.7,1984-01-19,0,33.2,17.6,0.0,5611,978.99
189.1,9.6,32.4,1984-01-20,0,21.700000000000003,29.5,0.0,5618,985.79
125.1,3.6,33.0,1984-01-21,0,21.700000000000003,24.3,0.0,5642,968.55
173.2,23.9,33.6,1984-01-22,0,11.3,32.7,-121.8,5624,890.64
223.9,35.3,44.6,1984-01-23,0,8.899999999999999,44.7,34.10000000000001,5639,997.63
112.1,21.1,28.6,1984-01-24,0,16.2,31.0,0.0,5600,999.98
89.2,13.9,24.5,1984-01-25,0,29.9,31.5,0.0,5662,963.73
98.9,13.6,26.1,1984-01-26,0,21.0,20.3,0.0,5621,933.61
119.1,15.0,32.6,1984-01-27,0,20.7,21.8,0.0,5597,919.02
196.8,34.1,50.8,1984-01-28,0,5.2,29.7,0.0,5635,908.49
223.2,29.2,42.6,1984-01-29,0,13.3,35.2,0.0,5599,968.22
144.1,22.4,39.6,1984-01-30,0,14.7,28.0,0.0,5611,968.43
85.7,10.0,26.0,1984-01-31,0,33.1,20.4,0.0,5682,931.66
75.7,4.6,15.1,1984-02-01,0,39.7,22.4,0.0,5655,976.66
192.1,17.8,35.0,1984-02-02,0,26.8,33.9,0.0,5688,970.93
160.6,20.6,34.2,1984-02-03,0,27.4,28.4,0.0,5596,847.21
110.7,3.4,27.6,1984-02-04,0,22.799999999999997,22.1,0.0,5669,962.97
209.5,27.3,33.8,1984-02-05,0,21.6,34.2,0.0,5644,960.19
212.5,9.2,38.0,1984-02-06,0,32.4,20.0,0.0,5681,894.3
64.0,10.0,31.4,1984-02-07,0,25.9,26.3,0.0,5652,873.15
106.7,10.2,18.5,1984-02-08,0,20.6,20.0,0.0,5600,942.12
75.7,-3.6,31.5,1984-02-09,0,16.8,21.8,0.0,5629,933.55
54.3,-5.4,28.9,1984-02-10,0,19.700000000000003,20.4,0.0,5594,973.74
98.9,9.4,33.2,1984-02-11,0,19.299999999999997,24.8,0.0,5608,976.09
44.6,15.6,27.7,1984-02-12,0,17.6,20.8,0.0,5630,902.66
196.0,16.6,39.2,1984-02-13,0,12.6,34.7,0.0,5689,865.25
90.8,10.0,35.2,1984-02-14,0,13.0,22.4,0.0,5637,952.32
163.4,23.8,39.4,1984-02-15,0,22.2,31.5,0.0,5608,886.61
108.9,7.6,36.4,1984-02-16,0,22.7,20.5,0.0,5640,950.39
84.7,6.8,34.8,1984-02-17,0,17.4,21.2,0.0,5651,947.19
106.2,14.4,33.8,1984-02-18,0,21.5,23.7,0.0,5665,921.1
165.6,27.6,45.8,1984-02-19,0,9.8,34.3,0.0,5658,962.81
139.9,25.1,39.0,1984-02-20,0,17.4,35.1,0.0,5697,960.22
183.2,27.9,38.0,1984-02-21,0,16.4,35.7,0.0,5712,954.51
194.1,32.1,41.2,1984-02-22,0,21.3,36.7,0.0,5687,871.05
66.0,2.0,23.3,1984-02-23,0,29.9,17.8,0.0,5653,884.11
87.3,4.4,36.0,1984-02-24,0,28.1,15.0,0.0,5608,940.57
77.6,-1.2,26.6,1984-02-25,0,40.2,17.0,0.0,5667,895.92
58.2,0.8,30.6,1984-02-26,0,39.8,16.5,0.0,5672,918.08
64.0,-3.4,20.3,1984-02-27,0,35.400000000000006,14.6,0.0,5688,934.59
83.4,1.2,21.1,1984-02-28,0,20.0,17.5,0.0,5692,758.22
75.7,-0.6,27.6,1984-02-29,0,35.5,11.7,0.0,5640,867.78
75.7,2.8,21.7,1984-03-01,0,31.8,20.0,0.0,5689,976.26
73.7,5.8,26.5,1984-03-02,0,25.799999999999997,21.0,0.0,5713,869.03
110.3,-3.0,27.0,1984-03-03,0,44.2,16.6,0.0,5729,761.43
71.8,-3.0,26.7,1984-03-04,0,26.2,18.5,0.0,5761,899.86
89.2,-3.6,25.1,1984-03-05,0,18.4,16.8,0.0,5720,923.69
58.2,2.6,35.6,1984-03-06,0,11.7,17.9,0.0,5654,926.65
56.3,4.8,34.5,1984-03-07,0,12.4,16.9,0.0,5689,898.54
64.0,0.2,28.7,1984-03-08,0,14.0,17.4,0.0,5717,937.76
102.8,4.2,28.1,1984-03-09,0,13.700000000000001,17.6,-210.29999999999998,5679,940.38
75.7,3.0,36.2,1984-03-10,0,18.2,14.8,0.0,5698,932.85
69.5,10.8,41.0,1984-03-11,0,14.4,19.7,0.0,5690,941.27
53.3,18.6,40.4,1984-03-12,0,1.9,26.3,140.1,5728,975.2
44.6,24.4,46.1,1984-03-13,0,-12.899999999999999,23.7,3334.8999999999996,5640,975.02
62.1,20.4,44.1,1984-03-14,0,-5.3,21.3,964.0999999999999,5656,956.62
93.5,19.8,45.2,1984-03-15,0,-2.9000000000000004,28.2,1306.1000000000001,5724,975.05
73.2,24.6,43.2,1984-03-16,0,-1.0,27.8,1490.8,5703,995.19
36.9,18.6,38.5,1984-03-17,0,0.6999999999999997,20.5,-196.0,5708,930.89
186.0,24.0,48.4,1984-03-18,0,7.9,29.8,-509.00000000000006,5759,931.2
242.0,28.6,55.2,1984-03-19,0,-1.2000000000000002,27.6,215.29999999999995,5752,930.89
133.7,32.3,49.8,1984-03-20,0,0.09999999999999987,27.9,-142.3,5683,893.78
83.8,24.1,40.4,1984-03-21,0,13.1,18.6,0.0,5746,836.14
104.2,25.1,39.4,1984-03-22,0,16.5,28.1,0.0,5785,898.09
65.2,23.1,37.0,1984-03-23,0,9.4,24.9,0.0,5704,954.48
130.6,29.2,49.0,1984-03-24,0,-5.5,31.5,2134.0,5729,985.28
183.0,31.4,51.2,1984-03-25,0,-5.699999999999999,35.5,2429.2999999999997,5687,977.65
69.0,25.6,46.4,1984-03-26,0,-9.0,29.3,3090.7000000000003,5715,980.09
397.8,39.5,57.6,1984-03-27,0,-6.3,43.7,1796.0,5736,959.03
314.1,17.2,51.8,1984-03-28,0,-8.299999999999999,41.3,3714.2999999999997,5723,982.59
130.9,12.0,48.0,1984-03-29,0,-8.399999999999999,32.9,2949.5,5726,985.15
147.0,25.8,39.8,1984-03-30,0,1.5999999999999996,36.6,1973.8999999999999,5763,980.03
123.4,17.6,45.4,1984-03-31,0,-6.2,34.3,2209.0,5757,987.66
161.6,28.6,49.6,1984-04-02,0,-4.6,31.7,1205.4,5771,929.98
126.0,27.0,46.6,1984-04-03,0,-8.6,35.0,3005.7,5706,955.95
60.6,24.3,40.6,1984-04-04,0,-1.3999999999999995,28.3,-65.39999999999998,5787,936.05
79.5,23.0,42.7,1984-04-05,0,-12.899999999999999,42.6,3135.1,5725,950.24
379.5,36.9,56.8,1984-04-06,0,-4.800000000000001,44.3,643.3,5765,921.16
253.1,29.6,53.2,1984-04-07,1,-10.700000000000001,38.9,2259.7,5753,972.18
337.2,43.5,52.6,1984-04-08,0,-1.3000000000000003,60.2,921.7,5730,990.25
72.5,19.0,49.0,1984-04-09,1,-11.9,31.2,-1.5,5729,985.18
240.0,37.7,50.6,1984-04-10,0,-0.10000000000000009,44.6,542.4000000000001,5700,982.86
92.1,19.0,45.4,1984-04-11,0,-7.0,32.7,1369.3,5679,969.8
64.0,21.0,39.9,1984-04-12,0,2.6,20.5,-276.59999999999997,5704,940.11
64.0,8.2,32.5,1984-04-13,0,0.0,17.3,455.9,5678,985.43
123.8,21.2,47.6,1984-04-14,0,-4.7,26.6,561.9000000000001,5732,930.28
136.5,28.8,51.8,1984-04-15,0,-11.7,25.5,1460.8,5692,977.62
191.8,29.3,45.4,1984-04-16,0,-1.4,42.5,1544.3000000000002,5819,985.03
63.3,29.9,41.8,1984-04-17,0,-4.9,33.9,2106.5,5794,979.93
76.5,19.8,45.0,1984-04-18,0,-6.3999999999999995,30.3,2538.0,5817,974.69
79.5,14.8,39.4,1984-04-19,0,-9.2,33.5,3860.1,5760,969.22
291.6,29.4,55.8,1984-04-20,0,-10.8,45.7,1955.0,5834,966.57
316.4,33.0,56.2,1984-04-21,0,-8.8,36.5,1886.5,5795,950.12
46.4,24.0,47.0,1984-04-22,0,-18.3,38.7,4853.5,5751,979.78
193.0,32.5,48.8,1984-04-23,0,-1.0,42.1,424.8,5706,964.58
235.1,26.8,43.8,1984-04-24,0,7.8,47.3,-71.69999999999999,5791,980.09
252.0,30.0,46.6,1984-04-25,0,4.0,52.0,152.5,5745,990.22
244.1,39.7,50.6,1984-04-26,0,-6.3999999999999995,47.6,3440.3,5738,966.75
121.4,20.0,44.4,1984-04-27,1,-7.6,29.9,2350.7000000000003,5748,969.38
269.1,31.2,53.4,1984-04-28,1,-8.399999999999999,40.4,1554.9,5757,990.16
414.3,37.9,60.8,1984-04-29,0,-20.7,33.6,3833.8,5763,899.92
154.6,30.4,49.8,1984-04-30,1,-10.700000000000001,33.7,3286.1,5755,935.84
224.6,34.1,48.6,1984-05-01,1,-3.5000000000000004,49.9,2001.5,5745,985.49
148.0,16.4,42.0,1984-05-02,0,-2.9,37.8,2175.2,5779,982.44
42.7,3.8,30.7,1984-05-03,0,0.09999999999999964,23.3,1058.9,5791,979.9
48.5,6.4,29.7,1984-05-04,0,-1.3000000000000003,24.0,3522.9,5772,982.44
60.1,17.2,38.5,1984-05-05,0,-8.700000000000001,29.1,4030.2000000000003,5765,985.03
66.0,14.8,39.3,1984-05-06,0,-11.5,28.8,6.4,5750,992.6
138.2,26.8,48.4,1984-05-07,0,-9.0,35.6,-2.2,5761,982.47
340.7,29.6,56.0,1984-05-08,1,-12.3,39.3,31.300000000000004,5718,979.97
280.7,24.6,53.2,1984-05-09,1,-10.899999999999999,37.8,46.900000000000006,5703,972.18
311.5,35.1,52.2,1984-05-10,1,2.8,46.9,-132.5,5787,982.93
345.8,32.0,55.0,1984-05-11,0,-4.7,43.2,798.4,5747,980.21
136.0,14.4,39.2,1984-05-12,0,6.1,34.4,135.0,5764,969.74
595.7,29.6,55.4,1984-05-13,0,-4.499999999999999,46.2,0.0,5787,950.01
425.3,25.2,49.0,1984-05-14,0,1.0,39.2,1499.2,5734,940.73
182.6,24.0,44.2,1984-05-15,0,-1.7000000000000002,30.1,4952.900000000001,5738,935.87
160.1,31.7,42.2,1984-05-16,0,-4.0,46.4,2.8000000000000007,5797,971.85
121.7,20.1,32.0,1984-05-17,0,2.0999999999999996,45.3,3165.3,5827,966.45
127.8,27.0,46.2,1984-05-18,0,-2.3000000000000003,28.2,1288.1999999999998,5800,853.03
200.3,20.8,47.6,1984-05-19,0,-1.7000000000000002,31.4,3150.6,5781,935.84
42.7,3.8,28.5,1984-05-20,0,2.8,18.9,3477.4,5796,935.84
600.1,36.8,61.0,1984-05-21,0,2.9,30.2,2140.3,5757,926.31
618.4,37.4,62.4,1984-05-22,0,1.0,34.1,1799.8,5768,908.32
260.3,22.4,49.6,1984-05-23,0,-2.2,33.5,-9.8,5752,907.88
408.6,25.6,50.2,1984-05-24,0,-2.3,34.9,-7.5,5754,926.01
219.6,19.0,46.8,1984-05-25,1,-0.9000000000000004,28.8,1.3,5735,949.99
225.0,37.7,46.6,1984-05-26,0,-3.7,49.5,2964.1,5742,985.03
253.9,26.0,47.0,1984-05-27,0,0.0,41.6,2457.9,5774,938.29
211.2,26.8,45.2,1984-05-28,0,-1.1999999999999993,35.0,1633.1000000000001,5736,933.56
193.2,30.7,42.4,1984-05-29,0,1.7999999999999998,40.9,2200.4,5759,931.03
200.6,16.6,44.0,1984-05-30,0,3.8,32.9,584.6999999999999,5742,897.83
233.5,35.7,45.2,1984-05-31,0,3.3000000000000003,48.0,1855.0,5795,897.14
286.5,33.7,51.4,1984-06-01,0,-8.5,51.8,2453.1,5682,962.68
223.0,26.8,47.8,1984-06-02,1,1.2999999999999998,31.8,21.900000000000034,5788,843.8
272.1,36.1,41.6,1984-06-03,0,12.5,56.0,-2.0999999999999943,5774,940.76
301.8,37.9,42.6,1984-06-04,1,9.4,57.4,-7.8,5717,947.73
275.4,35.3,38.8,1984-06-05,1,13.2,54.7,0.0,5752,936.14
280.7,41.1,45.6,1984-06-06,1,6.1,45.2,667.3,5731,947.65
188.3,29.1,41.2,1984-06-07,0,5.4,36.7,462.90000000000003,5729,903.51
265.9,40.9,47.0,1984-06-08,1,1.4,62.9,1505.0,5780,987.63
236.3,32.5,41.2,1984-06-09,0,2.0,59.8,8.2,5826,995.07
185.9,35.3,44.8,1984-06-10,0,-5.8999999999999995,57.2,3016.2999999999997,5753,984.97
220.9,30.5,42.0,1984-06-11,1,6.3,39.0,140.3,5736,938.48
292.0,35.1,44.6,1984-06-12,0,4.0,46.5,264.7,5785,928.54
313.1,38.4,44.2,1984-06-13,0,3.0,64.8,3735.6,5785,930.82
267.5,36.3,42.6,1984-06-14,1,6.0,52.6,605.7,5671,949.99
335.1,37.9,42.0,1984-06-15,0,8.0,64.5,592.9,5799,938.29
260.5,33.5,40.6,1984-06-16,1,9.3,43.7,-142.5,5736,872.29
299.1,31.1,46.0,1984-06-17,1,3.3,49.6,766.8,5725,928.7
97.3,14.2,29.4,1984-06-18,1,21.1,25.7,0.0,5741,771.21
336.3,39.1,50.8,1984-06-20,1,-2.3000000000000003,49.2,1834.3,5676,933.51
248.4,36.3,46.8,1984-06-21,0,6.4,42.2,-170.79999999999998,5687,875.66
238.9,35.1,42.0,1984-06-22,1,9.5,53.1,11.899999999999999,5680,949.99
230.7,34.9,42.2,1984-06-23,0,7.5,55.3,246.2,5713,936.03
242.9,31.5,39.6,1984-06-24,0,11.600000000000001,47.4,0.0,5683,908.82
302.7,37.5,43.0,1984-06-25,0,10.3,55.4,-15746.4,5741,928.81
225.8,32.9,40.2,1984-06-26,0,9.6,43.3,32.5,5636,921.89
256.2,38.9,47.4,1984-06-27,0,5.8,38.2,0.0,5673,923.78
191.4,8.4,40.6,1984-06-28,0,9.3,34.7,0.0,5743,898.13
252.5,35.5,42.8,1984-06-29,0,4.199999999999999,49.7,1333.8000000000002,5716,945.4
266.4,36.5,40.6,1984-06-30,0,10.6,51.6,0.0,5769,940.76
275.6,36.1,42.6,1984-07-01,0,2.1,62.9,1552.1,5805,981.44
244.0,34.9,36.2,1984-07-02,0,6.9,53.0,1196.2,5822,985.03
242.9,30.5,41.4,1984-07-03,0,8.799999999999999,42.9,-39.099999999999994,5823,889.4
273.3,41.5,45.8,1984-07-04,0,3.3,60.4,19.8,5805,950.01
223.6,36.3,43.0,1984-07-05,0,0.0,48.2,1925.7,5710,945.4
265.6,17.0,36.8,1984-07-06,0,14.4,39.2,-10.8,5755,945.43
249.5,39.1,45.6,1984-07-07,0,5.5,51.6,412.90000000000003,5779,931.25
203.7,30.3,43.6,1984-07-08,1,3.8000000000000003,36.5,175.79999999999998,5764,889.7
252.0,35.7,43.4,1984-07-09,1,4.6,45.9,1016.5,5769,918.65
200.6,31.5,42.0,1984-07-11,1,3.3,43.1,512.6999999999999,5679,905.96
206.9,28.0,43.6,1984-07-12,0,-4.5,48.0,3419.0,5770,987.56
108.5,7.4,30.4,1984-07-13,0,1.5000000000000004,32.2,2594.3,5726,997.57
236.7,36.1,43.8,1984-07-14,1,4.0,47.9,575.0,5769,908.43
237.9,39.5,45.4,1984-07-15,0,9.6,50.6,0.0,5742,823.81
228.5,31.9,40.8,1984-07-16,0,8.5,44.4,143.1,5697,931.34
317.9,38.9,43.8,1984-07-17,0,4.7,56.5,484.6,5745,921.28
217.3,30.5,39.4,1984-07-18,0,-3.4000000000000004,50.3,2371.8,5738,985.12
235.6,35.5,45.6,1984-07-19,0,3.1000000000000005,56.6,64.0,5759,950.55
238.5,37.9,47.0,1984-07-20,0,-5.6,55.7,2839.7000000000003,5758,992.6
217.3,33.7,46.0,1984-07-21,0,-5.4,49.8,3353.3999999999996,5750,995.07
230.9,34.9,42.8,1984-07-22,1,-1.0,54.2,2208.6000000000004,5762,969.31
268.5,38.5,44.2,1984-07-23,1,-0.09999999999999964,65.0,2161.0,5807,982.5
185.6,32.7,43.0,1984-07-24,0,-2.5,50.1,1293.2,5780,987.63
205.2,36.1,45.0,1984-07-25,0,-5.5,55.6,4039.7,5776,992.6
224.1,33.3,41.8,1984-07-26,0,1.5,58.7,941.3000000000001,5744,995.1
193.8,32.3,43.4,1984-07-27,1,-6.4,49.2,3932.5,5756,992.57
184.2,18.8,40.0,1984-07-28,0,4.0,30.6,1142.3999999999999,5761,923.78
226.2,39.3,43.0,1984-07-29,0,2.3,61.4,967.9,5774,947.68
228.9,34.3,46.0,1984-07-30,0,0.7000000000000002,43.8,1695.2,5795,913.48
235.9,32.1,41.8,1984-07-31,0,6.5,47.1,-23.7,5753,906.18
255.1,33.5,40.0,1984-08-01,0,6.7,56.9,76.9,5784,983.15
289.3,40.5,46.2,1984-08-02,1,0.09999999999999964,63.4,1802.5,5718,985.09
241.2,39.5,45.0,1984-08-03,0,0.40000000000000036,63.5,1418.1,5767,979.93
237.0,39.5,48.0,1984-08-04,0,-3.9000000000000004,61.1,3449.4,5809,987.53
208.3,31.5,41.6,1984-08-05,1,4.8,42.2,453.0,5753,903.13
163.5,24.9,37.8,1984-08-06,0,9.200000000000001,34.8,-24.200000000000003,5756,903.51
211.9,27.5,41.0,1984-08-07,1,2.7,38.6,698.8,5742,911.07
311.7,39.6,43.0,1984-08-08,0,6.800000000000001,67.4,770.1999999999999,5802,947.68
208.7,33.3,44.4,1984-08-09,1,1.7000000000000002,44.8,800.8,5719,938.42
266.1,36.5,42.0,1984-08-10,0,5.699999999999999,52.4,608.5,5744,928.7
187.5,30.3,44.8,1984-08-11,0,2.7,39.3,412.6,5789,916.4
192.3,27.3,40.6,1984-08-12,1,5.0,34.2,646.5,5704,905.82
267.9,37.9,44.8,1984-08-13,1,0.2999999999999998,53.2,2224.2999999999997,5809,938.26
141.4,20.2,35.4,1984-08-14,0,13.700000000000001,31.3,0.0,5781,838.39
333.1,40.3,44.2,1984-08-15,1,6.9,59.6,303.2,5822,931.03
319.5,41.9,45.8,1984-08-16,0,4.0,62.9,939.2,5792,945.37
277.4,32.5,41.0,1984-08-17,0,5.9,45.0,735.7,5796,931.17
270.3,38.3,41.2,1984-08-18,0,6.0,61.0,1071.9,5798,947.71
246.5,35.5,40.6,1984-08-19,0,10.6,64.0,-225.89999999999998,5806,935.84
225.4,32.1,42.0,1984-08-20,1,-0.5,54.1,3325.1,5839,984.94
256.7,37.7,44.0,1984-08-21,0,-1.4000000000000004,68.4,2893.5,5842,995.07
185.5,32.5,44.8,1984-08-22,1,-4.4,49.8,2787.4,5819,982.44
252.9,37.3,43.8,1984-08-23,0,4.2,62.6,730.8,5844,987.59
141.9,14.0,38.6,1984-08-24,0,-4.7,37.0,3941.5,5765,992.6
193.2,35.5,45.6,1984-08-25,1,-7.6000000000000005,50.5,3376.7999999999997,5764,982.44
201.0,30.9,37.6,1984-08-26,1,9.4,41.6,36.1,5760,933.64
245.7,37.9,45.4,1984-08-27,0,3.6999999999999997,52.6,1110.5,5791,940.76
257.7,34.9,42.8,1984-08-28,0,6.6,51.8,-15.6,5824,918.57
250.9,40.5,45.8,1984-08-29,0,0.8000000000000007,52.2,2957.2999999999997,5824,926.06
251.4,40.7,48.0,1984-08-30,1,0.0,53.5,3061.8,5809,933.51
323.5,41.1,54.2,1984-08-31,1,-17.5,46.6,8579.199999999999,5738,876.02
246.4,35.7,41.8,1984-09-02,0,5.5,49.2,902.0,5753,926.39
229.9,34.7,43.2,1984-09-03,0,1.1,57.6,1463.6000000000001,5826,995.1
214.8,37.1,45.2,1984-09-04,1,2.7,48.1,1456.3,5792,940.76
216.5,34.3,43.2,1984-09-05,0,0.30000000000000027,55.2,2923.4,5803,999.98
259.1,40.9,47.4,1984-09-06,0,-1.6,63.2,2713.6,5840,987.59
201.0,33.7,42.8,1984-09-07,0,-4.1,50.9,3248.7,5757,987.56
187.9,31.5,42.6,1984-09-08,1,-3.9,45.9,2829.1000000000004,5746,985.03
191.7,31.1,42.8,1984-09-09,0,1.0,50.8,1390.0,5754,958.69
214.6,33.1,39.6,1984-09-10,0,1.8000000000000003,55.9,1287.7,5764,985.09
200.6,30.9,45.2,1984-09-11,1,-3.0,46.6,3039.2000000000003,5755,985.12
285.7,40.9,45.8,1984-09-12,0,6.3,64.9,395.1,5751,997.57
128.6,18.0,38.4,1984-09-13,0,0.2999999999999998,36.8,775.3000000000001,5763,990.19
203.8,38.5,48.6,1984-09-14,0,-3.6999999999999997,48.1,1336.6,5724,985.15
223.7,31.7,38.8,1984-09-15,1,2.5999999999999996,60.9,1619.5,5791,979.9
288.1,40.5,50.2,1984-09-16,1,-5.1,60.1,3105.7000000000003,5775,977.31
337.2,39.7,54.4,1984-09-17,0,-4.6000000000000005,57.0,932.7,5788,982.62
124.7,11.4,35.6,1984-09-18,0,1.5999999999999996,34.9,-22.0,5765,980.03
247.7,39.9,48.2,1984-09-19,1,3.8999999999999995,53.4,190.39999999999998,5755,985.24
171.5,34.5,48.0,1984-09-20,1,-3.8999999999999995,47.8,1984.8999999999999,5716,985.21
145.2,29.1,43.2,1984-09-21,0,-0.7999999999999998,40.5,2270.3999999999996,5776,980.06
188.9,30.2,48.6,1984-09-22,0,-0.10000000000000009,42.1,1198.1000000000001,5750,924.27
115.4,23.0,43.0,1984-09-23,0,-5.5,33.6,3271.2,5758,964.1
104.4,14.0,36.2,1984-09-24,1,0.0,35.5,2396.8999999999996,5777,985.09
157.6,16.4,38.8,1984-09-25,0,2.7,42.5,1232.4,5782,985.09
174.0,18.0,39.6,1984-09-26,0,4.0,39.2,41.5,5796,972.12
65.1,11.4,35.8,1984-09-27,0,-5.300000000000001,29.9,3408.8,5729,977.4
27.2,5.8,27.1,1984-09-28,0,2.6999999999999997,24.9,9.799999999999983,5758,950.61
36.1,12.4,34.4,1984-09-29,0,2.8,30.9,308.20000000000005,5785,972.34
19.4,5.4,28.7,1984-09-30,0,-0.5,20.6,-66.30000000000001,5737,942.15
73.2,7.8,30.8,1984-10-01,0,9.0,29.0,0.0,5793,973.65
201.3,26.6,44.2,1984-10-02,0,3.3000000000000003,44.3,1511.0,5775,964.25
292.2,38.7,46.8,1984-10-03,1,-0.5999999999999996,62.7,2643.2999999999997,5770,979.93
234.7,36.7,43.0,1984-10-04,0,-0.5,59.3,3545.5,5735,995.1
220.6,27.8,44.0,1984-10-05,0,2.4,45.6,847.0999999999999,5765,982.59
165.8,18.8,39.6,1984-10-06,0,4.9,43.9,810.3000000000001,5792,985.12
222.0,35.3,41.6,1984-10-07,0,4.6,61.4,1706.1,5833,987.59
142.7,27.5,40.0,1984-10-08,1,-0.7999999999999998,40.9,2562.2,5768,969.44
226.3,36.5,46.6,1984-10-09,1,3.4000000000000004,57.4,1974.1999999999998,5808,990.16
205.6,34.3,44.4,1984-10-10,1,2.6999999999999997,55.6,1227.2,5779,990.13
183.5,35.7,48.4,1984-10-11,0,-6.699999999999999,48.4,3049.6,5741,987.63
48.5,13.4,26.1,1984-10-12,0,2.7,23.9,316.9,5722,977.65
268.0,35.9,41.0,1984-10-13,0,7.999999999999999,66.5,-54.8,5835,982.59
318.5,34.3,40.4,1984-10-14,0,5.4,51.4,1068.1,5760,945.4
266.0,17.8,38.2,1984-10-15,0,2.8000000000000003,43.1,1382.3,5751,985.15
171.3,13.2,35.0,1984-10-16,0,8.5,37.6,13.599999999999998,5785,977.52
159.6,19.4,34.0,1984-10-17,0,9.2,45.1,31.099999999999998,5779,990.19
17.5,5.6,22.1,1984-10-18,0,5.5,25.4,174.29999999999998,5731,980.15
40.7,2.0,20.5,1984-10-19,0,8.6,20.9,0.0,5751,942.31
187.4,29.9,42.0,1984-10-20,0,1.1,44.2,2248.1,5748,985.15
232.2,36.9,48.6,1984-10-21,0,-1.5,48.7,1551.3,5750,972.18
227.9,26.2,46.6,1984-10-22,0,2.0,46.0,573.0,5777,974.81
23.3,17.7,32.6,1984-10-23,0,1.2999999999999998,26.4,580.6,5704,948.17
178.5,26.7,39.6,1984-10-24,0,11.200000000000001,31.9,0.0,5688,962.08
31.4,2.8,33.0,1984-10-25,0,4.1000000000000005,24.8,5.399999999999999,5696,970.02
29.1,1.8,19.5,1984-10-26,0,14.3,20.3,-81.10000000000001,5743,962.08
25.2,-1.8,13.5,1984-10-27,0,14.0,22.8,-32.599999999999994,5750,972.46
90.4,9.8,35.6,1984-10-28,0,6.3,29.9,36.0,5733,985.37
152.4,16.2,40.6,1984-10-29,0,9.2,27.7,-11.700000000000003,5698,951.37
127.3,26.6,40.2,1984-10-30,0,6.7,32.6,158.9,5698,980.33
85.4,12.4,23.0,1984-10-31,0,22.4,27.5,0.0,5706,937.48
34.9,21.4,37.5,1984-11-01,0,-5.6000000000000005,22.1,291.2,5636,990.5
60.9,16.0,36.6,1984-11-02,0,10.7,25.7,0.0,5680,897.9
56.3,1.8,26.7,1984-11-03,0,20.8,18.5,0.0,5690,902.21
29.1,0.2,23.7,1984-11-04,0,21.3,16.0,0.0,5679,918.17
71.8,1.2,26.3,1984-11-05,0,12.8,18.6,0.0,5695,937.94
168.0,22.6,42.2,1984-11-06,0,8.5,31.4,0.0,5720,972.92
111.3,17.2,36.8,1984-11-07,0,6.4,24.9,-19110.6,5738,863.88
40.7,10.6,29.3,1984-11-08,0,16.9,16.5,0.0,5698,863.75
92.3,3.2,35.6,1984-11-09,0,12.6,19.7,0.0,5692,954.79
77.4,4.8,33.4,1984-11-10,0,14.0,21.6,0.0,5682,962.81
46.6,1.6,32.9,1984-11-11,0,11.6,15.6,0.0,5676,943.8
48.5,5.6,27.1,1984-11-12,0,23.3,16.5,0.0,5709,882.16
48.5,5.8,31.9,1984-11-13,0,9.6,16.2,-117.5,5652,949.42
85.3,18.2,37.6,1984-11-14,0,14.299999999999999,26.8,0.0,5696,940.93
75.5,9.8,30.2,1984-11-15,0,17.6,25.5,0.0,5694,970.78
44.6,16.2,22.9,1984-11-16,0,18.2,17.6,0.0,5674,902.66
79.0,13.0,33.4,1984-11-17,0,16.6,28.5,0.0,5725,960.16
44.6,10.6,28.1,1984-11-18,0,18.5,23.3,0.0,5679,963.09
73.9,10.8,27.0,1984-11-19,0,24.7,22.8,0.0,5696,930.1
62.1,12.4,29.7,1984-11-20,0,19.9,19.3,0.0,5646,941.85
70.8,5.0,21.2,1984-11-21,0,29.2,25.5,0.0,5707,955.34
134.0,14.6,32.0,1984-11-22,0,23.2,28.0,0.0,5680,955.28
83.5,7.2,26.2,1984-11-23,0,25.4,24.1,0.0,5697,905.81
121.4,12.4,30.4,1984-11-24,0,23.9,29.3,0.0,5704,960.49
142.2,17.6,38.4,1984-11-25,0,13.7,27.3,-116.0,5658,955.0
54.3,7.8,23.5,1984-11-26,0,18.7,21.9,0.0,5684,957.63
104.3,10.6,28.2,1984-11-27,0,26.8,26.2,0.0,5671,947.43
40.7,9.4,16.9,1984-11-28,0,21.6,26.5,0.0,5657,924.27
116.4,14.0,32.4,1984-11-29,0,18.5,24.7,0.0,5665,911.76
82.9,13.2,31.2,1984-11-30,0,14.899999999999999,24.8,-213.6,5668,873.92
166.5,21.4,39.6,1984-12-01,0,23.2,32.4,0.0,5684,977.64
144.9,12.0,37.8,1984-12-02,0,18.700000000000003,29.0,0.0,5688,905.01
88.4,6.4,32.4,1984-12-03,0,15.0,25.8,0.0,5698,957.5
126.0,11.2,36.4,1984-12-04,0,12.8,21.0,-42.3,5622,955.28
64.0,-2.0,11.9,1984-12-05,0,27.799999999999997,18.0,0.0,5660,947.65
87.5,-3.8,22.0,1984-12-06,0,32.7,28.8,0.0,5731,990.68
119.9,7.4,34.8,1984-12-07,0,10.899999999999999,18.5,-198.0,5658,858.23
85.6,-2.8,23.6,1984-12-08,0,30.0,22.8,0.0,5714,955.61
64.0,-4.8,14.9,1984-12-09,0,33.4,19.7,0.0,5722,915.88
160.6,4.4,33.2,1984-12-10,0,25.7,26.1,0.0,5714,983.47
90.0,-1.4,24.6,1984-12-11,0,30.2,24.7,0.0,5742,949.94
67.9,-1.6,16.5,1984-12-12,0,16.4,17.1,0.0,5702,850.51
229.7,16.4,44.2,1984-12-13,0,21.0,34.1,0.0,5687,963.27
102.8,17.9,31.9,1984-12-14,0,3.2,20.0,231.2,5615,962.42
91.2,-2.8,23.3,1984-12-15,0,27.0,22.3,0.0,5680,939.35
83.4,1.6,20.3,1984-12-16,0,27.700000000000003,21.3,0.0,5687,955.98
75.7,-5.4,10.1,1984-12-17,0,32.599999999999994,19.1,0.0,5678,961.2
135.3,0.4,25.6,1984-12-18,0,42.2,23.4,0.0,5703,907.85
69.8,-5.0,24.2,1984-12-19,0,40.5,17.2,0.0,5660,804.18
75.7,-3.2,25.4,1984-12-20,0,38.7,20.4,0.0,5688,926.47
114.5,-3.0,26.2,1984-12-21,0,39.5,20.4,0.0,5700,920.43
48.5,0.4,30.4,1984-12-22,0,37.4,19.7,0.0,5711,898.7
54.3,5.0,24.5,1984-12-23,0,28.2,19.5,0.0,5677,966.38
46.6,5.2,26.9,1984-12-24,0,20.9,20.2,0.0,5646,973.68
48.5,9.8,31.3,1984-12-25,0,15.2,17.6,0.0,5594,966.05
48.5,11.0,26.9,1984-12-26,0,24.0,16.8,0.0,5667,933.82
50.4,17.6,26.9,1984-12-27,0,24.1,19.8,0.0,5692,944.81
64.0,25.2,39.5,1984-12-28,0,16.1,20.7,0.0,5625,925.06
98.9,0.2,24.1,1984-12-29,0,33.1,15.1,0.0,5606,929.15
66.0,4.8,38.9,1984-12-30,0,16.4,15.1,0.0,5610,958.66
66.0,-0.8,28.9,1984-12-31,0,24.7,17.4,0.0,5657,939.25
93.6,4.8,37.0,1985-01-01,0,16.9,26.3,0.0,5657,974.88
138.4,12.8,41.2,1985-01-02,0,13.8,22.3,0.0,5631,960.59
114.3,20.8,40.6,1985-01-04,0,11.0,24.5,0.0,5605,973.46
151.9,10.8,38.6,1985-01-05,0,17.3,23.3,0.0,5644,985.86
119.4,17.6,39.0,1985-01-06,0,14.6,25.9,0.0,5621,970.93
189.0,30.4,44.2,1985-01-07,0,1.5000000000000002,32.9,608.1,5621,997.63
216.8,32.6,50.4,1985-01-08,0,3.3,31.3,-44.300000000000004,5621,985.7
178.5,12.8,45.0,1985-01-09,0,0.09999999999999964,27.0,286.4,5638,943.1
188.8,17.6,43.0,1985-01-10,0,16.5,24.4,0.0,5642,960.77
198.6,19.2,48.8,1985-01-11,0,11.899999999999999,28.2,0.0,5651,978.53
119.2,15.4,45.0,1985-01-12,0,10.3,20.7,0.0,5614,965.96
112.3,21.6,40.2,1985-01-13,0,14.8,23.3,0.0,5609,968.58
110.1,7.6,42.2,1985-01-14,0,13.7,18.1,0.0,5607,944.81
133.1,21.0,45.2,1985-01-15,0,8.100000000000001,24.9,0.0,5599,970.93
248.3,30.8,52.6,1985-01-16,0,-4.5,31.6,379.1,5628,990.46
83.4,11.8,22.3,1985-01-17,0,23.0,23.3,0.0,5645,963.7
67.9,15.0,36.8,1985-01-18,0,23.1,19.9,0.0,5640,881.39
48.5,18.2,39.8,1985-01-19,0,19.0,18.8,0.0,5618,950.88
71.8,13.0,27.7,1985-01-20,0,16.2,14.8,0.0,5571,958.66
54.3,14.4,37.1,1985-01-21,0,18.5,22.0,0.0,5630,950.49
75.7,17.8,35.3,1985-01-22,0,12.0,21.4,0.0,5622,970.99
104.8,12.1,44.2,1985-01-23,0,9.3,18.5,0.0,5580,936.14
79.5,0.8,32.7,1985-01-24,0,12.899999999999999,15.2,0.0,5601,933.55
66.0,-1.4,26.3,1985-01-25,0,15.100000000000001,13.4,0.0,5603,919.02
40.7,-4.4,29.7,1985-01-26,0,22.2,17.1,0.0,5631,950.55
107.0,6.6,43.2,1985-01-27,0,11.3,17.7,0.0,5620,950.18
42.7,27.3,43.7,1985-01-29,0,-0.30000000000000004,24.8,-40.0,5599,988.11
50.4,16.4,38.1,1985-01-30,0,3.8,18.6,-121.1,5616,946.58
66.0,18.2,43.3,1985-01-31,0,10.4,17.6,0.0,5652,929.92
355.7,30.4,58.0,1985-02-01,0,-12.0,0.0,29.0,5587,1002.3
197.8,30.5,51.0,1985-02-02,0,-7.9,22.3,-9.200000000000003,5564,988.2
131.3,10.4,47.0,1985-02-03,0,6.8,21.7,0.0,5603,955.43
102.8,9.4,34.3,1985-02-04,0,10.899999999999999,17.3,0.0,5640,775.04
300.5,24.2,53.2,1985-02-05,0,-5.1,28.8,92.0,5640,860.64
115.5,28.8,45.8,1985-02-06,0,-6.2,27.6,679.7,5664,982.86
112.5,14.2,17.5,1985-02-08,0,33.3,18.7,0.0,5599,925.43
97.0,9.6,4.9,1985-02-09,0,44.400000000000006,17.6,0.0,5636,948.1
71.8,-5.2,17.9,1985-02-10,0,29.3,20.1,0.0,5683,985.79
153.5,9.8,30.2,1985-02-11,0,22.200000000000003,25.0,0.0,5641,960.53
209.6,28.1,42.0,1985-02-13,0,7.5,32.4,-14.900000000000002,5634,990.43
216.0,28.0,42.4,1985-02-14,0,12.5,32.8,-181.7,5666,954.7
158.4,26.8,43.4,1985-02-15,0,9.100000000000001,34.5,-71.39999999999999,5620,973.22
156.5,11.2,47.0,1985-02-16,0,0.4,25.8,73.1,5567,985.73
69.8,-2.5,18.7,1985-02-17,0,12.1,21.7,0.0,5559,1000.02
40.7,-8.2,12.3,1985-02-18,0,30.4,21.8,0.0,5679,928.02
29.1,-10.0,9.3,1985-02-19,0,40.5,23.2,0.0,5700,877.88
64.0,-6.6,23.1,1985-02-20,0,29.6,28.8,0.0,5715,965.93
93.8,10.0,28.4,1985-02-21,0,20.6,36.9,0.0,5734,985.61
69.8,6.6,28.9,1985-02-22,0,21.4,22.5,0.0,5648,872.79
77.6,2.6,21.7,1985-02-23,0,26.0,25.0,0.0,5706,952.84
60.1,0.2,11.9,1985-02-24,0,29.4,26.8,0.0,5737,949.84
106.7,2.8,13.7,1985-02-25,0,14.600000000000001,26.2,-43.1,5698,973.01
77.6,11.8,32.9,1985-02-26,0,-4.6,22.7,-74.6,5662,962.27
91.2,7.0,26.4,1985-02-27,0,15.399999999999999,27.7,0.0,5719,967.73
161.6,5.4,24.4,1985-02-28,0,21.700000000000003,26.9,0.0,5760,928.91
98.9,0.8,22.5,1985-03-01,0,19.6,28.7,18.5,5762,1006.02
73.7,2.8,26.5,1985-03-02,0,10.1,24.7,0.0,5738,982.93
48.5,2.8,26.3,1985-03-03,0,5.5,24.6,91.19999999999999,5700,980.36
56.3,2.8,25.3,1985-03-04,0,5.8,31.9,78.1,5754,987.75
58.2,2.4,25.9,1985-03-05,0,7.5,32.1,-77.0,5774,995.16
195.7,16.4,42.2,1985-03-06,0,1.5,40.9,620.1,5827,837.23
110.1,8.4,34.6,1985-03-07,0,5.9,33.6,-35.0,5795,990.25
83.4,4.2,32.3,1985-03-08,0,3.1,25.3,1140.6,5788,990.22
79.5,4.0,27.3,1985-03-09,0,18.8,21.2,0.0,5800,934.43
103.6,9.4,33.4,1985-03-10,0,14.5,17.4,0.0,5749,928.7
66.0,7.0,29.5,1985-03-11,0,15.1,19.2,0.0,5736,922.84
66.0,7.8,29.1,1985-03-12,0,11.9,17.5,0.0,5721,910.54
62.1,6.2,30.3,1985-03-13,0,11.2,22.6,-447.1,5789,948.1
84.6,12.4,36.2,1985-03-14,0,6.7,26.4,16.399999999999977,5761,980.3
52.4,15.4,38.1,1985-03-15,0,-1.5,22.9,1121.3,5748,982.77
46.6,11.0,30.7,1985-03-16,0,-3.1999999999999997,23.3,1689.5,5730,972.4
56.3,19.6,40.9,1985-03-17,0,-9.7,23.2,2157.7,5716,987.75
60.1,19.2,46.7,1985-03-18,0,-9.6,22.8,1655.0,5715,964.43
75.7,17.0,39.7,1985-03-19,0,-3.4999999999999996,27.4,1464.7,5740,953.38
396.1,26.4,57.8,1985-03-20,0,-15.6,34.4,4628.7,5673,985.15
44.6,13.6,30.1,1985-03-21,0,-6.7,22.2,-5.699999999999999,5684,974.96
50.4,9.8,31.5,1985-03-22,0,-4.4,26.2,3306.2,5721,990.22
151.9,17.6,46.0,1985-03-23,0,-8.0,31.0,21.1,5710,974.87
300.8,29.8,54.8,1985-03-24,1,-11.3,35.0,14.799999999999999,5702,982.59
126.2,18.8,49.2,1985-03-25,0,-4.8999999999999995,30.4,1079.3000000000002,5707,962.08
48.5,5.6,30.9,1985-03-26,0,2.8,21.9,72.8,5699,967.45
309.5,29.2,53.2,1985-03-27,0,1.1,35.0,725.0,5744,972.55
106.2,26.6,46.2,1985-03-28,0,-8.8,35.7,4144.1,5740,990.16
185.0,31.8,51.0,1985-03-29,0,-14.1,39.0,2014.3,5711,987.63
83.1,17.2,46.6,1985-03-30,0,-13.200000000000001,26.9,4246.2,5740,972.03
153.2,33.5,50.2,1985-03-31,0,-14.7,39.0,4742.5,5725,982.5
41.1,22.2,44.6,1985-04-01,0,-19.4,26.5,4770.4,5668,1001.53
144.5,28.0,44.0,1985-04-02,0,-4.3,36.1,1585.1,5818,840.19
96.5,28.2,46.2,1985-04-03,0,-8.8,29.0,2230.9,5706,966.96
45.5,17.6,41.0,1985-04-04,0,-9.3,26.6,2783.1,5722,969.53
196.3,32.4,51.8,1985-04-05,0,-6.3,30.6,866.0,5700,905.65
46.6,17.4,40.4,1985-04-06,1,3.0,20.4,29.599999999999966,5736,909.32
52.4,16.6,38.5,1985-04-07,0,-6.7,18.8,1240.8,5663,953.84
152.1,18.4,45.4,1985-04-08,0,3.8,21.4,-320.49999999999994,5694,770.2
130.7,23.0,38.6,1985-04-09,1,9.8,24.8,-457.49999999999994,5701,786.62
214.0,27.7,43.2,1985-04-11,0,12.3,23.5,0.0,5756,756.41
56.3,6.6,34.2,1985-04-12,0,-2.7,31.1,2636.9,5779,985.12
71.2,7.8,36.6,1985-04-13,0,-4.1000000000000005,28.1,2333.1000000000004,5789,997.57
48.5,10.8,38.3,1985-04-14,0,8.1,19.0,0.0,5802,737.84
102.4,23.0,46.0,1985-04-15,0,-10.200000000000001,36.7,3580.7000000000003,5811,987.53
226.9,28.4,45.6,1985-04-16,0,-2.3,47.8,14.899999999999999,5780,982.44
182.5,22.6,49.0,1985-04-17,0,-12.6,37.5,3646.0,5707,992.6
193.0,27.0,48.8,1985-04-18,0,-6.1,34.2,-5.5,5738,974.78
129.8,20.0,43.0,1985-04-19,0,-4.5,38.4,1889.0,5767,974.72
56.6,14.8,42.0,1985-04-20,0,-9.7,29.8,-1.6000000000000005,5736,977.34
117.0,20.6,36.8,1985-04-21,0,1.4999999999999996,39.1,2202.3,5772,974.69
142.9,12.2,39.2,1985-04-23,0,-3.0,30.6,2963.2,5812,992.6
48.5,16.0,41.3,1985-04-24,0,4.0,18.4,-483.99999999999994,5776,799.25
67.9,21.0,38.3,1985-04-25,0,-10.299999999999999,33.7,3242.4,5815,984.94
184.9,28.6,52.0,1985-04-26,0,-15.299999999999999,35.4,22.4,5767,987.56
80.3,14.4,47.6,1985-04-27,1,-13.1,28.5,3348.1,5765,982.47
196.5,24.2,48.8,1985-04-28,1,-0.20000000000000018,26.4,-13.600000000000001,5718,972.58
81.2,15.2,46.0,1985-04-29,0,1.0000000000000002,22.6,-335.5,5731,940.11
60.1,8.6,31.3,1985-04-30,0,-3.4000000000000004,20.5,763.6,5703,975.11
508.0,33.0,61.2,1985-05-01,1,-13.600000000000001,46.6,1248.7,5712,998.98
286.8,34.7,51.8,1985-05-02,0,-7.0,49.3,3610.7000000000003,5776,995.07
148.0,21.8,46.4,1985-05-03,1,0.0,35.8,658.4,5762,975.11
89.8,18.6,40.6,1985-05-04,1,0.6999999999999997,38.3,822.6999999999999,5750,967.03
204.4,25.4,54.0,1985-05-05,1,-17.3,32.3,20.900000000000002,5667,985.21
56.3,9.6,37.5,1985-05-06,1,-7.699999999999999,25.5,2541.1,5733,977.49
365.3,38.9,54.8,1985-05-07,1,2.0999999999999996,47.4,174.00000000000003,5724,967.45
31.0,29.3,45.6,1985-05-08,0,-0.5999999999999996,39.6,-24.899999999999977,5744,930.95
154.7,30.6,49.8,1985-05-09,0,-10.4,34.1,2984.0,5754,990.13
122.4,28.6,48.0,1985-05-10,1,-4.1,31.0,1040.5,5725,959.12
170.1,22.8,49.2,1985-05-11,0,-13.4,35.8,4184.900000000001,5705,972.03
145.9,29.9,48.8,1985-05-12,0,-6.3,39.4,1668.7,5746,977.43
198.7,28.4,45.2,1985-05-13,0,-1.8000000000000003,46.9,2323.1,5780,982.47
193.2,27.8,50.6,1985-05-14,0,-16.4,36.3,6689.9,5677,971.91
37.2,13.4,35.4,1985-05-15,0,-8.3,34.9,-93.0,5798,899.22
99.2,29.5,47.0,1985-05-17,0,-12.299999999999999,40.4,5044.3,5793,919.2
57.0,13.2,36.4,1985-05-18,0,5.9,27.6,-127.20000000000002,5757,950.91
50.1,7.8,35.4,1985-05-19,0,-4.6000000000000005,28.3,3061.2,5754,969.44
113.1,20.0,37.8,1985-05-21,0,-1.1999999999999997,39.5,2296.5,5754,979.93
152.5,17.2,40.4,1985-05-22,0,-1.8000000000000003,33.8,2048.1000000000004,5803,961.17
251.0,33.1,45.6,1985-05-23,1,1.8000000000000003,45.5,269.0,5762,966.96
271.9,34.7,35.2,1985-05-24,0,15.100000000000001,56.0,-21.700000000000003,5748,900.74
271.3,42.3,47.2,1985-05-25,0,3.5999999999999996,54.5,640.7,5736,903.18
200.9,29.4,47.8,1985-05-26,0,-3.3999999999999995,39.8,4222.1,5805,913.26
210.2,28.9,40.8,1985-05-27,0,4.3,44.6,801.0,5799,947.68
224.7,26.2,49.6,1985-05-28,0,-3.5,32.8,999.8000000000001,5799,920.95
139.7,8.0,40.6,1985-05-29,0,-4.9,19.3,-67.80000000000001,5753,865.31
90.1,25.0,48.8,1985-05-30,0,-4.5,24.6,222.9,5747,869.98
248.4,31.7,50.8,1985-05-31,0,-5.1,37.5,477.30000000000007,5800,897.14
248.4,31.7,50.8,1985-06-01,1,-6.199999999999999,0.0,-1.0,5802,963.79
240.3,39.9,45.0,1985-06-14,1,1.3999999999999995,57.0,1617.1,5732,935.92
251.6,37.1,43.2,1985-06-15,1,2.1999999999999993,40.8,360.40000000000003,5732,940.73
247.1,39.3,42.4,1985-06-16,0,8.2,58.8,61.8,5752,916.31
255.7,31.4,47.6,1985-06-17,0,-6.499999999999999,38.5,3325.6,5772,876.38
262.1,33.7,52.6,1985-06-19,1,-10.600000000000001,40.2,3636.7000000000003,5799,885.41
177.0,33.3,43.4,1985-06-20,1,3.8999999999999995,42.2,897.6999999999999,5727,936.03
193.6,26.6,43.2,1985-06-21,0,7.7,39.1,76.80000000000001,5773,926.42
234.0,34.1,44.0,1985-06-22,0,2.9,48.4,2213.6,5784,923.56
270.7,36.7,44.8,1985-06-23,1,1.5,55.3,2899.2,5789,945.34
286.6,39.3,42.8,1985-06-24,1,3.0,60.3,2870.8,5808,935.76
323.0,37.1,42.4,1985-06-25,1,5.699999999999999,59.5,1388.6999999999998,5823,949.99
237.2,35.1,41.8,1985-06-26,0,3.8999999999999995,47.2,785.9000000000001,5793,933.56
248.6,34.3,42.6,1985-06-27,1,6.9,47.7,-14.9,5792,921.31
259.0,38.9,45.0,1985-06-28,0,4.6,51.7,1043.0,5779,928.59
177.0,29.7,42.0,1985-06-29,1,3.8000000000000003,38.2,376.9,5694,906.18
271.7,38.1,39.6,1985-06-30,0,13.5,64.1,0.0,5781,945.43
237.7,34.1,41.4,1985-07-01,0,1.9999999999999996,54.4,1616.1,5741,976.06
271.2,41.5,46.8,1985-07-02,0,3.6,59.9,705.1,5760,949.99
256.7,36.9,42.4,1985-07-03,0,8.8,53.3,33.5,5767,949.99
234.6,37.7,44.6,1985-07-04,1,2.1999999999999997,47.2,2204.3,5747,935.98
241.9,33.7,36.2,1985-07-05,1,10.7,42.5,306.90000000000003,5767,940.76
280.7,36.8,40.6,1985-07-06,0,8.7,62.1,16.3,5843,947.68
239.4,37.7,43.2,1985-07-07,0,5.5,54.7,-12.399999999999999,5804,926.23
215.0,33.5,43.6,1985-07-08,0,5.199999999999999,44.3,213.39999999999998,5756,903.51
207.7,34.5,43.8,1985-07-09,0,8.9,44.7,-167.3,5760,887.17
171.6,34.7,44.2,1985-07-10,0,3.4,42.4,592.5,5727,908.82
268.7,42.3,47.6,1985-07-11,0,2.8000000000000003,58.6,1632.5,5817,949.99
276.9,38.1,46.2,1985-07-13,1,5.2,64.3,525.5,5836,992.63
235.6,35.1,46.4,1985-07-14,0,1.7000000000000002,45.5,1337.8,5765,926.23
260.4,41.5,48.0,1985-07-15,0,0.5,65.7,3621.7000000000003,5809,985.06
253.4,35.9,45.4,1985-07-16,0,1.3000000000000003,60.8,2.4000000000000004,5794,982.53
247.1,37.7,41.6,1985-07-17,0,3.7,44.5,105.4,5789,985.09
269.7,37.2,37.0,1985-07-18,1,12.8,68.6,1.0,5835,995.1
250.8,40.9,45.4,1985-07-19,0,1.3000000000000003,65.8,1225.6,5789,992.6
291.3,41.7,47.8,1985-07-21,0,4.8,71.5,847.8,5853,985.03
248.6,40.7,46.0,1985-07-22,0,2.5,67.5,1374.6,5819,987.63
269.6,36.3,52.0,1985-07-23,0,-9.7,49.9,5053.4,5731,995.1
251.5,38.9,48.6,1985-07-24,1,-3.9,59.8,3091.6,5781,987.59
214.6,31.1,39.4,1985-07-25,0,-8.3,54.1,5490.0,5723,995.04
225.4,36.3,48.4,1985-07-26,0,-5.0,57.3,2.3,5768,987.59
206.7,36.7,46.2,1985-07-27,1,-4.699999999999999,54.5,2650.1,5756,979.93
223.5,30.5,44.2,1985-07-29,1,-0.8999999999999995,51.8,3244.2000000000003,5807,987.56
223.4,36.1,43.2,1985-07-30,0,5.5,48.1,2547.2999999999997,5768,935.98
250.9,40.5,47.8,1985-07-31,0,-1.6999999999999993,49.5,2263.6,5760,931.06
286.3,37.7,44.0,1985-08-01,0,3.9000000000000004,62.8,1457.7,5794,977.02
288.3,37.5,45.8,1985-08-02,1,4.3999999999999995,46.7,2003.2,5776,945.43
220.2,32.9,41.4,1985-08-03,1,0.0,53.2,2186.0,5788,992.6
253.2,42.7,48.6,1985-08-04,1,-3.5,67.9,3290.7,5788,992.6
258.8,38.3,44.0,1985-08-05,0,5.5,52.7,495.7,5785,938.37
278.5,34.1,38.6,1985-08-06,0,10.7,55.1,-0.19999999999999996,5790,945.4
283.9,40.9,45.8,1985-08-07,0,2.5,56.2,2384.8,5746,949.99
239.0,35.9,43.4,1985-08-08,0,4.2,51.3,1639.7,5741,931.2
230.7,36.5,42.8,1985-08-09,0,6.800000000000001,51.0,482.9,5785,923.81
208.1,27.9,40.6,1985-08-10,0,0.6999999999999993,56.3,2157.4,5817,987.53
240.7,42.9,48.2,1985-08-11,0,-2.0,58.4,3494.7999999999997,5805,930.92
222.9,36.5,46.6,1985-08-12,0,6.199999999999999,45.4,73.4,5783,878.27
250.8,40.5,47.6,1985-08-13,1,-2.0,55.9,4724.7,5772,928.51
286.1,40.1,46.6,1985-08-14,1,0.7999999999999998,54.5,-31.999999999999996,5814,920.95
234.3,28.5,39.0,1985-08-15,0,9.600000000000001,40.9,376.09999999999997,5788,895.14
239.4,35.3,45.6,1985-08-16,0,3.3000000000000003,48.0,-22.5,5799,918.68
252.3,37.9,46.0,1985-08-17,1,1.5999999999999996,53.6,2118.7999999999997,5806,940.68
255.6,37.1,42.6,1985-08-18,1,4.699999999999999,58.2,2184.9,5832,935.81
228.7,38.1,43.8,1985-08-19,1,6.7,55.8,294.7,5813,921.2
269.1,40.9,47.0,1985-08-20,1,2.1000000000000005,59.4,2439.7,5800,945.37
232.6,35.5,42.4,1985-08-21,0,10.5,48.1,0.0,5798,931.31
255.3,41.7,48.0,1985-08-22,1,-0.40000000000000036,54.6,2403.4,5812,935.9
241.2,32.7,41.8,1985-08-23,1,7.5,49.7,276.6,5846,916.01
197.5,34.7,42.6,1985-08-24,1,0.39999999999999947,54.5,2134.6,5804,987.56
234.0,41.1,47.2,1985-08-25,1,0.6000000000000005,54.4,2026.2,5785,928.67
290.0,42.3,45.6,1985-08-26,1,0.5,61.9,5063.200000000001,5806,945.34
147.6,28.9,35.2,1985-08-27,1,20.7,38.2,0.0,5761,819.47
225.1,32.9,43.6,1985-08-28,1,5.2,42.2,1315.6,5759,923.89
258.8,39.3,49.8,1985-08-29,0,-3.5000000000000004,48.8,3879.0,5758,940.7
240.4,31.5,42.4,1985-08-30,0,3.6999999999999997,57.5,35.5,5823,990.13
229.2,37.9,46.6,1985-08-31,1,-1.7000000000000002,57.8,2784.5,5775,979.97
240.3,37.5,43.2,1985-09-01,1,2.6,61.7,2126.9,5806,986.03
167.3,32.7,38.8,1985-09-02,1,-0.7999999999999998,58.5,3089.6,5805,982.44
268.2,43.3,49.2,1985-09-03,1,0.9000000000000004,63.8,2760.4,5811,935.84
244.0,41.5,47.4,1985-09-04,1,2.8000000000000007,55.9,2529.7,5809,947.71
267.2,41.3,46.0,1985-09-05,1,4.4,60.0,2573.2999999999997,5821,940.68
229.2,39.1,45.4,1985-09-06,1,3.5000000000000004,47.7,2532.5,5798,923.7
237.3,42.1,48.2,1985-09-07,1,-2.5000000000000004,62.8,2873.8,5816,987.56
250.8,39.1,45.8,1985-09-08,1,1.9000000000000004,49.6,3494.1,5817,930.98
288.9,39.5,47.0,1985-09-09,0,-2.0,56.2,6086.8,5852,949.99
260.7,36.5,47.2,1985-09-10,0,-2.7,58.5,3367.7000000000003,5776,982.5
202.5,33.1,42.0,1985-09-11,0,-3.4000000000000004,52.7,2404.1,5745,969.41
205.4,28.7,36.6,1985-09-12,1,3.8000000000000003,53.0,1850.1000000000001,5794,985.09
207.4,32.9,42.0,1985-09-13,0,1.6000000000000005,48.6,2145.2999999999997,5784,985.12
208.6,31.1,37.4,1985-09-14,0,5.0,32.5,378.1,5830,938.4
189.0,27.9,38.2,1985-09-16,0,2.6000000000000005,45.4,1622.3,5806,922.96
231.6,32.5,46.0,1985-09-17,0,2.8000000000000003,47.3,2090.7,5813,987.63
135.5,27.5,42.8,1985-09-18,0,-2.3,42.7,2385.5,5776,982.56
146.1,24.0,42.2,1985-09-19,0,0.9999999999999996,38.3,1515.5,5794,974.81
165.4,24.1,35.4,1985-09-20,1,-2.4000000000000004,47.1,2155.5,5757,985.09
229.5,35.9,47.4,1985-09-21,0,-5.7,52.9,3377.1,5750,995.1
169.2,30.3,43.2,1985-09-22,1,-4.8,47.2,2815.0,5706,995.13
225.3,38.1,49.0,1985-09-23,1,-2.0,60.1,2810.6,5802,982.53
182.1,33.1,44.4,1985-09-24,1,-3.4,49.9,3304.6,5729,985.09
226.8,39.3,49.8,1985-09-25,0,-5.5,57.5,3823.0,5744,990.16
254.4,39.1,51.2,1985-09-26,0,-6.5,54.9,3595.3999999999996,5765,992.63
208.1,38.3,47.2,1985-09-27,1,-3.7,53.2,3422.4,5759,974.69
139.9,14.2,40.2,1985-09-28,1,-2.3,36.9,3129.0,5805,987.53
210.5,34.3,48.2,1985-09-29,0,-3.5999999999999996,51.5,3079.2,5748,990.13
416.1,47.3,56.4,1985-09-30,0,-3.1,65.8,3320.4,5831,982.5
169.6,33.9,45.0,1985-10-02,0,-3.1000000000000005,43.8,742.6,5747,977.37
219.5,27.8,49.0,1985-10-03,0,0.3000000000000007,47.6,1686.1000000000001,5779,985.15
169.2,34.9,46.8,1985-10-04,0,-6.7,46.6,2658.0,5730,987.63
188.0,21.0,43.4,1985-10-05,1,-3.1000000000000005,44.9,3804.2999999999997,5734,982.53
49.2,11.6,33.4,1985-10-06,0,3.1,32.5,1433.1999999999998,5718,980.21
142.3,25.6,37.6,1985-10-07,0,5.4,37.3,1501.1000000000001,5742,974.93
225.3,35.9,43.0,1985-10-08,0,4.5,56.0,2093.5,5783,974.78
190.8,37.1,47.2,1985-10-09,0,-4.4,51.1,3142.4,5747,972.18
149.1,26.5,38.4,1985-10-10,0,2.1999999999999997,38.6,1820.5,5751,974.84
241.4,40.1,47.2,1985-10-11,1,-1.0,61.7,2769.5,5788,987.63
215.5,34.1,45.6,1985-10-12,0,-3.9,51.2,2966.7,5749,995.1
119.6,30.1,39.6,1985-10-13,1,-0.5,46.7,2404.7000000000003,5784,987.63
167.9,26.0,44.8,1985-10-14,1,-5.5,41.7,3907.1,5776,987.59
182.9,32.3,45.4,1985-10-15,0,-8.3,46.9,5475.400000000001,5728,982.47
300.4,37.3,43.0,1985-10-16,0,5.6,54.5,2235.9,5761,945.4
183.9,12.2,35.0,1985-10-17,0,8.9,23.3,0.0,5761,864.21
78.0,9.6,30.6,1985-10-18,0,2.5,35.0,2080.3,5750,987.69
140.1,11.2,31.8,1985-10-19,0,19.2,30.2,0.0,5723,972.95
33.0,0.0,18.5,1985-10-20,0,16.1,20.6,-142.0,5726,957.02
69.0,4.6,29.2,1985-10-21,0,12.3,25.2,6.099999999999994,5703,954.24
63.3,2.0,27.2,1985-10-22,0,12.2,24.3,-26.199999999999996,5697,954.24
66.1,9.6,35.4,1985-10-23,0,3.0,23.6,147.6,5646,965.01
153.3,12.0,39.2,1985-10-24,0,11.299999999999999,34.1,-64.3,5719,970.29
25.2,-0.8,28.0,1985-10-25,0,7.2,27.1,33.2,5697,972.76
198.7,13.0,40.2,1985-10-26,0,9.5,37.0,-21.200000000000003,5740,975.23
33.0,-2.6,26.6,1985-10-27,0,12.6,23.3,-93.19999999999999,5715,940.38
120.4,6.6,35.8,1985-10-28,0,13.7,24.5,0.0,5724,946.27
87.5,4.6,34.6,1985-10-29,0,7.9,21.6,-37.900000000000006,5668,951.77
40.7,3.2,21.5,1985-10-30,0,9.8,18.1,0.0,5680,949.11
102.5,8.2,29.0,1985-10-31,0,21.9,29.9,0.0,5725,932.08
156.3,15.4,39.6,1985-11-01,0,12.9,40.1,0.0,5760,989.64
71.7,10.0,39.2,1985-11-02,0,2.4,27.5,860.4,5679,982.93
29.1,1.8,27.7,1985-11-03,0,13.1,16.6,0.0,5663,923.2
64.7,4.2,34.4,1985-11-04,0,6.3,24.8,-51.400000000000006,5687,959.58
44.6,7.4,37.0,1985-11-05,0,14.0,16.1,0.0,5643,819.66
100.4,18.8,38.8,1985-11-06,0,5.5,26.4,-75.69999999999999,5680,954.27
46.6,3.0,33.3,1985-11-07,0,3.3,20.0,0.29999999999999716,5660,962.39
79.5,1.8,33.3,1985-11-08,0,1.5,20.1,-313.0,5687,849.11
91.2,5.8,39.8,1985-11-09,0,4.6000000000000005,24.7,0.0,5681,957.29
74.5,5.0,32.6,1985-11-10,0,11.7,22.6,0.0,5674,954.51
64.0,3.6,32.5,1985-11-12,0,10.600000000000001,18.6,-102.9,5641,965.44
78.8,-5.8,25.6,1985-11-13,0,20.1,24.4,0.0,5726,967.91
40.7,-4.4,26.1,1985-11-14,0,11.600000000000001,21.8,0.0,5722,959.92
134.3,9.6,37.6,1985-11-16,0,14.5,27.4,0.0,5690,929.03
195.8,9.4,38.6,1985-11-17,0,17.799999999999997,31.7,0.0,5715,907.24
217.9,16.2,36.0,1985-11-18,0,18.3,40.1,0.0,5765,985.43
147.8,30.1,40.4,1985-11-19,0,9.9,38.5,0.0,5725,906.72
66.0,8.6,28.1,1985-11-20,0,17.3,23.8,0.0,5636,923.9
56.3,2.8,21.3,1985-11-21,0,26.8,25.2,0.0,5700,902.76
67.9,0.6,22.1,1985-11-22,0,29.3,28.4,0.0,5725,941.73
71.8,2.6,22.7,1985-11-23,0,24.9,25.1,0.0,5724,924.27
58.2,3.6,24.1,1985-11-24,0,24.3,25.0,0.0,5706,918.32
115.3,7.4,33.2,1985-11-26,0,22.9,32.6,0.0,5745,946.88
175.1,10.8,37.2,1985-11-27,0,27.4,33.5,0.0,5735,905.99
113.9,12.4,33.4,1985-11-28,0,25.8,26.9,0.0,5700,933.55
31.0,8.2,25.1,1985-11-29,0,29.1,23.8,0.0,5709,900.53
33.0,12.2,36.6,1985-11-30,0,25.0,24.4,0.0,5729,897.05
36.9,8.2,18.9,1985-12-01,0,28.3,25.8,0.0,5712,990.78
66.0,13.0,31.0,1985-12-02,0,26.4,19.4,0.0,5675,930.71
71.8,7.6,20.3,1985-12-03,0,22.5,16.8,0.0,5648,876.17
66.0,5.0,24.3,1985-12-04,0,26.2,22.0,0.0,5648,915.88
48.5,4.0,20.5,1985-12-05,0,33.0,20.1,0.0,5679,939.71
143.5,-1.4,21.4,1985-12-06,0,38.0,31.5,0.0,5727,944.53
52.4,-7.6,20.1,1985-12-07,0,28.0,20.6,0.0,5714,941.85
46.8,2.6,31.6,1985-12-08,0,17.5,19.5,0.0,5642,944.53
121.5,9.2,38.2,1985-12-09,0,17.7,18.2,0.0,5633,952.87
99.6,2.0,28.8,1985-12-10,0,22.9,19.9,0.0,5649,939.01
71.8,3.2,19.7,1985-12-11,0,30.5,16.3,0.0,5614,936.81
62.1,-1.4,29.4,1985-12-12,0,34.4,19.2,0.0,5740,900.41
52.4,0.4,27.5,1985-12-13,0,25.700000000000003,19.0,0.0,5719,933.43
38.8,-1.2,27.4,1985-12-14,0,22.4,22.2,0.0,5715,935.53
87.1,5.4,35.4,1985-12-15,0,17.4,24.5,0.0,5714,932.54
83.8,6.8,30.2,1985-12-16,0,17.9,25.5,0.0,5710,965.44
52.4,10.6,24.3,1985-12-17,0,21.0,17.6,0.0,5713,923.75
138.4,20.2,43.0,1985-12-18,0,5.800000000000001,26.5,0.0,5645,957.35
165.4,8.8,43.8,1985-12-19,0,7.6,24.2,0.0,5665,940.72
48.5,-2.4,29.9,1985-12-20,0,20.8,15.3,0.0,5644,876.17
58.2,7.4,27.7,1985-12-21,0,29.1,19.8,0.0,5669,883.9
13.6,8.0,28.4,1985-12-22,0,27.4,17.2,0.0,5649,928.02
40.7,8.4,19.3,1985-12-23,0,28.299999999999997,17.3,0.0,5635,947.86
66.3,4.8,33.0,1985-12-24,0,15.899999999999999,19.7,0.0,5619,963.33
131.1,11.2,42.0,1985-12-25,0,15.1,20.2,0.0,5643,955.43
116.7,8.4,39.0,1985-12-26,0,15.0,17.1,0.0,5637,936.02
152.9,18.0,45.4,1985-12-27,0,5.0,22.6,0.0,5620,975.88
243.6,30.8,47.0,1985-12-28,0,1.7,35.8,81.4,5676,995.22
62.1,13.0,29.7,1985-12-29,0,22.7,16.6,0.0,5668,921.92
118.3,8.2,16.1,1985-12-30,0,32.9,22.3,0.0,5676,955.98
87.3,6.2,11.7,1985-12-31,0,34.900000000000006,15.6,0.0,5676,904.77
71.8,7.0,12.1,1986-01-01,0,32.0,18.9,0.0,5651,985.15
77.6,6.8,11.9,1986-01-02,0,35.9,19.6,0.0,5675,925.86
66.0,9.0,13.7,1986-01-03,0,33.4,20.7,0.0,5661,961.29
62.1,5.2,34.7,1986-01-04,0,29.1,15.6,0.0,5674,959.03
91.2,-1.0,29.8,1986-01-05,0,33.7,17.9,0.0,5666,981.37
75.7,0.0,30.0,1986-01-06,0,34.0,17.1,0.0,5673,976.52
58.2,-7.0,23.5,1986-01-07,0,28.1,22.5,0.0,5713,985.98
46.6,0.6,32.9,1986-01-08,0,10.5,21.2,-4616.0,5693,880.78
72.5,1.8,34.2,1986-01-09,0,16.0,22.6,0.0,5668,941.57
156.0,9.0,38.8,1986-01-10,0,19.5,24.7,0.0,5655,902.76
64.0,8.6,40.6,1986-01-11,0,11.0,18.7,0.0,5672,932.91
153.8,11.0,40.8,1986-01-12,0,14.899999999999999,18.1,0.0,5601,918.32
67.9,1.0,17.9,1986-01-13,0,18.9,20.0,0.0,5636,918.01
64.0,-6.6,19.9,1986-01-14,0,29.2,19.7,0.0,5646,968.86
60.1,-3.4,23.3,1986-01-15,0,31.0,21.3,0.0,5647,990.83
246.6,33.8,45.0,1986-01-16,0,21.200000000000003,36.1,0.0,5601,993.03
87.3,16.6,25.1,1986-01-17,0,17.5,25.4,0.0,5611,988.39
99.3,14.0,29.8,1986-01-18,0,30.3,26.6,0.0,5621,974.11
102.6,4.3,35.8,1986-01-19,0,19.700000000000003,20.2,0.0,5589,934.07
85.4,-2.6,17.1,1986-01-20,0,30.2,13.9,0.0,5592,892.29
81.5,0.7,26.5,1986-01-21,0,25.9,15.0,0.0,5558,942.98
76.5,3.6,33.2,1986-01-22,0,24.7,22.6,0.0,5642,945.21
102.8,-4.2,9.3,1986-01-23,0,32.0,20.6,0.0,5658,913.25
153.8,14.0,37.6,1986-01-24,0,19.4,34.1,0.0,5688,963.18
62.1,9.8,26.1,1986-01-25,0,19.9,18.5,0.0,5566,925.43
62.1,17.1,24.7,1986-01-26,0,17.5,14.3,0.0,5533,942.7
132.7,12.4,42.2,1986-01-27,0,16.700000000000003,20.4,0.0,5586,939.41
62.1,-7.2,28.7,1986-01-28,0,17.6,16.1,0.0,5605,910.14
58.2,3.6,29.0,1986-01-29,0,18.7,22.3,0.0,5594,950.15
183.2,24.0,38.0,1986-01-30,0,16.2,34.1,0.0,5669,973.28
73.7,11.6,38.0,1986-01-31,0,5.7,25.4,-91.9,5657,957.23
169.3,32.0,46.2,1986-02-01,0,7.5,34.0,-163.7,5652,969.67
147.3,22.6,39.2,1986-02-02,0,11.7,26.7,0.0,5618,941.27
186.5,9.8,40.0,1986-02-03,0,14.5,23.4,0.0,5635,941.6
75.7,11.8,36.3,1986-02-04,0,13.8,23.3,0.0,5647,957.99
79.5,9.4,36.9,1986-02-05,0,1.9,20.8,31.89999999999999,5626,995.29
168.0,30.9,43.6,1986-02-06,0,5.3,34.8,-38.7,5645,967.94
188.4,27.8,43.8,1986-02-07,0,9.7,31.9,-172.60000000000002,5660,951.95
122.4,20.4,42.0,1986-02-08,0,8.6,28.6,0.0,5664,970.66
65.2,22.0,40.2,1986-02-09,0,13.3,23.1,0.0,5650,944.17
36.9,7.8,31.1,1986-02-10,0,9.399999999999999,15.0,0.0,5652,908.49
167.0,30.0,52.0,1986-02-11,0,3.3,25.6,0.0,5644,941.27
208.3,34.8,51.2,1986-02-12,0,2.5,32.7,-105.4,5646,954.67
139.3,15.4,48.4,1986-02-13,0,0.09999999999999987,24.0,-0.8999999999999915,5631,962.69
295.6,29.4,54.6,1986-02-14,1,-6.699999999999999,30.7,862.4,5606,985.55
221.6,28.8,51.4,1986-02-15,0,2.8,30.4,0.0,5642,914.26
79.5,10.0,34.9,1986-02-16,0,4.6,22.8,-64.9,5593,965.59
142.7,9.0,43.2,1986-02-17,0,12.1,19.5,0.0,5607,939.32
73.7,13.8,31.1,1986-02-18,0,23.9,18.5,0.0,5591,859.57
98.9,8.2,26.5,1986-02-19,0,25.700000000000003,19.2,0.0,5642,919.02
81.5,12.0,33.3,1986-02-20,0,18.4,19.5,0.0,5659,942.0
64.0,6.2,18.7,1986-02-21,0,28.4,19.4,0.0,5692,883.99
102.8,11.6,31.1,1986-02-22,0,20.6,22.8,0.0,5700,932.91
132.1,26.8,37.8,1986-02-23,0,6.800000000000001,32.6,211.0,5673,959.46
215.8,18.4,43.2,1986-02-24,0,19.8,29.1,0.0,5689,908.49
52.4,9.2,26.5,1986-02-25,0,25.200000000000003,17.3,0.0,5643,913.1
84.8,19.3,33.6,1986-02-26,0,11.1,22.3,0.0,5685,777.82
77.6,18.9,33.3,1986-02-27,0,17.9,26.0,0.0,5661,944.5
163.7,28.2,41.0,1986-02-28,0,14.6,33.8,0.0,5668,938.19
178.7,25.4,48.0,1986-03-01,0,4.1,34.5,-94.39999999999999,5678,1006.18
105.2,20.4,45.4,1986-03-02,0,2.4,23.5,-92.4,5639,932.02
86.4,24.9,44.6,1986-03-03,0,3.5999999999999996,25.0,136.2,5606,968.06
95.9,20.6,43.6,1986-03-04,0,6.4,27.0,-123.89999999999999,5609,952.16
72.0,8.2,39.6,1986-03-05,0,4.8999999999999995,23.2,-0.8999999999999986,5625,995.29
120.6,27.8,44.6,1986-03-06,0,1.3,29.3,222.60000000000002,5641,970.32
101.3,18.9,41.6,1986-03-07,0,4.0,24.1,111.60000000000001,5631,959.92
142.7,32.2,46.6,1986-03-09,0,2.6,26.2,125.09999999999997,5697,925.16
104.6,26.0,39.2,1986-03-10,0,7.1,27.6,-325.09999999999997,5708,840.59
141.2,31.7,44.8,1986-03-11,0,1.4,34.4,600.9000000000001,5711,977.74
128.6,35.0,49.2,1986-03-12,0,-1.4,33.4,529.0,5703,956.62
281.4,27.0,54.4,1986-03-13,0,-2.0,31.6,-126.19999999999999,5734,875.05
154.8,28.2,46.6,1986-03-14,0,-0.5999999999999996,28.5,359.40000000000003,5701,933.82
93.5,22.8,44.0,1986-03-15,1,5.8999999999999995,22.5,-546.8000000000001,5725,876.33
155.5,28.9,45.8,1986-03-16,0,-2.5999999999999996,35.0,320.0,5716,936.72
182.3,29.1,45.0,1986-03-17,0,13.1,26.9,0.0,5705,914.26
66.0,4.6,24.9,1986-03-18,0,13.4,17.1,0.0,5668,901.75
155.4,21.2,41.8,1986-03-19,0,7.300000000000001,26.4,-81.10000000000001,5711,967.64
198.8,24.0,46.8,1986-03-20,0,-5.800000000000001,34.6,1500.1000000000001,5701,980.12
132.2,20.2,36.2,1986-03-21,0,13.399999999999999,25.5,-281.7,5672,897.45
34.9,15.8,27.9,1986-03-22,0,10.6,20.5,0.0,5727,931.78
125.1,21.8,44.2,1986-03-24,0,1.6999999999999997,28.5,-125.00000000000003,5769,933.52
126.9,32.4,49.4,1986-03-25,0,5.4,28.8,-1029.0,5694,782.97
363.9,36.5,58.4,1986-03-26,0,-3.8,34.4,6.800000000000011,5749,928.18
184.6,20.6,45.2,1986-03-27,0,5.5,33.8,-199.6,5763,956.62
74.1,14.2,34.4,1986-03-28,0,12.399999999999999,22.3,0.0,5751,853.96
64.0,14.0,41.9,1986-03-29,1,-2.0,21.2,877.8000000000001,5756,927.66
87.7,23.0,45.6,1986-03-31,0,2.5,27.3,-502.20000000000005,5759,886.09
400.1,39.9,58.8,1986-04-01,0,-1.8,41.3,230.60000000000002,5733,945.51
136.8,27.8,50.0,1986-04-02,1,-9.8,33.3,3528.5,5765,955.89
206.6,31.0,50.2,1986-04-03,0,1.2000000000000002,41.0,341.90000000000003,5770,953.66
78.0,19.0,42.2,1986-04-04,0,0.30000000000000027,33.4,393.09999999999997,5696,951.22
228.9,31.7,53.2,1986-04-05,1,-11.899999999999999,37.5,3339.9,5734,969.65
127.8,10.6,39.0,1986-04-06,0,7.0,34.3,-91.29999999999998,5716,954.09
208.4,24.2,45.6,1986-04-07,1,1.8000000000000003,42.7,1188.8,5738,975.02
110.9,22.8,47.4,1986-04-08,0,-7.4,29.6,1408.3000000000002,5714,980.15
143.9,26.8,43.4,1986-04-10,0,-1.5,41.8,2613.3999999999996,5788,972.09
50.4,11.0,32.9,1986-04-11,0,-5.5,24.1,3391.9,5734,972.18
100.7,30.5,47.2,1986-04-12,0,-8.9,34.7,3161.0,5758,974.78
293.2,30.6,55.4,1986-04-13,0,-11.5,38.9,4131.8,5774,979.97
161.4,30.7,45.6,1986-04-14,0,0.7000000000000002,40.2,1112.1000000000001,5820,966.87
52.4,16.4,38.5,1986-04-15,0,-2.5000000000000004,27.2,3321.0,5803,961.32
137.8,24.4,49.4,1986-04-16,0,-9.1,27.9,4390.7,5773,953.08
122.1,30.3,46.8,1986-04-17,1,-8.4,35.9,2278.2,5773,979.97
218.6,24.8,52.2,1986-04-18,0,-10.5,39.6,3622.1,5779,969.41
244.8,28.2,54.8,1986-04-19,0,-22.1,29.6,5659.0,5631,966.84
158.9,27.2,50.8,1986-04-20,0,-10.3,32.0,-11.7,5691,947.65
132.5,22.0,40.6,1986-04-21,1,-7.9,35.4,4069.3,5689,972.18
25.2,9.6,36.1,1986-04-22,0,4.9,17.1,0.0,5684,925.89
283.7,35.9,55.0,1986-04-24,1,-9.5,39.0,1075.2,5739,977.52
160.3,28.4,48.0,1986-04-25,1,3.3,39.9,-260.6,5777,948.1
97.0,26.9,37.9,1986-04-26,1,-1.4999999999999996,52.5,302.0,5773,953.48
176.4,29.4,49.0,1986-04-27,0,3.1,39.8,240.79999999999995,5845,956.53
127.5,20.2,48.4,1986-04-28,0,-7.8,31.7,1464.5,5743,958.97
138.8,14.2,41.4,1986-04-30,0,1.0999999999999996,28.9,-35.4,5739,985.18
79.1,10.2,35.4,1986-05-01,0,3.2,27.7,2.0,5733,983.59
60.1,5.2,28.1,1986-05-02,0,1.4999999999999996,26.6,519.6,5772,979.93
168.5,23.0,39.8,1986-05-03,1,1.7000000000000002,42.2,1796.8,5818,972.0
213.1,42.7,50.4,1986-05-04,1,-6.3,64.4,2394.9,5795,961.11
179.0,28.8,49.0,1986-05-05,1,-2.3000000000000003,37.7,1144.3,5767,907.82
152.8,16.4,43.4,1986-05-06,1,-9.2,33.7,2689.0,5724,969.41
402.7,41.3,56.6,1986-05-07,0,0.3999999999999999,49.8,20.19999999999999,5758,967.42
187.0,16.6,47.4,1986-05-08,0,3.7,41.7,-37.0,5751,975.14
97.2,9.8,42.8,1986-05-09,0,-4.3,30.3,-31.299999999999997,5735,967.06
166.3,22.2,42.4,1986-05-10,0,3.0,40.1,450.2,5788,980.06
118.9,18.2,39.8,1986-05-11,0,2.4,36.0,310.0,5773,961.59
270.9,35.9,53.0,1986-05-12,1,-10.4,45.1,2211.0,5742,985.09
109.9,19.4,42.4,1986-05-13,1,1.1999999999999997,35.3,78.89999999999998,5763,950.7
98.4,19.0,39.2,1986-05-14,0,2.9,30.9,86.1,5727,977.8
539.2,44.9,58.8,1986-05-15,0,-3.5,68.2,3323.5,5859,982.41
291.3,37.5,50.6,1986-05-16,0,-3.2,52.2,1087.0,5748,985.12
117.3,19.4,40.4,1986-05-17,1,-4.3,34.3,1296.5,5776,972.06
340.4,42.5,54.4,1986-05-18,1,-5.9,38.7,2476.8,5707,945.43
64.0,7.2,36.6,1986-05-19,0,5.0,19.8,-275.1,5775,841.28
479.0,33.6,60.0,1986-05-20,1,-3.5999999999999996,43.1,240.20000000000002,5796,980.09
243.3,33.5,46.4,1986-05-21,0,10.5,55.5,-293.2,5842,975.02
36.9,15.6,34.2,1986-05-22,0,-3.3000000000000003,38.8,2978.6,5795,987.53
33.0,10.2,34.1,1986-05-23,0,-0.8999999999999995,28.5,694.2,5807,972.15
116.5,11.8,37.2,1986-05-24,0,3.9000000000000004,28.3,-62.5,5831,941.7
202.5,30.0,51.2,1986-05-25,0,-12.6,38.3,3089.0,5784,979.78
139.3,22.6,43.0,1986-05-26,1,-3.8,40.6,1549.3999999999999,5842,982.38
454.8,39.9,58.2,1986-05-27,1,2.6000000000000005,52.8,-330.5,5810,927.35
170.8,26.0,47.0,1986-05-28,1,5.699999999999999,40.7,-349.0,5691,942.37
184.7,29.9,44.0,1986-05-29,0,-0.8999999999999999,45.9,1053.4,5768,972.18
252.9,33.5,47.0,1986-05-30,1,3.9000000000000004,53.1,602.6,5794,974.78
45.1,5.4,28.2,1986-05-31,0,2.3,30.9,1187.1000000000001,5777,969.44
224.6,20.4,41.4,1986-06-01,1,3.5,45.4,2811.7000000000003,5787,951.82
221.7,38.3,48.4,1986-06-02,1,-5.8,54.6,4442.1,5797,966.51
46.9,19.5,30.0,1986-06-03,0,9.799999999999999,30.5,-216.39999999999998,5822,956.01
236.1,35.9,47.8,1986-06-04,0,3.2,42.5,1013.3999999999999,5828,839.55
42.0,9.4,29.2,1986-06-05,0,15.4,22.4,0.0,5803,777.86
108.9,23.9,36.2,1986-06-06,1,7.0,30.0,501.2,5806,850.2
93.0,21.0,35.8,1986-06-07,0,7.3999999999999995,26.5,369.79999999999995,5817,796.32
179.3,31.7,44.2,1986-06-08,0,0.9000000000000004,37.8,2757.1000000000004,5830,930.87
198.1,30.6,47.2,1986-06-09,0,-2.9000000000000004,56.8,2282.5,5841,974.47
211.2,30.7,40.2,1986-06-10,0,5.699999999999999,40.8,610.6,5820,908.02
270.7,38.3,48.8,1986-06-11,0,0.2999999999999998,47.7,1610.1,5828,920.95
230.7,30.8,48.6,1986-06-12,1,-3.7,44.0,2962.3,5794,930.92
272.1,35.5,47.0,1986-06-13,0,-1.7000000000000002,51.0,3174.6,5809,942.96
274.5,41.1,47.8,1986-06-15,0,-4.6000000000000005,64.2,4021.0,5854,945.29
283.5,39.7,44.6,1986-06-16,0,17.9,63.7,0.0,5852,809.8
280.7,41.5,42.2,1986-06-17,0,9.399999999999999,60.0,124.1,5830,940.68
316.4,41.2,45.8,1986-06-18,0,11.5,65.1,0.0,5878,905.63
242.8,37.5,43.2,1986-06-19,0,4.1000000000000005,52.8,1592.0,5794,926.12
286.1,39.9,43.2,1986-06-20,0,6.3999999999999995,65.9,422.7,5805,945.37
215.7,33.9,40.0,1986-06-22,0,10.200000000000001,54.6,2.9,5787,940.79
268.2,37.5,41.4,1986-06-23,0,9.7,59.2,119.80000000000001,5797,940.7
272.0,41.5,45.4,1986-06-24,0,5.0,64.2,1568.6000000000001,5783,940.68
282.5,41.7,45.4,1986-06-25,1,4.999999999999999,67.3,508.00000000000006,5772,947.68
238.6,37.9,42.4,1986-06-26,0,6.6,60.1,527.7,5764,935.9
238.5,30.7,38.4,1986-06-27,0,16.5,53.2,0.0,5808,921.59
248.4,34.3,41.4,1986-06-28,0,13.4,51.4,0.0,5766,898.13
307.5,37.2,37.6,1986-06-29,0,11.7,66.2,117.89999999999999,5767,947.71
323.1,36.6,37.2,1986-06-30,1,19.2,67.1,0.0,5786,949.99
291.9,42.9,47.6,1986-07-01,1,1.4999999999999996,69.8,1206.0,5794,981.53
275.9,40.9,44.8,1986-07-02,0,3.6,69.1,2196.8,5857,992.6
301.1,44.5,51.2,1986-07-03,1,-4.2,66.5,74.6,5840,987.53
286.6,38.7,43.4,1986-07-04,1,4.699999999999999,58.3,989.2,5844,915.76
266.9,39.3,50.0,1986-07-05,1,1.4000000000000004,55.8,2533.5,5800,918.59
266.7,41.5,47.8,1986-07-06,0,3.5999999999999996,60.1,1954.5,5769,945.37
266.7,41.3,45.2,1986-07-07,0,5.0,54.6,2418.2,5777,947.71
284.3,37.5,41.8,1986-07-08,0,2.4,69.8,1435.7,5825,984.97
290.0,40.7,46.2,1986-07-09,0,2.4000000000000004,70.5,1846.6000000000001,5837,985.03
259.0,41.1,46.4,1986-07-10,0,0.9000000000000004,56.9,3456.3,5801,949.99
280.1,44.1,45.6,1986-07-11,0,5.300000000000001,70.4,1303.1999999999998,5830,938.26
268.3,40.1,45.0,1986-07-12,1,4.4,58.4,1478.8999999999999,5757,947.71
266.2,31.5,43.8,1986-07-13,1,3.3,45.6,644.8,5780,931.12
286.1,36.5,45.6,1986-07-14,0,2.9000000000000004,57.4,2074.2999999999997,5816,947.68
179.0,13.6,34.2,1986-07-15,0,13.3,34.5,0.0,5800,906.18
240.5,28.3,41.4,1986-07-16,0,3.2,44.7,1421.5,5778,926.2
201.5,29.5,37.8,1986-07-17,1,8.700000000000001,39.7,79.3,5751,928.87
237.7,31.5,38.8,1986-07-18,0,10.4,46.2,-4.6,5725,926.5
195.3,32.7,40.2,1986-07-19,0,5.8,42.7,400.2,5703,931.34
259.6,37.3,46.6,1986-07-20,1,1.9000000000000004,49.3,2987.8,5780,940.68
309.7,42.0,43.4,1986-07-21,0,4.5,69.8,3197.9,5843,945.32
208.7,33.9,40.2,1986-07-22,0,5.1,48.3,497.1,5690,931.25
335.4,37.4,41.4,1986-07-23,0,9.6,60.5,1787.8,5844,930.98
263.1,38.9,41.6,1986-07-24,0,4.8,71.1,1149.4,5822,985.09
281.3,41.7,44.6,1986-07-25,1,4.1,72.0,1835.5,5856,971.97
204.5,33.9,42.8,1986-07-26,0,-3.6,51.7,918.6,5742,964.07
224.6,38.1,45.8,1986-07-27,1,0.40000000000000036,56.7,2786.0,5763,985.15
211.8,25.2,42.6,1986-07-28,1,2.9999999999999996,45.6,1996.9,5794,980.03
209.5,36.9,46.8,1986-07-29,1,0.8000000000000003,53.8,765.6,5763,985.15
238.3,42.3,49.0,1986-07-30,0,-0.5,64.4,2558.0,5785,990.16
244.2,37.3,47.0,1986-07-31,0,-1.2000000000000002,57.1,3061.3,5776,985.09
253.4,38.1,45.0,1986-08-01,0,0.8999999999999999,61.4,2210.5,5793,984.8
247.6,39.7,47.8,1986-08-02,1,-2.2,62.7,2458.0,5802,979.93
231.6,38.7,44.6,1986-08-03,0,8.0,63.7,0.0,5797,927.35
254.6,41.1,44.6,1986-08-04,0,5.3999999999999995,62.7,1170.1,5810,940.68
242.3,37.7,45.4,1986-08-05,0,3.1000000000000005,51.9,1914.5,5754,926.28
247.0,39.7,44.8,1986-08-06,0,3.4000000000000004,58.0,1023.5,5766,940.7
370.4,39.5,51.8,1986-08-07,0,-2.9000000000000004,50.4,4713.3,5802,940.68
261.7,38.5,48.0,1986-08-08,0,-4.3,60.5,3953.8,5787,987.59
318.8,35.5,44.4,1986-08-11,0,2.9999999999999996,51.0,1919.6,5814,874.24
319.2,37.9,42.8,1986-08-12,0,5.799999999999999,55.9,1082.0,5777,933.51
238.9,38.9,45.0,1986-08-13,0,5.5,50.2,852.8000000000001,5760,947.71
290.6,32.3,42.0,1986-08-14,0,7.699999999999999,48.4,5.499999999999999,5815,935.95
283.1,38.7,48.2,1986-08-15,0,3.1999999999999997,62.1,1470.9,5845,979.93
245.1,40.3,45.4,1986-08-16,0,0.8000000000000007,60.1,854.5,5826,972.0
215.7,32.1,41.6,1986-08-17,0,8.0,45.8,43.0,5812,921.34
245.1,35.7,42.6,1986-08-18,0,7.1000000000000005,53.2,616.5,5851,916.01
381.7,37.3,41.8,1986-08-19,0,9.3,55.5,-31.599999999999998,5828,923.7
277.7,32.5,41.8,1986-08-20,0,4.9,45.6,1520.4,5785,933.53
290.5,35.1,43.0,1986-08-21,0,6.6000000000000005,53.5,2164.0,5829,935.9
250.5,38.7,45.2,1986-08-22,0,4.0,50.3,1562.1999999999998,5779,923.73
229.2,37.1,43.4,1986-08-23,0,-0.2999999999999998,60.2,1703.7,5818,982.44
212.0,25.0,40.8,1986-08-24,0,0.6999999999999993,50.9,2361.2,5799,982.41
256.3,38.9,44.2,1986-08-25,0,2.4999999999999996,62.2,1222.3000000000002,5819,963.94
236.4,38.1,46.8,1986-08-26,0,-1.7000000000000002,53.5,2668.0,5816,977.22
189.3,34.1,44.6,1986-08-27,0,-0.2999999999999998,46.6,759.9,5776,964.16
243.3,35.5,45.0,1986-08-28,0,-0.5,50.6,3094.2999999999997,5826,971.88
221.5,27.8,43.4,1986-08-29,0,-0.09999999999999964,57.2,2476.2,5786,974.59
236.3,42.1,46.6,1986-08-30,1,0.6000000000000005,66.2,1742.5,5820,963.94
235.5,25.8,43.2,1986-09-01,0,5.1,52.4,141.0,5810,985.52
181.2,33.3,40.4,1986-09-02,1,0.09999999999999964,50.2,4202.2,5757,982.53
152.4,14.6,39.8,1986-09-03,1,-1.6999999999999997,36.2,2165.2999999999997,5782,963.94
236.4,38.3,45.0,1986-09-04,1,9.0,61.5,0.0,5839,935.93
219.1,30.1,44.6,1986-09-05,1,4.199999999999999,54.1,280.90000000000003,5815,974.78
237.3,39.7,46.6,1986-09-06,1,0.8000000000000007,60.0,1897.2,5818,974.62
209.6,36.5,45.2,1986-09-07,1,-0.40000000000000036,47.1,3046.7999999999997,5799,923.62
206.0,36.9,43.4,1986-09-08,1,4.6,48.4,1138.4,5766,928.76
268.6,40.1,45.0,1986-09-09,0,2.5999999999999996,60.1,2735.5,5832,938.23
273.5,39.9,44.0,1986-09-10,0,4.1,60.5,3977.9,5844,928.51
278.2,36.1,45.2,1986-09-11,1,3.4000000000000004,60.2,1316.4,5813,982.56
244.4,35.9,43.6,1986-09-12,1,4.2,61.3,1094.3999999999999,5816,990.16
255.8,36.3,45.2,1986-09-13,0,1.9,59.9,1446.3,5799,985.09
269.4,39.5,48.2,1986-09-14,0,0.2999999999999998,60.1,2141.0,5821,985.09
179.3,24.4,40.0,1986-09-15,1,-1.9,39.6,2266.4,5764,987.63
282.4,40.9,49.2,1986-09-16,1,-1.2000000000000002,60.7,2968.5,5805,979.9
233.1,39.5,48.4,1986-09-17,0,3.0,57.0,791.4,5756,990.25
50.1,16.6,32.0,1986-09-19,0,1.1,37.5,2837.2,5828,931.96
223.6,28.0,49.4,1986-09-20,0,-3.3,45.6,570.0,5794,982.47
185.9,25.8,43.8,1986-09-21,0,-2.1000000000000005,44.1,365.9,5769,985.09
213.0,35.3,48.2,1986-09-22,0,-0.30000000000000027,49.2,1349.9,5755,953.41
258.2,38.5,42.6,1986-09-23,0,8.1,64.5,-4.2,5796,990.22
259.0,33.1,40.8,1986-09-24,0,10.6,55.4,-84.5,5792,982.74
232.6,31.3,38.0,1986-09-25,0,5.8,50.8,461.8,5728,995.16
245.7,24.8,42.2,1986-09-27,1,5.300000000000001,43.5,-8.200000000000003,5779,987.75
262.9,41.1,50.2,1986-09-28,1,-3.4,55.4,1634.7,5741,985.15
221.7,37.3,46.8,1986-09-29,1,-0.5000000000000004,55.1,2411.2,5759,990.19
221.1,37.9,48.2,1986-09-30,1,-1.0999999999999996,56.9,3275.2,5777,990.16
224.5,35.5,47.2,1986-10-01,1,-0.7999999999999998,54.5,966.6999999999999,5780,997.08
276.9,40.3,50.8,1986-10-02,1,0.0,57.2,1284.3,5781,990.22
209.1,36.5,49.0,1986-10-03,1,-5.199999999999999,49.4,3459.5,5732,990.16
211.5,34.9,44.0,1986-10-04,0,2.2,54.6,2138.3,5792,982.59
236.6,36.5,43.0,1986-10-05,0,3.2,59.9,1673.1000000000001,5774,985.15
261.2,36.7,41.8,1986-10-06,0,7.2,64.8,837.8,5805,990.19
269.6,36.1,43.6,1986-10-07,1,3.8000000000000003,62.1,553.7,5813,985.12
222.8,33.7,45.2,1986-10-08,0,-2.0000000000000004,53.5,3234.7000000000003,5788,985.09
244.1,24.4,41.2,1986-10-09,0,6.6,39.8,18.1,5724,982.71
221.3,19.2,40.2,1986-10-10,0,6.5,44.9,186.39999999999998,5757,987.75
209.7,29.5,37.2,1986-10-11,0,8.200000000000001,51.7,215.3,5784,982.59
124.2,11.6,33.8,1986-10-13,1,5.2,37.8,599.4,5750,980.06
189.2,18.0,40.2,1986-10-14,1,0.6000000000000001,39.3,1987.7,5743,977.4
171.5,29.5,41.2,1986-10-15,0,1.4000000000000004,41.0,789.0,5770,980.0
240.0,32.2,48.0,1986-10-16,0,11.5,42.1,-106.5,5752,980.36
48.5,5.2,32.3,1986-10-17,1,-8.5,26.0,4299.0,5683,982.53
108.9,10.2,37.4,1986-10-18,1,2.3,30.8,735.6,5742,974.93
97.3,19.4,34.8,1986-10-19,0,6.1000000000000005,32.7,186.79999999999998,5702,975.14
67.9,6.4,22.7,1986-10-20,0,15.600000000000001,33.3,0.0,5766,964.77
114.2,2.2,30.2,1986-10-21,0,12.2,33.5,-43.800000000000004,5765,985.37
90.0,2.6,30.2,1986-10-22,0,19.0,24.7,0.0,5730,916.95
130.9,2.2,29.8,1986-10-23,0,20.4,29.4,0.0,5773,954.36
101.5,2.8,28.8,1986-10-24,0,15.5,32.3,0.0,5756,977.86
232.7,26.6,48.8,1986-10-25,0,11.899999999999999,39.5,0.0,5749,970.2
147.8,15.2,38.2,1986-10-26,0,8.200000000000001,29.2,-53.0,5718,970.11
87.8,7.8,29.4,1986-10-27,0,16.4,28.5,0.0,5759,943.01
33.0,4.0,24.9,1986-10-28,0,18.7,26.0,0.0,5749,951.89
48.5,4.4,26.9,1986-10-29,0,16.4,25.4,0.0,5736,934.86
60.1,9.8,26.1,1986-10-30,0,18.7,19.6,0.0,5719,898.18
201.9,17.8,46.4,1986-10-31,0,6.699999999999999,39.4,-252.20000000000002,5749,951.19
200.0,34.9,43.6,1986-11-01,0,7.2,49.1,-118.6,5742,952.63
193.2,33.3,40.0,1986-11-02,1,9.5,46.5,-42.699999999999996,5755,959.12
198.9,33.3,41.6,1986-11-03,0,5.8,51.6,354.0,5774,974.96
178.3,34.1,41.2,1986-11-04,1,7.2,49.4,32.2,5732,964.55
241.4,38.1,44.6,1986-11-05,0,2.4000000000000004,60.1,686.5,5779,985.15
185.1,32.3,43.2,1986-11-06,0,2.8999999999999995,48.4,397.40000000000003,5753,982.74
189.2,25.0,43.2,1986-11-07,0,-1.7000000000000002,38.6,1415.0,5698,985.24
235.2,38.1,44.2,1986-11-08,0,3.2,59.9,501.3,5767,985.21
214.5,27.5,34.6,1986-11-09,0,18.8,40.5,0.0,5683,896.37
167.8,21.1,38.6,1986-11-10,1,10.7,37.4,0.0,5733,990.4
165.7,9.4,39.6,1986-11-11,0,8.2,37.1,-45.800000000000004,5691,987.9
162.4,6.8,32.2,1986-11-12,0,16.799999999999997,30.1,0.0,5693,972.95
67.9,0.4,27.5,1986-11-13,0,4.699999999999999,21.1,355.8,5627,972.85
169.7,10.4,36.6,1986-11-14,0,10.2,29.1,-15.400000000000002,5684,965.1
50.4,-5.0,20.9,1986-11-15,0,16.2,22.2,0.0,5713,962.69
40.7,-8.0,20.7,1986-11-16,0,22.7,22.8,0.0,5747,946.46
75.7,-2.2,25.5,1986-11-17,0,14.4,24.6,0.0,5713,951.68
46.6,3.8,19.3,1986-11-18,0,18.4,27.7,-141.9,5744,951.4
154.7,6.4,32.2,1986-11-19,0,14.7,31.2,6.5,5721,983.02
50.4,-5.4,14.3,1986-11-20,0,28.0,20.7,0.0,5723,871.99
94.6,-2.0,28.0,1986-11-21,0,21.8,30.8,0.0,5745,968.09
142.9,5.0,35.2,1986-11-22,0,19.8,33.3,0.0,5717,962.94
75.3,1.2,29.6,1986-11-23,0,18.799999999999997,28.3,0.0,5710,960.16
113.1,6.6,36.8,1986-11-24,0,9.9,29.8,-33.199999999999996,5711,980.61
60.9,4.2,33.6,1986-11-25,0,16.2,21.8,-364.0,5705,946.76
120.9,10.0,40.2,1986-11-26,0,11.6,29.0,0.0,5705,968.0
97.2,9.0,41.4,1986-11-27,0,9.5,26.4,0.0,5721,970.57
29.1,3.0,32.7,1986-11-28,0,11.0,25.5,0.0,5713,962.63
38.8,6.2,38.6,1986-11-29,0,10.0,15.9,0.0,5653,957.75
40.7,5.4,27.3,1986-11-30,0,14.7,16.6,0.0,5692,938.4
79.3,3.6,34.0,1986-12-01,0,16.0,26.6,0.0,5699,993.94
54.3,3.6,29.5,1986-12-02,0,19.5,23.3,0.0,5680,955.43
48.5,4.2,32.1,1986-12-03,0,19.0,23.2,0.0,5699,909.19
33.0,4.0,29.1,1986-12-04,0,22.3,27.1,0.0,5692,938.89
33.0,4.0,27.1,1986-12-05,0,17.9,19.6,0.0,5666,955.4
53.3,0.2,30.6,1986-12-06,0,19.5,26.8,0.0,5717,960.46
38.8,2.0,30.9,1986-12-07,0,15.4,21.2,0.0,5674,952.5
25.2,-3.6,21.1,1986-12-09,0,23.799999999999997,24.5,0.0,5724,949.81
45.0,-0.6,30.0,1986-12-10,0,19.6,24.1,0.0,5695,944.17
64.0,6.8,24.1,1986-12-11,0,21.8,16.2,0.0,5630,944.5
103.0,7.2,36.6,1986-12-12,0,15.8,25.5,0.0,5648,975.85
48.5,13.8,15.1,1986-12-13,0,19.200000000000003,20.0,0.0,5675,965.47
199.5,30.5,42.2,1986-12-14,0,4.1000000000000005,41.3,207.20000000000002,5674,982.89
154.9,5.6,28.0,1986-12-15,0,17.4,40.0,0.0,5706,985.49
115.9,14.4,26.2,1986-12-16,0,21.8,34.0,0.0,5671,968.19
121.3,19.5,25.8,1986-12-17,0,25.9,35.2,0.0,5705,923.75
204.5,24.3,31.8,1986-12-18,0,27.1,41.4,0.0,5740,935.04
237.0,30.8,44.0,1986-12-19,0,12.600000000000001,38.9,0.0,5664,965.29
181.8,28.6,43.6,1986-12-20,0,6.5,34.4,-39.1,5620,973.16
75.7,12.0,27.7,1986-12-21,0,17.9,27.0,0.0,5545,952.32
85.4,1.2,25.7,1986-12-23,0,32.1,19.7,0.0,5678,904.68
83.4,9.4,31.3,1986-12-24,0,18.1,20.7,0.0,5679,958.15
92.6,26.3,40.0,1986-12-25,0,10.7,26.6,0.0,5663,965.56
105.2,14.4,38.4,1986-12-26,0,16.5,25.2,0.0,5627,965.9
75.7,8.0,20.1,1986-12-27,0,29.6,13.8,0.0,5624,891.25
25.2,8.4,26.3,1986-12-28,0,20.1,18.3,0.0,5646,927.47
36.9,4.8,32.1,1986-12-29,0,18.0,22.9,0.0,5636,966.05
50.4,5.0,35.1,1986-12-30,0,16.9,15.2,0.0,5539,934.52
91.2,-6.4,28.2,1987-01-01,0,31.4,20.1,0.0,5617,978.58
104.8,-8.6,17.9,1987-01-02,0,35.4,19.5,0.0,5647,934.92
91.2,-2.2,17.1,1987-01-03,0,30.3,17.7,0.0,5628,904.77
66.0,-6.0,23.1,1987-01-04,0,29.299999999999997,13.9,0.0,5679,904.68
56.3,-1.4,36.2,1987-01-05,0,28.7,13.3,0.0,5662,926.16
40.7,6.8,36.5,1987-01-06,0,11.4,14.7,0.0,5646,930.37
46.6,5.2,39.3,1987-01-07,0,8.7,15.8,0.0,5694,927.2
119.8,6.8,47.2,1987-01-08,0,12.1,20.2,0.0,5629,958.48
78.0,3.6,36.2,1987-01-09,0,20.9,19.4,0.0,5661,936.57
66.0,7.4,23.1,1987-01-10,0,23.7,14.3,0.0,5641,939.35
56.3,19.8,34.3,1987-01-11,0,10.8,22.5,0.0,5644,935.47
121.5,21.6,39.4,1987-01-12,0,10.6,30.3,0.0,5612,960.34
105.5,7.2,31.0,1987-01-13,0,24.3,31.8,0.0,5705,965.71
44.6,1.6,23.3,1987-01-14,0,20.9,30.8,0.0,5690,963.12
192.3,21.0,39.0,1987-01-15,0,12.3,33.7,-25.599999999999994,5660,951.98
112.5,6.6,27.0,1987-01-16,0,28.1,28.3,0.0,5700,950.06
36.9,1.0,8.3,1987-01-17,0,34.9,24.2,0.0,5698,925.22
56.3,9.6,23.7,1987-01-18,0,28.200000000000003,27.0,0.0,5690,947.34
110.7,7.6,25.4,1987-01-19,0,25.4,26.7,0.0,5697,965.81
160.9,12.4,31.6,1987-01-20,0,32.1,22.1,0.0,5674,891.46
83.4,11.6,22.1,1987-01-21,0,31.2,18.9,0.0,5681,966.42
60.1,10.8,32.2,1987-01-22,0,29.299999999999997,19.3,0.0,5693,963.79
48.5,0.0,27.5,1987-01-23,0,24.5,21.1,0.0,5700,976.18
58.2,3.6,34.2,1987-01-24,0,25.8,18.7,0.0,5676,942.4
40.7,8.2,40.0,1987-01-25,0,24.1,15.0,0.0,5643,953.66
81.5,8.4,39.0,1987-01-26,0,22.5,16.3,0.0,5651,928.24
44.6,7.0,30.5,1987-01-27,0,19.1,15.4,0.0,5620,934.28
60.1,2.8,31.5,1987-01-28,0,22.9,15.7,0.0,5619,950.79
69.8,-0.6,22.5,1987-01-29,0,26.6,17.9,0.0,5659,890.34
115.9,10.6,39.2,1987-01-30,0,10.5,21.5,0.0,5596,963.15
54.3,-0.8,23.5,1987-01-31,0,28.3,18.0,0.0,5653,939.35
138.4,12.6,36.2,1987-02-01,0,22.200000000000003,25.1,0.0,5652,999.2
142.3,21.0,46.2,1987-02-02,0,16.2,18.4,0.0,5641,889.72
75.7,20.5,35.9,1987-02-03,0,2.1999999999999997,19.3,25.800000000000004,5573,954.91
71.8,20.7,34.1,1987-02-04,0,9.7,20.5,-95.2,5608,978.41
89.2,13.3,26.9,1987-02-05,0,18.2,17.8,0.0,5603,924.33
104.3,15.2,38.6,1987-02-06,0,16.1,20.8,0.0,5596,942.12
25.2,12.6,30.5,1987-02-07,0,13.9,18.7,0.0,5637,941.91
23.3,11.2,37.2,1987-02-08,0,25.6,16.2,0.0,5653,848.07
86.8,12.0,37.6,1987-02-09,0,16.4,21.5,0.0,5658,924.33
95.6,20.0,43.2,1987-02-10,0,7.6,23.4,0.0,5616,960.46
77.6,11.8,34.7,1987-02-11,0,14.3,19.8,0.0,5637,918.87
74.3,6.2,28.6,1987-02-12,0,26.3,24.5,0.0,5698,921.46
40.7,8.4,30.3,1987-02-13,0,18.0,18.7,0.0,5682,915.48
67.0,12.0,39.4,1987-02-14,0,11.8,22.9,0.0,5655,938.77
33.0,12.2,36.1,1987-02-15,0,9.8,20.7,0.0,5658,946.76
56.3,14.4,38.9,1987-02-16,0,1.9,18.7,-138.6,5630,943.65
140.3,21.2,40.6,1987-02-17,0,12.2,27.6,0.0,5681,957.41
96.4,22.2,42.8,1987-02-18,0,9.1,27.7,0.0,5657,949.36
104.6,16.8,42.0,1987-02-19,0,13.4,27.4,0.0,5667,929.64
54.3,10.6,35.7,1987-02-20,0,15.3,19.7,0.0,5679,889.21
56.3,11.2,36.3,1987-02-21,0,14.2,17.1,0.0,5669,895.98
145.1,26.4,49.8,1987-02-22,0,4.9,26.1,-3696.4,5669,907.67
113.9,27.8,47.0,1987-02-23,0,6.4,21.5,0.0,5672,884.63
66.2,24.8,38.0,1987-02-24,0,13.899999999999999,24.2,0.0,5684,904.92
52.4,10.2,33.3,1987-02-25,0,10.4,17.5,0.0,5693,887.89
116.2,10.6,41.6,1987-02-26,0,10.7,24.3,0.0,5710,922.84
142.2,29.6,47.0,1987-02-27,0,4.0,31.6,0.0,5669,916.79
186.4,22.0,41.6,1987-02-28,0,11.899999999999999,35.5,-173.8,5755,962.39
178.1,26.6,48.4,1987-03-01,0,5.4,34.9,-129.0,5752,983.02
127.3,16.2,52.2,1987-03-02,0,4.0,21.4,0.0,5617,833.36
48.5,12.6,38.7,1987-03-03,0,8.8,11.7,0.0,5622,857.38
130.3,26.0,50.6,1987-03-04,0,-3.1,24.5,-58.400000000000006,5623,960.07
31.5,22.6,47.2,1987-03-05,0,0.5,21.7,-26.900000000000006,5616,954.97
17.5,13.2,33.8,1987-03-06,0,9.8,22.1,0.0,5665,940.72
163.2,31.4,47.2,1987-03-07,0,2.6,32.5,16.299999999999997,5683,972.85
56.3,17.6,39.9,1987-03-08,0,0.8000000000000003,21.9,319.9,5676,970.2
115.9,18.8,45.2,1987-03-09,0,1.3000000000000003,21.4,536.5999999999999,5693,967.51
65.7,29.9,46.4,1987-03-10,0,0.0,30.9,59.79999999999998,5666,951.68
52.4,19.6,42.5,1987-03-11,0,-6.9,16.8,1730.7,5655,948.44
66.0,18.2,42.5,1987-03-12,0,-4.1,15.7,359.2,5624,913.8
117.1,26.4,49.4,1987-03-13,0,-4.6000000000000005,27.9,1387.0,5626,970.35
150.7,18.8,48.6,1987-03-14,0,-2.1,30.1,980.1999999999999,5653,982.93
103.3,17.8,46.6,1987-03-15,0,-5.8999999999999995,26.0,1679.2,5648,982.86
52.4,7.4,27.5,1987-03-16,0,11.2,15.4,0.0,5702,904.16
70.1,22.8,37.6,1987-03-17,0,3.5999999999999996,28.3,317.5,5730,942.43
85.7,17.8,42.2,1987-03-18,0,3.3000000000000003,21.0,-415.4,5732,889.57
46.6,18.2,35.9,1987-03-19,0,-2.0,18.1,468.4,5685,948.41
42.7,9.6,41.9,1987-03-20,0,-5.199999999999999,21.1,886.8000000000001,5701,972.55
115.1,27.4,48.6,1987-03-21,0,-1.2999999999999998,24.6,210.8,5663,970.35
65.3,20.6,45.0,1987-03-22,0,-11.899999999999999,28.5,1877.3,5679,982.68
52.4,13.0,33.7,1987-03-23,0,4.8,16.2,-494.2,5717,861.1
105.8,18.8,38.6,1987-03-24,0,1.5999999999999996,27.4,149.0,5770,950.61
72.1,19.4,39.6,1987-03-25,0,9.4,19.0,0.0,5711,880.45
52.4,15.4,29.5,1987-03-26,0,12.700000000000001,19.5,0.0,5748,857.01
61.4,18.4,43.6,1987-03-27,0,-1.2000000000000002,23.1,1210.6000000000001,5746,930.59
50.3,19.4,40.8,1987-03-28,0,2.4,19.8,-388.8,5711,864.21
36.9,11.4,37.2,1987-03-29,0,4.5,25.9,696.5,5783,961.72
102.1,16.6,45.2,1987-03-30,0,-5.699999999999999,30.6,3353.8999999999996,5724,982.68
36.9,5.4,30.3,1987-03-31,0,4.9,28.7,786.4,5846,980.06
46.6,6.8,30.9,1987-04-01,0,-0.09999999999999964,25.9,2015.2000000000003,5775,984.33
103.1,27.0,44.2,1987-04-02,0,-0.7999999999999998,35.0,2051.1,5751,977.55
116.5,18.6,44.6,1987-04-03,0,-7.2,27.8,3727.2,5741,932.63
100.1,26.4,49.2,1987-04-04,0,-10.9,30.5,4236.9,5743,979.97
83.4,15.2,40.9,1987-04-05,0,-9.3,21.7,1259.5,5758,982.53
74.4,20.4,45.0,1987-04-06,0,-7.0,28.3,3517.4,5828,982.59
74.2,11.2,35.6,1987-04-07,0,-2.0999999999999996,22.6,1908.9,5779,966.81
54.3,5.8,31.5,1987-04-08,0,0.0,17.9,1690.8999999999999,5726,933.24
66.0,6.6,36.8,1987-04-09,0,-3.7,30.0,2529.5,5768,966.75
124.2,23.0,45.0,1987-04-10,0,-10.2,38.3,3741.1,5795,966.57
307.4,39.5,49.2,1987-04-11,0,-0.6000000000000001,45.4,2010.6000000000001,5778,972.06
75.7,14.2,33.5,1987-04-12,0,-5.1,27.2,2402.6,5752,964.04
60.1,16.4,34.7,1987-04-13,0,-2.0999999999999996,29.0,1530.8,5798,982.56
365.2,37.0,52.8,1987-04-14,0,-2.4999999999999996,42.0,2159.0,5765,979.93
70.3,9.0,38.4,1987-04-15,0,-5.0,29.6,2512.4,5754,977.4
44.6,10.4,39.3,1987-04-16,0,-7.3,17.4,2024.3999999999999,5694,936.39
186.5,39.3,52.6,1987-04-17,0,-1.2000000000000002,34.0,135.39999999999998,5731,863.88
68.1,23.2,44.0,1987-04-18,0,-5.2,28.1,2125.7000000000003,5710,961.69
64.0,18.6,42.7,1987-04-19,0,-10.7,18.8,1663.2,5675,936.63
427.8,41.9,60.0,1987-04-20,0,-2.9000000000000004,41.6,496.90000000000003,5745,953.87
27.2,6.4,34.3,1987-04-21,0,-0.40000000000000036,19.2,1230.8,5770,972.46
81.0,31.5,45.2,1987-04-22,0,-5.3,36.6,2924.5,5788,977.46
300.1,37.9,51.4,1987-04-23,0,0.10000000000000009,47.3,-61.300000000000004,5717,945.21
455.2,37.1,59.4,1987-04-24,0,-12.9,46.0,1408.6,5767,964.07
142.0,23.6,42.4,1987-04-25,0,-6.300000000000001,40.2,2340.7000000000003,5774,961.17
112.8,32.3,49.0,1987-04-26,0,-0.19999999999999973,31.9,76.30000000000001,5689,970.23
359.2,42.5,55.4,1987-04-27,0,-5.3,52.5,1620.7,5713,977.58
128.5,30.8,47.0,1987-04-28,0,-3.6,34.3,816.3,5665,985.37
102.1,23.0,48.2,1987-04-29,0,-7.6000000000000005,29.1,1606.5,5670,977.77
153.7,34.5,48.8,1987-04-30,0,-9.5,41.8,-7.3999999999999995,5692,974.9
76.9,14.2,48.6,1987-05-01,0,-4.0,23.3,239.50000000000006,5724,983.72
40.7,13.6,43.4,1987-05-02,0,-11.5,27.1,-5.800000000000001,5719,977.43
310.0,35.8,54.2,1987-05-03,0,-6.0,46.9,1340.0,5733,974.96
131.1,10.8,40.4,1987-05-04,0,1.1999999999999997,25.6,247.89999999999998,5639,980.48
114.2,24.8,44.8,1987-05-05,0,0.9000000000000004,31.9,395.70000000000005,5698,990.34
260.9,35.1,50.4,1987-05-06,0,0.10000000000000009,44.5,696.6,5755,982.74
140.7,28.0,41.6,1987-05-07,0,-7.3999999999999995,33.5,552.0,5718,985.03
391.4,31.0,56.2,1987-05-08,0,0.8999999999999999,37.6,164.60000000000002,5759,975.2
81.7,6.4,33.2,1987-05-09,0,14.600000000000001,28.5,0.0,5800,959.37
152.4,20.0,46.0,1987-05-10,0,-5.2,36.0,3134.5,5767,969.38
67.5,22.9,39.2,1987-05-11,0,4.3999999999999995,29.6,-218.2,5780,977.71
156.8,19.2,44.8,1987-05-12,0,-5.5,34.0,3843.4,5733,964.0
25.2,7.2,28.1,1987-05-13,0,3.3,26.3,968.0,5803,950.33
82.9,11.8,41.6,1987-05-14,0,-2.2,23.0,2310.9,5762,932.88
89.2,15.8,37.2,1987-05-15,0,8.0,27.0,-461.90000000000003,5808,884.81
84.4,19.8,37.0,1987-05-16,0,5.2,26.6,70.70000000000005,5786,908.13
166.2,32.7,43.6,1987-05-17,0,1.6999999999999997,39.5,259.00000000000006,5800,904.34
133.4,27.8,45.2,1987-05-18,0,-5.699999999999999,32.6,2870.2999999999997,5767,923.29
102.7,24.6,43.0,1987-05-19,0,-8.100000000000001,35.0,5423.2,5759,946.98
83.0,16.8,38.8,1987-05-20,0,-4.300000000000001,40.4,4264.0,5831,977.1
66.6,17.8,39.2,1987-05-21,0,-1.6999999999999997,33.1,2624.3,5823,944.14
86.3,24.8,46.0,1987-05-22,0,0.6999999999999997,25.5,644.0999999999999,5716,816.23
206.5,31.1,47.2,1987-05-23,0,-3.4999999999999996,48.2,3827.7,5829,971.82
316.9,38.1,55.8,1987-05-24,0,-10.8,48.4,3781.2000000000003,5848,979.75
162.8,30.7,47.6,1987-05-25,0,-1.8999999999999995,44.6,850.5,5808,964.07
60.9,15.6,38.4,1987-05-26,0,-2.7,27.7,2507.7,5801,958.39
197.0,30.8,52.4,1987-05-27,0,-10.899999999999999,43.3,5818.0,5808,974.56
52.7,13.2,40.0,1987-05-28,0,-8.3,31.3,3170.0,5804,960.98
88.7,17.6,42.0,1987-05-29,0,-5.7,33.3,2161.7,5780,958.51
25.2,8.6,30.7,1987-05-30,0,-2.8,28.9,2990.2,5789,969.22
117.3,15.2,42.4,1987-05-31,0,-0.09999999999999964,40.0,2313.9,5803,958.48
136.2,22.8,42.6,1987-06-01,0,-6.5,41.3,-5.2,5765,977.44
205.8,25.0,42.0,1987-06-02,0,2.8000000000000003,50.0,1284.9,5825,958.33
240.8,24.8,45.4,1987-06-03,0,1.8000000000000003,49.4,2.3,5813,992.63
252.0,17.6,41.6,1987-06-04,0,7.4,40.9,64.0,5787,911.07
255.0,30.9,39.0,1987-06-05,0,10.200000000000001,44.4,-41.2,5793,905.77
226.8,36.7,46.6,1987-06-06,0,0.09999999999999964,43.6,4731.0,5844,935.76
247.1,34.5,48.8,1987-06-07,0,-4.3999999999999995,56.6,3.0999999999999996,5824,971.79
257.5,36.7,52.0,1987-06-08,0,-4.0,43.1,2779.8,5786,871.68
234.6,35.7,43.6,1987-06-09,0,0.7000000000000002,60.8,2069.6,5796,979.87
167.3,32.5,42.8,1987-06-10,0,2.5,40.6,789.0,5753,933.64
193.2,21.6,38.8,1987-06-11,0,10.200000000000001,35.5,-165.5,5796,859.95
202.5,31.5,44.2,1987-06-12,0,4.6,37.2,762.6,5798,836.77
218.0,37.7,41.6,1987-06-13,0,5.699999999999999,45.7,328.19999999999993,5806,855.86
124.4,26.5,37.2,1987-06-14,0,1.1000000000000005,35.6,3629.3999999999996,5806,855.61
198.0,31.7,43.0,1987-06-15,0,7.5,37.8,-336.8,5810,807.74
149.0,28.3,38.6,1987-06-16,0,2.8,35.4,1990.9,5831,894.31
225.8,27.6,45.2,1987-06-17,0,5.1000000000000005,39.8,381.2,5821,886.32
239.4,35.3,48.0,1987-06-18,0,7.2,46.6,-166.4,5776,895.19
161.3,12.4,39.8,1987-06-19,0,16.799999999999997,25.3,0.0,5760,738.17
256.7,31.5,45.0,1987-06-20,0,7.499999999999999,43.1,-161.89999999999998,5780,874.95
252.5,35.9,41.8,1987-06-21,0,6.5,54.5,216.6,5761,892.14
244.5,35.1,37.8,1987-06-22,0,7.699999999999999,58.8,261.0,5816,982.53
175.8,26.1,35.6,1987-06-23,0,2.5999999999999996,47.9,1522.7,5827,979.81
128.2,16.4,35.0,1987-06-24,0,6.7,36.4,253.7,5810,964.16
170.9,27.1,40.2,1987-06-25,0,1.7000000000000002,46.3,1137.5,5831,979.87
147.7,21.1,36.6,1987-06-26,0,3.5,44.4,1456.6,5851,971.91
75.5,12.2,32.0,1987-06-27,0,2.4000000000000004,34.7,1376.0,5836,969.19
181.2,31.9,41.4,1987-06-28,0,-2.8000000000000003,48.1,2551.2,5756,974.59
36.9,5.7,24.7,1987-06-29,0,7.7,32.1,98.30000000000001,5861,961.11
178.4,27.0,43.0,1987-06-30,0,2.5,36.7,2986.0,5804,926.09
193.8,31.1,45.6,1987-07-01,0,-3.9000000000000004,53.4,-1.7999999999999998,5812,969.84
274.6,38.1,48.6,1987-07-02,0,-1.5,57.5,3061.8,5824,923.4
210.0,38.1,44.6,1987-07-03,0,2.6,60.9,691.9000000000001,5808,997.57
243.6,37.9,42.8,1987-07-04,0,6.6000000000000005,55.4,775.3,5804,916.09
262.8,42.3,47.4,1987-07-05,0,-0.40000000000000036,60.4,3686.2,5821,945.34
268.7,40.3,44.4,1987-07-06,0,3.4000000000000004,57.4,3085.2,5803,947.68
242.7,33.9,39.8,1987-07-07,0,7.6,56.2,44.699999999999996,5811,923.7
246.6,37.1,41.8,1987-07-08,0,8.0,59.3,-23.5,5783,908.43
240.9,39.5,44.6,1987-07-09,0,5.1,55.6,926.0999999999999,5788,905.82
205.2,33.1,39.0,1987-07-10,0,5.6,47.8,925.5,5786,935.9
208.0,33.5,41.6,1987-07-11,0,5.9,49.7,478.2,5796,921.23
209.1,32.3,39.0,1987-07-12,0,8.0,50.3,379.3,5800,905.63
240.4,34.7,42.6,1987-07-13,0,6.3,46.0,266.90000000000003,5778,923.81
251.0,37.3,42.2,1987-07-14,0,3.0,62.6,701.3,5811,972.03
270.7,40.7,44.4,1987-07-15,0,4.9,66.2,910.8000000000001,5860,969.35
214.1,35.3,44.4,1987-07-16,0,5.800000000000001,45.7,-136.20000000000002,5794,837.24
226.3,39.3,43.6,1987-07-17,0,4.7,55.1,529.0,5751,949.99
249.0,34.9,39.4,1987-07-18,0,6.7,56.8,1310.3,5805,945.37
262.9,32.5,41.4,1987-07-19,0,10.5,47.0,-95.39999999999999,5807,928.7
287.6,37.3,41.4,1987-07-20,0,3.9000000000000004,53.8,3785.6,5795,938.23
220.7,31.3,37.6,1987-07-21,0,13.8,42.2,0.0,5770,928.97
234.7,32.3,40.0,1987-07-22,0,8.8,44.2,68.60000000000001,5813,918.73
292.7,42.3,48.6,1987-07-23,0,0.2999999999999998,56.4,3877.5,5836,945.34
350.9,43.7,53.4,1987-07-24,0,-8.799999999999999,62.8,5803.5,5804,982.38
251.5,37.5,41.6,1987-07-25,0,2.6000000000000005,66.7,2461.8,5814,992.6
271.1,38.2,40.8,1987-07-26,0,8.3,65.3,510.9,5842,933.42
259.1,38.9,45.0,1987-07-27,0,3.2,63.6,1609.4,5826,974.69
248.2,35.9,41.2,1987-07-28,0,2.8,63.8,773.3,5786,987.63
280.7,39.9,47.6,1987-07-29,0,3.1,72.0,1940.9,5881,982.41
262.6,36.9,41.4,1987-07-30,0,4.5,66.1,1675.3,5837,987.56
220.0,30.1,39.6,1987-07-31,0,5.6,41.6,359.0,5791,903.05
218.2,31.5,36.6,1987-08-01,0,1.6999999999999997,57.2,1405.6,5797,976.87
224.6,27.2,45.2,1987-08-02,0,2.9,36.2,357.5,5761,900.52
173.4,36.9,46.4,1987-08-03,0,-1.9999999999999996,56.3,2049.5,5793,972.12
213.3,31.1,36.8,1987-08-04,0,5.4,57.2,1620.0,5804,982.47
199.0,32.3,45.0,1987-08-05,0,-6.3,44.9,3869.1,5711,982.53
248.4,37.5,43.6,1987-08-06,0,4.300000000000001,66.5,880.5,5820,987.63
212.2,28.9,37.6,1987-08-07,0,8.1,45.4,96.6,5795,985.06
201.3,25.6,40.4,1987-08-08,0,2.3000000000000003,50.6,1731.8999999999999,5797,979.9
221.7,26.9,40.6,1987-08-09,0,5.0,50.1,-5.9,5829,977.28
117.9,5.2,31.2,1987-08-10,0,4.6,37.8,-11.600000000000001,5826,974.66
236.6,31.5,46.2,1987-08-11,0,-2.8,51.8,2590.2000000000003,5804,982.44
267.9,29.8,38.8,1987-08-12,0,8.200000000000001,62.7,9.5,5852,982.47
200.1,17.2,43.4,1987-08-13,0,-2.3,41.0,2527.3999999999996,5806,982.44
233.5,38.9,46.6,1987-08-14,0,-0.09999999999999964,63.0,2327.0,5794,987.59
227.4,34.9,42.8,1987-08-15,0,1.4000000000000004,58.2,2219.1,5821,987.56
208.1,28.9,41.0,1987-08-16,0,1.4000000000000004,58.6,1473.8,5821,982.44
211.4,34.7,47.0,1987-08-17,0,-2.8,53.0,4016.6,5829,982.44
251.7,37.9,47.4,1987-08-18,0,0.39999999999999947,50.9,2402.7000000000003,5810,938.29
202.5,35.5,43.6,1987-08-19,0,0.0,45.2,2463.2999999999997,5789,910.68
252.8,38.3,41.0,1987-08-20,0,7.6,59.4,8.9,5755,949.99
292.9,39.9,45.4,1987-08-21,0,-0.2999999999999998,59.2,5453.0,5806,949.99
252.9,40.7,48.8,1987-08-22,0,-0.7000000000000002,53.4,4147.2,5797,935.92
268.4,34.1,43.8,1987-08-23,0,2.6000000000000005,47.6,2521.5,5800,933.42
233.5,38.1,45.8,1987-08-24,0,2.9000000000000004,53.5,493.3,5804,913.37
205.2,30.9,39.6,1987-08-25,0,6.699999999999999,44.9,1561.2,5776,889.23
287.3,39.1,42.8,1987-08-26,0,5.7,56.5,642.4000000000001,5758,947.71
281.1,36.5,39.8,1987-08-27,0,10.6,55.1,0.8000000000000003,5781,936.03
269.5,37.5,45.4,1987-08-28,0,3.5,51.7,1019.8000000000001,5805,921.23
225.0,27.7,44.4,1987-08-29,0,-0.40000000000000036,49.0,2526.5,5826,992.6
245.7,31.7,40.6,1987-08-30,0,3.4999999999999996,62.1,1304.8,5835,987.53
244.6,37.9,39.6,1987-08-31,0,6.0,64.2,1216.2,5855,974.56
247.0,33.4,39.2,1987-09-01,0,5.6000000000000005,66.1,1004.5,5871,988.48
201.7,35.7,43.4,1987-09-02,0,7.8,46.0,37.70000000000002,5832,871.96
198.9,30.7,41.8,1987-09-03,0,-2.4,56.0,2661.5,5812,987.53
241.2,29.1,39.4,1987-09-04,0,6.2,58.7,909.5,5842,985.0
280.2,38.8,42.6,1987-09-05,0,6.299999999999999,78.3,1441.9,5876,987.53
244.6,35.7,47.8,1987-09-06,0,-2.6000000000000005,55.4,4160.2,5820,971.94
289.2,39.5,51.4,1987-09-07,0,-8.9,56.2,2013.4,5777,985.0
187.5,26.7,40.0,1987-09-08,0,0.10000000000000053,44.9,2830.0,5809,971.91
199.0,23.6,40.6,1987-09-09,0,1.2999999999999998,45.5,1406.6000000000001,5808,987.56
339.2,41.9,53.2,1987-09-10,0,-4.2,47.8,3672.0,5785,923.56
272.6,40.7,43.8,1987-09-11,0,2.8000000000000007,59.8,2320.9,5761,945.37
289.7,35.5,45.4,1987-09-12,0,-1.1000000000000005,62.0,3130.4,5814,979.84
284.3,37.9,43.6,1987-09-13,0,7.0,65.9,631.5,5847,977.37
171.4,21.8,38.2,1987-09-14,0,1.3000000000000007,45.4,2770.9,5823,982.44
203.9,31.7,41.2,1987-09-15,0,3.2,46.3,382.7,5803,961.35
197.7,18.6,36.6,1987-09-16,0,3.6999999999999997,44.6,653.9,5809,985.03
139.4,22.4,39.4,1987-09-17,0,-1.2999999999999998,38.3,2866.2999999999997,5774,972.03
162.9,31.3,39.0,1987-09-18,0,2.5000000000000004,45.8,2356.4,5813,979.9
183.6,33.9,43.8,1987-09-19,0,-1.7999999999999998,53.9,2771.5,5828,982.41
114.4,22.3,36.8,1987-09-20,0,-0.2999999999999998,41.1,1641.8,5793,979.87
179.6,34.9,42.4,1987-09-21,0,-1.9000000000000004,55.4,2773.7000000000003,5801,987.56
175.3,32.7,46.8,1987-09-22,0,-9.8,50.1,2403.6,5748,982.44
247.4,40.9,46.8,1987-09-23,0,3.0,64.8,1487.3,5789,990.16
206.6,38.9,47.4,1987-09-24,0,-3.8000000000000003,57.3,1724.3,5766,985.09
167.4,29.3,35.8,1987-09-25,0,1.6999999999999997,57.0,1531.5,5791,995.1
237.9,38.5,41.6,1987-09-26,0,13.5,71.2,0.0,5854,944.81
232.4,30.3,42.0,1987-09-27,0,8.6,53.4,24.400000000000006,5790,956.13
85.2,6.8,34.4,1987-09-28,0,-3.1,33.1,3271.6,5810,979.78
222.0,14.4,41.6,1987-09-29,0,1.8000000000000007,46.9,1609.5,5789,984.97
55.4,2.2,30.8,1987-09-30,0,2.1999999999999997,34.1,970.5,5784,977.34
108.1,15.4,34.4,1987-10-01,0,3.0,42.8,-5.3,5771,994.27
119.6,11.2,28.6,1987-10-02,0,10.299999999999999,36.6,143.8,5775,961.53
11.6,2.4,25.2,1987-10-03,0,6.5,24.8,1.2000000000000028,5775,938.98
79.9,4.2,32.2,1987-10-04,0,9.9,27.7,0.0,5808,930.28
126.0,17.8,38.2,1987-10-05,0,6.0,27.6,-90.7,5731,905.65
175.5,23.5,35.8,1987-10-06,0,5.9,45.0,383.0,5803,977.34
96.9,20.4,38.2,1987-10-07,0,-3.8000000000000003,33.5,1987.6999999999998,5730,974.84
209.1,35.7,49.0,1987-10-08,0,-6.8999999999999995,48.8,3783.5,5739,985.09
174.0,31.5,40.4,1987-10-09,0,2.0000000000000004,51.7,1312.7,5739,990.22
198.6,33.3,42.2,1987-10-10,0,2.6999999999999997,48.2,439.5,5781,990.19
213.9,28.7,39.2,1987-10-11,0,6.1,48.1,1107.8999999999999,5781,985.12
79.5,2.8,30.4,1987-10-12,0,-0.6000000000000001,30.0,1952.0,5666,985.12
117.3,5.6,27.8,1987-10-13,0,7.6,33.2,773.3,5792,979.97
159.5,7.8,35.0,1987-10-14,0,8.799999999999999,32.5,77.7,5774,956.01
25.2,9.8,21.7,1987-10-15,0,5.5,30.3,309.9,5774,969.5
153.3,26.7,33.6,1987-10-16,0,6.1000000000000005,44.0,1302.3999999999999,5767,979.97
154.3,24.8,39.2,1987-10-17,0,4.4,38.2,326.0,5777,966.87
176.5,20.0,38.0,1987-10-18,0,4.2,35.9,-5.0,5753,980.03
60.1,11.8,27.9,1987-10-19,0,-3.2,27.2,2269.1,5759,985.09
260.1,37.5,45.6,1987-10-20,0,-2.8,53.6,3272.5,5786,969.38
59.6,17.9,24.4,1987-10-21,0,11.3,31.0,30.200000000000003,5713,953.93
99.3,23.5,36.2,1987-10-22,0,11.6,29.1,0.0,5713,913.56
36.9,17.9,22.7,1987-10-23,0,15.399999999999999,27.1,0.0,5728,937.76
33.0,18.3,22.5,1987-10-24,0,16.5,31.6,0.0,5749,959.88
147.2,31.7,41.4,1987-10-25,0,11.700000000000001,47.8,-503.70000000000005,5820,964.61
33.0,22.1,24.1,1987-10-26,0,16.0,28.8,0.0,5759,942.95
148.6,27.9,42.2,1987-10-27,0,7.2,40.7,-76.20000000000002,5771,972.58
154.9,13.8,38.8,1987-10-28,0,11.1,30.5,0.0,5709,948.68
169.3,10.6,34.0,1987-10-29,0,16.5,33.7,0.0,5753,967.58
48.5,0.2,22.1,1987-10-30,0,14.3,20.6,0.0,5727,928.57
131.1,8.4,34.2,1987-10-31,0,11.3,31.1,0.0,5773,964.71
36.9,4.4,21.3,1987-11-01,0,14.0,25.3,0.0,5767,986.55
48.5,5.2,25.9,1987-11-02,0,13.7,21.1,0.0,5752,940.11
56.9,22.3,31.8,1987-11-03,0,6.2,35.7,-78.0,5763,950.76
136.7,28.3,36.0,1987-11-04,0,12.2,41.3,0.0,5722,943.01
47.9,11.2,28.2,1987-11-05,0,13.3,26.0,0.0,5756,967.45
81.5,12.2,31.2,1987-11-06,0,15.200000000000001,30.0,0.0,5781,967.61
87.6,14.4,35.2,1987-11-07,0,16.0,24.8,0.0,5737,949.2
105.3,21.4,43.2,1987-11-08,0,9.7,24.7,0.0,5713,957.35
176.8,28.6,44.4,1987-11-09,0,11.0,38.4,0.0,5730,951.43
121.2,21.4,30.8,1987-11-10,0,19.3,32.3,0.0,5743,931.38
112.5,14.0,31.6,1987-11-11,0,20.4,31.9,0.0,5785,945.85
145.2,26.2,39.8,1987-11-12,0,11.899999999999999,34.2,0.0,5775,948.44
242.0,34.1,45.6,1987-11-13,0,5.9,53.1,58.900000000000006,5760,975.05
262.9,37.9,42.6,1987-11-14,0,14.1,69.6,0.0,5817,977.68
200.1,32.3,47.0,1987-11-15,0,3.4,44.0,611.8,5710,985.37
185.1,21.2,39.4,1987-11-16,0,18.0,36.4,0.0,5764,967.76
95.7,18.7,31.6,1987-11-17,0,15.8,33.5,0.0,5750,970.26
146.3,14.0,34.6,1987-11-18,0,17.5,28.7,0.0,5724,931.9
165.7,8.8,35.2,1987-11-19,0,15.9,32.3,0.0,5747,951.52
183.3,11.4,42.0,1987-11-20,0,8.2,33.7,-41.1,5707,954.09
54.3,0.4,26.9,1987-11-21,0,20.1,20.7,0.0,5748,935.29
33.0,5.2,24.7,1987-11-22,0,24.5,18.4,0.0,5732,882.8
36.9,5.8,28.5,1987-11-23,0,14.7,25.4,0.0,5721,970.78
36.9,3.8,27.3,1987-11-24,0,15.3,22.1,0.0,5727,946.58
55.2,-0.6,32.6,1987-11-25,0,16.2,18.3,0.0,5712,935.47
40.7,-1.4,22.1,1987-11-26,0,20.700000000000003,14.9,0.0,5708,941.45
172.4,6.0,37.0,1987-11-27,0,28.8,20.8,0.0,5738,905.99
64.0,0.6,34.8,1987-11-28,0,27.700000000000003,15.6,0.0,5720,913.19
46.6,-13.1,8.7,1987-11-29,0,43.900000000000006,16.3,0.0,5771,927.9
36.9,1.0,29.4,1987-11-30,0,35.599999999999994,14.1,0.0,5690,878.01
23.3,-3.2,21.7,1987-12-01,0,29.6,19.8,0.0,5756,991.25
29.1,-0.4,30.6,1987-12-02,0,21.0,22.8,0.0,5740,957.66
29.1,-3.4,24.9,1987-12-03,0,26.3,21.3,0.0,5763,968.4
33.0,-1.6,30.0,1987-12-04,0,30.5,16.9,0.0,5748,850.23
40.7,-9.8,18.9,1987-12-05,0,31.1,19.7,0.0,5768,938.71
48.5,-2.0,26.3,1987-12-06,0,20.2,19.7,0.0,5707,963.0
52.4,-2.6,23.1,1987-12-07,0,23.3,18.7,0.0,5661,965.93
60.1,2.6,31.5,1987-12-08,0,17.6,17.1,0.0,5661,941.57
98.9,12.8,31.4,1987-12-09,0,22.2,24.1,0.0,5703,917.86
146.4,4.0,31.2,1987-12-10,0,22.799999999999997,25.0,0.0,5736,954.91
122.9,-2.6,25.2,1987-12-11,0,27.9,23.3,0.0,5738,952.44
52.4,-7.0,18.0,1987-12-12,0,22.200000000000003,30.5,0.0,5753,978.01
326.2,36.5,47.8,1987-12-13,0,-2.6,45.9,1487.6,5680,980.3
54.3,1.0,20.3,1987-12-14,0,23.6,33.7,0.0,5680,968.52
50.4,7.4,34.8,1987-12-15,0,24.5,28.7,0.0,5663,919.42
130.5,8.4,35.4,1987-12-16,0,20.6,33.5,0.0,5686,970.93
104.3,6.8,29.4,1987-12-17,0,25.200000000000003,31.4,0.0,5736,983.41
68.6,5.0,31.6,1987-12-18,0,17.3,24.4,0.0,5632,952.74
50.4,3.4,30.3,1987-12-19,0,18.7,24.0,0.0,5700,944.66
92.6,3.0,31.8,1987-12-20,0,18.5,29.4,0.0,5664,963.27
35.8,1.2,29.4,1987-12-21,0,24.700000000000003,27.1,0.0,5699,936.45
40.7,-1.4,15.9,1987-12-22,0,30.0,27.2,0.0,5712,912.52
44.6,4.6,28.6,1987-12-23,0,29.299999999999997,23.8,0.0,5665,936.75
52.4,-1.6,20.5,1987-12-24,0,39.2,24.6,0.0,5662,849.44
41.2,12.0,39.0,1987-12-25,0,17.0,18.0,0.0,5582,934.07
64.0,12.4,38.4,1987-12-26,0,21.2,17.3,0.0,5599,942.64
48.5,9.8,38.0,1987-12-27,0,22.200000000000003,20.8,0.0,5656,945.02
29.1,7.0,35.0,1987-12-28,0,22.9,22.0,0.0,5654,947.86
71.8,9.8,26.3,1987-12-29,0,21.299999999999997,19.2,0.0,5627,931.38
36.9,1.0,31.0,1987-12-30,0,32.7,22.7,0.0,5699,911.0
56.3,-2.8,26.2,1987-12-31,0,35.8,28.9,0.0,5724,978.93
56.3,-3.0,18.9,1988-01-01,0,34.9,36.2,0.0,5731,997.89
38.8,-3.6,17.5,1988-01-02,0,29.3,28.5,0.0,5687,963.73
46.6,-5.8,19.1,1988-01-03,0,29.799999999999997,33.0,0.0,5739,955.61
74.2,-3.6,25.8,1988-01-04,0,31.2,32.3,0.0,5731,942.12
31.0,-4.4,20.5,1988-01-05,0,30.6,28.1,0.0,5726,912.77
126.4,8.6,37.6,1988-01-06,0,14.0,25.0,0.0,5693,938.77
93.0,4.4,31.2,1988-01-07,0,19.8,26.4,0.0,5659,955.49
69.8,3.6,34.3,1988-01-08,0,11.7,16.9,0.0,5592,927.47
58.2,-5.8,21.5,1988-01-09,0,30.4,20.4,0.0,5646,945.21
71.8,-2.6,17.5,1988-01-10,0,34.0,20.7,0.0,5722,936.75
52.4,-2.2,25.9,1988-01-11,0,20.4,19.7,0.0,5673,927.35
56.3,8.0,37.2,1988-01-12,0,30.299999999999997,13.1,0.0,5644,825.27
38.8,11.4,37.7,1988-01-13,0,11.899999999999999,21.3,0.0,5617,963.33
98.9,9.3,33.9,1988-01-14,0,7.8,17.6,-137.9,5561,952.68
70.3,2.6,32.6,1988-01-15,0,16.3,19.0,0.0,5627,933.36
152.5,12.8,39.8,1988-01-16,0,12.7,24.3,0.0,5632,960.49
131.2,8.0,36.4,1988-01-17,0,17.6,22.7,0.0,5648,921.46
69.8,-3.6,23.1,1988-01-18,0,29.4,21.2,0.0,5660,945.48
97.0,4.8,24.3,1988-01-19,0,27.4,18.0,0.0,5675,904.13
56.3,5.6,21.3,1988-01-20,0,31.9,18.4,0.0,5663,919.72
56.3,4.4,15.7,1988-01-21,0,28.2,18.6,0.0,5673,953.2
85.4,6.8,24.9,1988-01-22,0,26.1,19.5,0.0,5631,950.55
97.0,4.4,25.8,1988-01-23,0,22.7,19.3,0.0,5662,963.09
91.2,-2.4,19.1,1988-01-24,0,34.7,22.1,0.0,5689,915.88
83.4,14.0,21.1,1988-01-25,0,26.4,26.6,0.0,5680,965.74
153.9,16.6,33.4,1988-01-26,0,32.2,24.8,0.0,5662,880.72
106.7,12.0,16.5,1988-01-27,0,41.7,18.2,0.0,5651,875.87
114.5,7.4,22.0,1988-01-28,0,43.0,18.5,0.0,5633,920.67
79.5,8.0,31.1,1988-01-29,0,32.9,18.9,0.0,5605,920.52
112.5,-2.0,25.7,1988-01-30,0,32.4,21.5,0.0,5690,913.1
83.4,2.0,27.8,1988-01-31,0,41.4,18.1,0.0,5684,889.14
77.6,-5.2,15.1,1988-02-01,0,33.599999999999994,23.6,0.0,5680,983.96
71.8,-6.6,15.5,1988-02-02,0,37.2,20.3,0.0,5713,877.88
87.3,-2.8,27.2,1988-02-03,0,32.0,19.2,0.0,5683,890.95
52.4,1.6,34.2,1988-02-04,0,25.1,17.5,0.0,5668,942.4
25.2,-4.0,16.5,1988-02-05,0,37.1,19.3,0.0,5722,874.44
46.6,-7.6,19.9,1988-02-06,0,27.1,19.4,0.0,5674,936.75
56.3,-6.4,20.7,1988-02-07,0,27.5,21.9,0.0,5695,921.68
85.1,-1.2,31.8,1988-02-08,0,22.1,29.9,0.0,5716,973.46
52.4,1.2,31.9,1988-02-09,0,10.5,22.4,0.0,5671,957.41
48.5,-1.2,24.5,1988-02-10,0,17.6,23.6,0.0,5686,962.81
56.3,-4.4,22.3,1988-02-11,0,26.7,24.2,0.0,5709,941.27
110.0,20.4,41.8,1988-02-12,0,14.5,22.2,0.0,5677,929.92
172.9,25.0,49.8,1988-02-13,0,4.9,24.4,-212.7,5714,967.94
128.4,24.6,47.6,1988-02-14,0,4.5,25.1,-239.0,5634,943.8
82.9,14.8,38.2,1988-02-15,0,8.7,18.1,0.0,5603,938.4
79.8,19.6,37.6,1988-02-16,1,5.0,29.1,-122.4,5695,959.67
268.5,35.3,52.4,1988-02-17,0,-1.1,36.2,122.3,5663,980.58
183.1,27.2,48.0,1988-02-18,0,6.3999999999999995,26.6,0.0,5683,949.11
52.4,4.6,24.1,1988-02-19,0,26.9,14.9,0.0,5677,894.3
36.9,4.4,27.7,1988-02-20,0,21.0,19.1,0.0,5679,958.02
40.7,5.8,28.7,1988-02-21,0,8.9,15.9,0.0,5639,910.93
210.5,27.6,50.4,1988-02-22,0,-0.10000000000000009,32.9,599.5,5661,972.89
175.2,31.8,47.8,1988-02-23,0,-5.0,38.7,1878.2,5671,985.34
150.1,6.6,20.8,1988-02-24,0,16.799999999999997,26.3,306.4,5648,980.55
66.0,12.2,40.9,1988-02-25,0,-7.7,18.6,2511.2,5634,980.39
167.5,22.8,42.4,1988-02-26,0,16.6,28.2,0.0,5673,868.42
62.1,14.2,30.3,1988-02-27,0,16.799999999999997,24.5,0.0,5760,938.46
391.7,29.2,58.0,1988-02-28,0,-7.2,34.9,890.0,5684,985.4
64.0,25.1,36.3,1988-02-29,0,-4.8,27.1,2409.8999999999996,5693,969.77
157.4,23.0,47.6,1988-03-01,1,-8.5,32.4,1666.5,5701,984.33
106.9,24.2,39.4,1988-03-02,0,5.3999999999999995,34.4,-120.50000000000001,5706,967.61
60.1,10.6,29.5,1988-03-03,0,14.0,21.4,0.0,5690,901.75
129.2,15.4,39.8,1988-03-04,0,10.1,27.6,0.0,5723,948.99
54.3,15.6,30.7,1988-03-05,0,-0.8999999999999999,22.2,687.6999999999999,5663,982.86
64.0,8.0,34.7,1988-03-06,0,-6.1000000000000005,19.7,1106.8,5670,961.96
111.0,19.0,40.0,1988-03-07,0,3.4,28.8,355.0,5715,964.61
81.0,18.0,40.0,1988-03-08,1,-2.3,29.9,1644.6,5709,972.43
123.3,34.1,49.2,1988-03-09,0,-3.5,38.5,1474.6999999999998,5710,964.58
45.0,9.2,40.0,1988-03-10,0,2.2,23.2,334.4,5728,942.73
25.2,9.6,33.5,1988-03-11,1,2.7,20.3,628.7,5707,909.01
67.9,19.2,37.3,1988-03-12,1,6.300000000000001,21.5,-325.2,5676,916.7
117.1,22.2,41.4,1988-03-13,1,-1.3000000000000003,31.4,888.9,5711,977.71
386.9,37.5,52.0,1988-03-14,0,6.1,45.8,-192.5,5743,970.14
97.0,1.6,23.7,1988-03-15,0,16.1,23.3,0.0,5709,897.9
96.7,2.8,30.6,1988-03-16,0,18.1,31.6,0.0,5769,940.72
78.1,3.8,33.8,1988-03-17,0,6.6,31.9,-146.70000000000002,5803,969.8
94.2,19.0,42.0,1988-03-18,1,0.8999999999999999,30.6,284.80000000000007,5796,953.41
102.8,16.6,31.5,1988-03-19,0,9.6,28.5,0.0,5742,945.76
302.6,23.2,50.2,1988-03-20,0,2.3,38.6,-32.29999999999998,5723,975.3
169.0,16.6,40.2,1988-03-21,0,10.9,28.1,0.0,5692,957.29
66.0,10.8,28.5,1988-03-22,0,11.1,22.9,-155.10000000000002,5684,959.88
44.6,17.8,44.3,1988-03-23,0,-0.30000000000000004,22.0,-240.6,5656,940.72
60.1,4.6,22.9,1988-03-24,0,13.4,28.6,-137.3,5777,950.82
56.3,3.6,28.3,1988-03-25,0,6.0,29.2,41.7,5774,990.22
67.9,2.6,26.0,1988-03-26,0,12.7,28.1,-250.4,5811,942.12
161.1,20.5,30.8,1988-03-27,0,14.0,39.0,-602.8,5847,807.36
67.9,11.0,21.1,1988-03-28,0,9.6,31.3,260.4,5764,964.25
58.2,3.9,16.5,1988-03-29,0,35.6,23.8,0.0,5810,855.33
50.4,-0.6,24.8,1988-03-30,0,14.8,27.1,-132.0,5753,964.8
56.3,3.0,27.6,1988-03-31,0,11.2,27.5,-160.4,5795,945.02
73.7,11.6,25.3,1988-04-01,0,-0.8999999999999999,26.6,2240.5,5713,980.63
180.5,30.7,41.6,1988-04-02,0,1.2999999999999998,44.4,2101.6,5764,972.12
39.3,8.4,32.0,1988-04-03,0,1.8000000000000003,31.6,2947.2000000000003,5784,974.78
182.3,18.0,45.4,1988-04-04,0,3.0,34.8,-162.39999999999998,5789,941.91
104.5,15.4,41.4,1988-04-05,0,3.0,26.2,-339.5,5800,933.3
44.6,16.6,37.5,1988-04-06,0,-1.4000000000000004,24.1,2120.2999999999997,5787,944.81
61.4,14.8,33.0,1988-04-07,0,4.7,33.6,2157.2,5837,964.04
29.1,6.6,29.7,1988-04-08,0,5.6,26.3,-290.40000000000003,5839,953.17
39.7,21.1,33.2,1988-04-09,0,-3.2,31.1,3515.0,5766,974.69
74.9,25.4,49.2,1988-04-10,0,-13.9,31.0,4705.0,5742,977.34
134.0,22.2,45.0,1988-04-11,0,-2.0000000000000004,27.8,1806.4,5801,935.71
115.5,26.2,47.2,1988-04-12,0,-3.6000000000000005,32.4,2247.6,5788,964.13
46.6,11.6,35.9,1988-04-13,0,0.8999999999999999,25.7,953.5,5839,926.59
348.3,28.2,59.4,1988-04-14,1,-14.8,35.5,2439.0,5859,958.39
125.9,15.8,46.8,1988-04-15,1,-6.0,32.4,1679.1,5776,953.08
248.4,30.6,50.4,1988-04-16,1,2.3,39.6,968.8,5779,980.18
44.6,7.4,37.5,1988-04-17,0,7.1,18.6,0.0,5728,906.81
220.4,21.0,49.8,1988-04-18,0,-5.2,39.1,2157.8,5727,980.09
60.9,15.8,40.6,1988-04-19,0,1.5000000000000002,24.3,102.5,5729,905.75
178.1,15.6,33.2,1988-04-20,1,11.6,42.6,-83.80000000000001,5827,969.5
245.6,38.3,49.2,1988-04-21,0,-9.0,50.8,2212.1,5711,982.53
255.7,30.6,46.6,1988-04-22,1,2.2,50.4,853.4,5746,969.77
106.1,21.8,46.6,1988-04-23,0,1.6,33.2,326.90000000000003,5729,970.11
181.8,29.1,41.2,1988-04-24,0,2.5999999999999996,48.1,1004.0,5804,896.77
170.0,30.2,51.8,1988-04-25,0,-12.6,39.9,4272.8,5760,979.93
140.1,19.8,41.2,1988-04-26,0,2.5,40.1,209.3,5810,974.81
128.6,18.2,44.8,1988-04-27,0,-3.5,28.5,1601.2,5784,958.69
197.0,31.2,53.6,1988-04-28,0,-14.6,33.4,4021.3999999999996,5734,964.1
379.0,42.1,55.8,1988-04-29,0,-0.30000000000000027,46.3,698.3,5746,964.61
299.0,35.0,53.4,1988-04-30,0,-2.1999999999999997,41.9,-18.89999999999999,5711,972.4
183.3,29.3,46.0,1988-05-01,0,1.4,45.4,549.1,5763,985.64
140.4,21.6,38.4,1988-05-02,0,-0.6999999999999997,34.8,1011.5,5722,972.37
143.3,19.4,37.6,1988-05-03,0,5.0,35.7,758.5,5772,964.25
262.5,38.9,47.6,1988-05-04,0,9.8,61.7,0.0,5866,967.0
190.8,30.3,42.0,1988-05-05,0,12.1,49.3,0.0,5811,924.39
132.5,25.2,46.6,1988-05-06,0,-8.9,40.1,1334.8,5780,982.47
369.1,33.5,49.0,1988-05-07,0,-7.1,46.3,1445.8000000000002,5808,961.01
327.6,30.6,52.6,1988-05-08,0,-6.9,50.8,-8.299999999999999,5792,958.21
317.5,39.1,49.4,1988-05-09,0,1.3000000000000007,59.0,-6.199999999999999,5832,960.95
186.0,26.0,41.6,1988-05-10,0,4.6,36.5,1906.8000000000002,5820,925.98
257.4,27.6,43.0,1988-05-11,0,5.2,59.0,3275.4,5895,963.58
138.5,19.4,43.4,1988-05-12,0,-7.499999999999999,33.2,5323.599999999999,5858,933.2
468.0,35.4,60.2,1988-05-13,1,-15.3,48.1,3515.7,5806,960.95
194.9,18.8,48.0,1988-05-14,0,3.7,39.1,80.89999999999998,5806,967.06
185.0,26.6,49.4,1988-05-15,1,-8.5,41.0,3276.2000000000003,5738,974.69
238.1,40.5,47.4,1988-05-16,0,-1.7000000000000002,59.9,1088.5,5806,979.84
265.2,39.9,49.0,1988-05-17,0,2.8000000000000003,56.1,762.9000000000001,5764,982.59
231.6,20.6,38.4,1988-05-18,0,8.200000000000001,48.9,518.6,5800,982.53
185.5,25.8,38.8,1988-05-19,0,0.2999999999999998,44.0,1133.8999999999999,5749,992.63
243.6,32.5,44.8,1988-05-20,0,1.8000000000000003,59.1,1526.1,5789,985.09
259.1,38.1,42.2,1988-05-21,0,5.6000000000000005,67.4,734.0,5828,982.47
251.5,28.1,41.4,1988-05-22,0,5.3,55.9,1100.8,5819,992.6
177.3,6.6,24.8,1988-05-23,1,6.1,33.6,-4.700000000000003,5841,877.28
465.6,40.3,57.0,1988-05-24,0,-7.3,63.4,1624.7,5838,979.75
386.1,38.3,54.4,1988-05-25,0,-10.600000000000001,57.7,29.000000000000004,5813,977.1
264.8,31.7,49.2,1988-05-26,0,-0.8999999999999995,47.5,3523.8,5873,935.7
140.5,12.8,36.4,1988-05-27,0,2.7,30.2,2786.3999999999996,5823,947.68
318.7,33.5,50.0,1988-05-28,0,2.2,52.2,3378.6,5880,930.82
178.8,16.4,41.4,1988-05-29,0,2.4000000000000004,32.5,2324.3,5833,928.45
469.5,36.1,56.0,1988-05-30,0,-3.7,53.0,2482.0,5862,928.34
332.5,32.1,52.0,1988-05-31,0,-2.1999999999999997,51.4,366.4,5775,985.21
253.2,28.2,48.2,1988-06-01,0,1.8000000000000003,46.9,701.6999999999999,5815,959.55
169.2,15.6,40.2,1988-06-02,0,1.0999999999999996,34.5,2621.6,5862,925.87
245.5,34.7,47.0,1988-06-03,0,3.5,49.3,455.6,5820,931.06
267.4,24.6,42.8,1988-06-04,0,4.9,38.4,687.0,5780,921.06
333.9,33.6,50.0,1988-06-05,0,-0.7000000000000002,51.9,4831.0,5860,910.16
201.0,14.0,41.4,1988-06-06,0,5.2,40.6,556.1,5857,842.49
100.3,17.6,24.6,1988-06-07,0,23.1,18.5,0.0,5806,746.82
271.2,39.5,43.2,1988-06-08,0,6.1000000000000005,61.6,553.6,5823,921.12
380.3,43.0,40.4,1988-06-09,0,14.7,79.7,12.8,5843,949.99
296.0,38.1,39.8,1988-06-10,0,10.299999999999999,57.9,73.2,5744,947.71
259.9,33.9,36.8,1988-06-11,0,8.299999999999999,62.8,99.1,5789,949.99
325.4,39.0,38.0,1988-06-12,1,16.0,45.2,209.20000000000002,5826,947.71
339.1,32.0,35.8,1988-06-13,1,11.1,62.6,298.7,5828,940.68
305.6,40.5,42.8,1988-06-14,0,5.700000000000001,65.7,1078.9,5820,933.51
230.4,26.1,35.8,1988-06-15,0,20.1,42.6,0.0,5821,890.36
291.5,33.9,44.8,1988-06-16,0,4.7,53.3,1693.6000000000001,5795,935.87
286.7,36.3,43.0,1988-06-17,0,4.1,52.1,2766.0,5814,925.98
109.2,14.5,28.4,1988-06-18,0,6.2,40.8,-4.7,5833,977.19
260.4,38.1,44.6,1988-06-19,0,5.0,69.0,1374.8999999999999,5879,977.16
96.3,7.6,30.4,1988-06-20,0,2.4999999999999996,38.5,-0.5999999999999996,5825,982.38
144.9,27.3,34.8,1988-06-21,0,1.0,48.8,2204.2000000000003,5800,974.59
321.2,42.6,42.6,1988-06-22,1,7.5,73.9,2331.7999999999997,5870,942.96
312.1,41.4,40.8,1988-06-23,1,9.200000000000001,70.7,949.6,5825,940.65
293.4,41.7,43.2,1988-06-24,1,2.7,65.6,3261.4,5807,928.4
279.5,37.9,42.0,1988-06-25,0,10.200000000000001,57.1,-139.5,5798,897.66
294.2,37.0,34.2,1988-06-26,1,19.099999999999998,66.9,0.0,5869,931.03
304.0,39.3,40.6,1988-06-27,1,11.100000000000001,66.4,27.9,5785,940.7
271.7,37.9,39.0,1988-06-28,0,10.299999999999999,59.9,250.9,5774,949.99
285.2,44.9,49.2,1988-06-29,0,-1.0,58.7,3150.3,5824,938.23
235.1,34.9,46.2,1988-06-30,0,2.5,42.6,845.6999999999999,5804,891.95
255.2,39.9,44.4,1988-07-01,1,1.4000000000000004,67.5,-11.0,5805,978.82
256.7,36.9,40.8,1988-07-02,0,2.0,65.6,2617.4,5808,992.57
280.0,36.3,41.2,1988-07-03,1,3.5999999999999996,67.2,377.7,5803,971.94
314.2,40.5,42.6,1988-07-04,1,14.2,65.3,0.0,5851,872.23
309.7,44.5,47.2,1988-07-05,1,1.5,79.8,1499.5,5825,966.54
300.2,40.5,46.6,1988-07-06,1,1.9,73.5,1518.3,5849,963.85
253.1,36.7,41.6,1988-07-07,1,7.4,54.4,381.5,5790,916.23
286.5,40.8,42.2,1988-07-08,1,6.300000000000001,73.1,1169.2,5880,933.31
249.3,40.7,44.0,1988-07-09,1,6.0,73.5,131.39999999999998,5835,982.53
268.8,31.0,39.4,1988-07-10,0,9.1,65.1,759.0,5867,982.44
268.8,40.3,42.4,1988-07-11,0,6.2,79.4,97.6,5888,982.44
259.4,34.6,32.4,1988-07-12,0,17.9,84.9,0.0,5922,987.53
288.3,40.8,42.0,1988-07-13,0,7.3,70.4,1854.6,5879,947.68
251.3,35.6,37.4,1988-07-14,0,10.5,67.3,2.4000000000000004,5896,945.34
270.5,41.0,42.6,1988-07-15,0,7.699999999999999,81.7,157.3,5884,974.59
273.0,39.1,43.6,1988-07-16,0,5.9,58.0,-0.4,5846,945.34
324.2,43.1,47.8,1988-07-17,0,-1.9000000000000004,61.2,5054.2,5837,910.19
292.6,36.3,40.2,1988-07-18,0,7.0,62.9,1732.7,5824,928.54
262.6,39.9,45.0,1988-07-19,1,1.9,67.7,1426.3,5820,979.9
240.3,36.7,42.8,1988-07-20,0,6.0,57.8,187.8,5810,982.41
282.6,40.9,46.8,1988-07-21,0,0.9000000000000004,59.4,1806.0,5828,930.87
288.5,35.3,43.0,1988-07-22,0,5.1,67.5,562.2,5856,977.22
213.5,29.5,41.4,1988-07-23,0,-1.0,53.7,2471.0,5802,982.44
282.7,41.5,42.6,1988-07-24,0,5.199999999999999,76.1,916.7,5825,966.57
275.4,39.8,43.0,1988-07-25,1,8.299999999999999,64.2,1501.1,5869,908.02
263.4,40.7,45.2,1988-07-26,0,0.0,65.4,3373.7000000000003,5827,947.68
255.2,39.9,45.0,1988-07-27,0,4.800000000000001,72.1,1012.0000000000001,5848,982.53
288.9,41.1,45.2,1988-07-28,0,5.0,68.8,1608.7,5868,945.34
278.8,32.7,44.8,1988-07-29,0,1.0999999999999996,47.3,1039.4,5830,949.99
249.3,30.9,45.0,1988-07-30,0,1.3999999999999995,48.9,7.0,5808,930.98
252.5,29.5,47.0,1988-07-31,0,-4.300000000000001,49.3,-9.1,5853,928.29
275.4,39.7,42.6,1988-08-01,0,5.0,80.3,-30.599999999999998,5825,977.46
295.5,34.4,37.6,1988-08-02,0,13.7,59.2,0.0,5773,923.81
315.1,39.4,39.8,1988-08-03,0,10.200000000000001,70.0,1098.6999999999998,5800,947.68
314.0,41.6,42.2,1988-08-04,1,10.1,70.9,-14.100000000000001,5866,938.26
262.5,39.3,42.0,1988-08-05,0,4.0,71.8,1529.0,5849,987.53
252.9,37.1,42.6,1988-08-06,1,1.4000000000000004,64.8,850.1999999999999,5835,979.75
189.0,32.7,39.0,1988-08-07,1,11.9,43.3,0.0,5822,844.44
286.5,43.7,45.8,1988-08-08,0,6.1,69.3,266.90000000000003,5839,938.31
297.4,43.6,42.6,1988-08-09,0,3.3000000000000007,82.0,3991.2000000000003,5882,949.99
274.5,39.5,42.8,1988-08-10,0,6.8999999999999995,64.0,625.3000000000001,5846,935.87
317.5,43.1,46.4,1988-08-11,0,3.3000000000000003,78.5,1369.0,5850,985.03
297.2,40.1,43.0,1988-08-12,0,6.9,78.8,278.79999999999995,5886,982.44
295.2,42.5,44.4,1988-08-13,0,4.2,81.7,1081.0,5865,969.19
248.6,38.3,45.2,1988-08-14,1,-2.9,60.3,2309.7,5791,969.22
301.8,43.3,48.6,1988-08-15,1,0.10000000000000053,67.8,1415.7,5812,949.99
214.8,33.1,37.8,1988-08-16,1,11.1,48.3,-98.6,5813,868.85
295.5,42.4,45.8,1988-08-17,0,2.4000000000000004,77.1,983.5999999999999,5891,938.12
310.2,37.4,39.0,1988-08-18,0,9.700000000000001,65.7,474.3,5866,933.34
237.5,34.7,42.4,1988-08-19,0,0.8000000000000007,58.8,1670.7,5816,977.28
304.2,42.8,43.6,1988-08-20,0,10.4,85.1,16.400000000000006,5891,979.87
284.6,38.9,42.0,1988-08-21,0,7.5,77.3,380.09999999999997,5871,985.03
283.7,38.5,41.2,1988-08-22,1,8.6,71.9,-33.0,5856,985.06
289.5,35.3,40.8,1988-08-23,0,8.0,68.2,-0.3999999999999986,5845,985.06
286.6,32.5,44.8,1988-08-24,1,4.199999999999999,69.0,-7.200000000000001,5853,979.87
326.3,40.5,44.8,1988-08-25,0,9.4,79.7,0.0,5893,985.09
318.4,42.5,47.2,1988-08-26,0,6.199999999999999,71.7,126.50000000000001,5872,972.03
187.2,24.8,42.8,1988-08-27,1,-2.6,41.9,2813.6,5795,966.66
426.2,49.3,53.8,1988-08-28,0,4.9,79.8,1930.0,5857,961.32
241.2,36.3,44.2,1988-08-29,1,2.0000000000000004,67.6,1961.1000000000001,5855,982.41
187.9,33.7,41.6,1988-08-30,1,0.7000000000000002,56.7,9.4,5812,992.6
183.5,31.7,38.0,1988-08-31,0,5.1,58.2,1381.2,5826,987.56
265.6,40.0,43.2,1988-09-01,1,7.299999999999999,81.7,692.3000000000001,5895,994.57
268.5,42.1,46.2,1988-09-02,0,1.9,76.5,2506.1,5848,985.0
257.5,39.5,42.2,1988-09-03,0,8.200000000000001,71.6,-33.5,5867,985.06
265.8,39.9,42.2,1988-09-04,0,8.4,75.6,147.5,5856,979.93
217.2,37.7,41.4,1988-09-05,0,2.8,65.1,1823.3,5831,966.51
224.0,36.5,44.6,1988-09-06,1,0.0,60.7,2058.7,5823,985.03
207.3,16.0,45.0,1988-09-07,1,-0.5,43.2,759.5999999999999,5808,985.06
316.6,45.5,50.8,1988-09-08,1,1.0000000000000004,74.6,1690.1,5812,982.53
198.8,21.0,35.6,1988-09-09,0,10.9,50.2,0.0,5841,982.62
238.0,35.3,42.6,1988-09-10,0,1.9,56.9,2879.3999999999996,5809,992.6
204.3,27.4,42.8,1988-09-11,0,1.4000000000000004,44.9,1805.8,5801,974.69
251.4,41.7,49.2,1988-09-12,1,-1.8999999999999995,65.8,3014.7,5803,974.59
301.0,38.5,53.6,1988-09-13,1,-8.3,49.6,4599.099999999999,5805,974.59
148.0,19.0,40.6,1988-09-14,0,-1.2999999999999998,42.3,2978.0,5810,985.0
288.5,39.3,51.2,1988-09-15,1,-4.9,57.6,2078.0,5823,985.0
268.2,39.1,47.8,1988-09-16,0,1.1,63.7,1136.0,5803,987.59
266.8,42.9,47.4,1988-09-17,1,2.5,63.1,26.7,5811,982.53
385.4,46.3,54.6,1988-09-18,1,-3.2,65.6,803.1,5830,987.56
249.4,33.9,40.8,1988-09-19,1,4.2,53.7,659.0,5817,979.93
205.8,27.1,38.0,1988-09-20,0,5.699999999999999,50.2,9.5,5834,982.47
268.0,36.5,43.6,1988-09-21,0,5.0,59.4,702.5999999999999,5810,980.03
313.6,39.5,43.2,1988-09-22,1,9.1,71.2,101.69999999999999,5887,974.69
336.7,42.8,45.4,1988-09-23,1,9.1,76.4,-129.3,5907,982.47
275.1,39.3,45.6,1988-09-24,0,2.0000000000000004,72.8,1751.6999999999998,5837,992.6
175.0,27.5,39.2,1988-09-25,0,1.5,53.5,1838.6,5825,979.87
205.2,34.1,40.6,1988-09-26,0,4.4,56.0,1105.3999999999999,5842,977.31
200.0,35.3,40.4,1988-09-27,0,3.6000000000000005,55.7,1634.5,5827,982.47
189.3,25.6,44.4,1988-09-28,0,-0.5,45.9,1875.1000000000001,5820,985.03
205.3,36.3,49.2,1988-09-29,1,-4.8,51.8,3681.7999999999997,5816,982.44
219.3,29.9,39.6,1988-09-30,0,5.2,50.2,617.1,5824,972.03
279.7,37.7,40.6,1988-10-01,0,7.699999999999999,66.8,26.5,5833,960.38
246.6,39.7,45.4,1988-10-02,1,1.5999999999999996,67.7,978.5,5805,985.06
193.2,34.5,41.8,1988-10-03,0,2.1999999999999997,59.5,-11.100000000000001,5815,985.09
238.5,35.7,41.6,1988-10-04,0,7.000000000000001,64.9,812.5999999999999,5877,974.62
256.3,37.5,48.8,1988-10-05,0,-1.2000000000000002,53.9,2186.5,5823,977.28
254.5,36.7,45.2,1988-10-06,0,-0.39999999999999947,52.5,3253.3999999999996,5823,971.91
160.7,5.8,32.2,1988-10-07,0,9.2,37.9,55.699999999999996,5808,974.87
92.0,8.4,26.6,1988-10-08,0,9.7,32.2,132.29999999999998,5779,974.9
181.2,23.2,34.6,1988-10-09,0,11.899999999999999,41.5,99.5,5786,972.4
260.4,28.4,42.8,1988-10-10,0,16.4,46.8,0.0,5820,975.11
112.7,16.8,31.8,1988-10-11,0,13.7,28.6,0.0,5777,936.78
147.1,24.7,38.8,1988-10-12,0,12.0,37.4,0.0,5815,924.48
226.9,37.1,42.8,1988-10-13,0,5.0,57.2,354.09999999999997,5810,972.18
228.9,33.3,44.8,1988-10-14,0,1.6,49.7,621.7,5787,985.12
52.4,0.6,26.0,1988-10-15,0,8.3,26.7,-32.1,5768,956.25
176.1,5.9,29.6,1988-10-16,0,21.9,34.4,0.0,5821,956.62
117.3,4.8,34.0,1988-10-17,0,14.799999999999999,33.0,0.0,5790,928.33
221.1,30.9,42.6,1988-10-18,1,5.9,50.8,-41.199999999999996,5783,958.91
238.0,35.1,42.6,1988-10-19,0,6.6000000000000005,55.9,-5.199999999999999,5772,958.94
129.0,17.8,35.0,1988-10-20,0,12.7,35.7,0.0,5746,967.45
70.8,2.2,33.6,1988-10-21,0,7.8,32.6,0.0,5774,967.27
185.8,12.2,34.8,1988-10-22,0,8.9,40.4,165.39999999999998,5764,980.12
52.3,-1.4,25.8,1988-10-23,0,13.4,30.5,0.0,5784,956.53
106.1,9.0,37.4,1988-10-24,0,1.9,31.4,31.500000000000007,5758,977.65
146.1,12.6,40.0,1988-10-25,0,5.5,33.4,-4.599999999999994,5760,972.52
17.5,3.6,26.7,1988-10-26,0,3.0,23.4,60.6,5699,953.75
20.8,3.0,29.8,1988-10-27,0,6.199999999999999,29.3,-19.6,5729,961.96
173.5,17.2,40.2,1988-10-28,0,8.2,43.2,-8.700000000000003,5771,964.55
104.4,11.2,37.0,1988-10-29,0,8.299999999999999,32.6,0.0,5748,975.23
111.3,7.0,34.4,1988-10-30,0,12.4,29.3,-116.60000000000001,5713,948.59
105.0,21.6,35.2,1988-10-31,0,11.8,28.7,-40.599999999999994,5690,946.0
38.8,9.2,30.1,1988-11-01,0,7.199999999999999,24.7,-103.3,5747,990.41
193.2,27.8,43.2,1988-11-02,0,13.8,45.1,0.0,5810,936.72
130.0,17.2,43.2,1988-11-03,0,1.8,26.7,366.9,5687,945.57
82.6,8.6,36.8,1988-11-04,0,3.1000000000000005,26.4,-72.5,5725,936.69
114.8,18.6,42.4,1988-11-05,0,5.3999999999999995,32.4,0.0,5711,959.7
78.1,8.2,39.2,1988-11-06,0,5.7,17.8,0.0,5675,916.7
84.1,2.0,30.4,1988-11-07,0,13.700000000000001,25.3,0.0,5705,970.35
196.3,18.4,45.4,1988-11-08,0,18.5,38.3,0.0,5834,954.27
118.5,3.6,31.4,1988-11-09,0,15.4,26.1,0.0,5749,967.67
128.4,11.6,38.4,1988-11-10,0,12.0,23.8,0.0,5703,948.93
49.2,5.4,32.2,1988-11-11,0,10.4,27.5,0.0,5701,946.0
62.7,8.6,37.8,1988-11-12,0,9.2,22.7,0.0,5713,943.25
34.8,5.8,36.8,1988-11-13,0,7.1000000000000005,24.8,-351.79999999999995,5717,940.26
50.2,22.5,40.6,1988-11-14,0,7.2,23.8,0.0,5686,935.04
31.0,11.0,37.7,1988-11-15,0,4.5,16.7,0.0,5645,895.58
49.3,0.4,31.6,1988-11-16,0,18.700000000000003,21.3,0.0,5728,917.31
17.5,-0.8,28.1,1988-11-17,0,15.3,21.7,0.0,5737,935.17
33.0,3.2,29.3,1988-11-18,0,11.5,22.5,0.0,5726,967.91
27.2,6.6,22.7,1988-11-19,0,11.299999999999999,11.3,-197.5,5730,943.8
189.0,17.0,48.0,1988-11-20,0,3.1000000000000005,35.9,-63.6,5719,982.93
187.0,28.0,46.6,1988-11-21,0,3.6,38.5,92.89999999999999,5706,975.27
127.0,9.4,32.2,1988-11-22,0,23.5,27.9,0.0,5777,925.95
36.9,3.0,27.5,1988-11-23,0,21.2,18.0,0.0,5711,895.58
44.6,5.2,28.7,1988-11-24,0,17.6,24.1,0.0,5733,914.66
62.1,3.8,26.4,1988-11-25,0,29.1,20.0,0.0,5730,871.99
56.3,6.8,29.6,1988-11-26,0,31.5,18.1,0.0,5717,893.6
33.0,4.0,15.1,1988-11-27,0,26.9,18.5,0.0,5735,915.05
201.5,34.5,41.4,1988-11-28,0,15.6,48.7,0.0,5697,928.97
248.6,32.7,45.4,1988-11-29,0,10.6,43.4,0.0,5709,990.43
242.5,36.7,43.0,1988-11-30,0,13.200000000000001,52.4,0.0,5718,995.25
195.8,25.5,35.4,1988-12-01,0,21.5,41.9,0.0,5712,990.21
189.5,19.2,38.6,1988-12-02,0,10.7,35.4,162.6,5686,987.93
265.5,30.9,45.2,1988-12-03,0,22.2,49.0,0.0,5822,943.31
21.3,7.7,15.5,1988-12-04,0,23.9,22.9,0.0,5710,963.15
33.0,10.7,14.5,1988-12-05,0,24.6,25.7,0.0,5715,975.66
108.2,20.1,27.2,1988-12-06,0,20.2,32.0,-86.6,5731,957.02
158.7,2.0,35.6,1988-12-07,0,21.0,35.6,0.0,5785,965.19
72.3,2.4,30.8,1988-12-08,0,11.4,22.4,44.5,5672,983.11
139.7,6.8,39.8,1988-12-09,0,12.8,26.5,0.0,5712,954.88
44.6,2.8,31.4,1988-12-10,0,21.7,17.5,0.0,5674,936.02
48.5,-0.4,25.1,1988-12-11,0,27.0,17.9,0.0,5682,939.01
40.7,3.8,29.9,1988-12-12,0,13.8,20.0,0.0,5672,970.72
72.5,-0.6,25.2,1988-12-13,0,22.4,25.0,0.0,5590,954.97
64.0,-1.0,23.7,1988-12-14,0,21.1,17.5,0.0,5652,932.85
71.8,-1.6,24.8,1988-12-15,0,28.6,14.0,0.0,5653,925.06
52.4,0.4,21.9,1988-12-16,0,21.5,14.2,0.0,5645,903.12
54.3,3.0,27.1,1988-12-17,0,18.700000000000003,14.7,0.0,5623,942.37
54.3,4.6,29.1,1988-12-18,0,18.9,16.7,0.0,5651,944.66
46.6,6.0,30.5,1988-12-19,0,13.9,19.1,0.0,5641,963.21
52.4,7.4,24.5,1988-12-20,0,14.700000000000001,16.5,0.0,5616,970.93
115.3,10.8,37.4,1988-12-21,0,15.6,23.6,0.0,5659,957.75
129.8,14.6,41.4,1988-12-22,0,16.4,20.8,0.0,5650,965.93
95.0,14.8,36.8,1988-12-23,0,16.0,22.3,0.0,5681,968.43
224.6,19.8,42.4,1988-12-24,0,28.2,38.3,0.0,5810,968.19
38.8,9.2,23.5,1988-12-25,0,22.4,17.1,0.0,5691,950.15
33.0,5.0,33.7,1988-12-26,0,18.7,20.0,0.0,5740,957.84
48.5,4.8,26.5,1988-12-27,0,18.1,16.1,0.0,5640,927.35
127.2,17.0,39.0,1988-12-28,0,18.0,24.3,0.0,5662,963.21
123.0,6.6,39.6,1988-12-29,0,19.700000000000003,20.8,0.0,5635,930.89
58.5,-1.6,29.4,1988-12-30,0,27.1,21.0,0.0,5670,939.13
103.5,-2.6,27.0,1988-12-31,0,28.200000000000003,24.4,0.0,5670,965.96
106.9,4.0,35.8,1989-01-01,0,20.4,21.8,0.0,5665,998.17
126.4,3.0,35.8,1989-01-02,0,18.9,21.1,0.0,5639,938.95
80.3,12.2,40.4,1989-01-03,0,13.3,20.4,0.0,5609,955.58
64.0,4.2,23.9,1989-01-04,0,25.299999999999997,18.1,0.0,5598,939.32
69.8,1.8,25.2,1989-01-05,0,30.9,16.3,0.0,5634,907.15
167.8,7.8,29.8,1989-01-06,0,29.6,26.2,0.0,5689,941.79
81.5,-1.0,21.7,1989-01-07,0,31.4,24.2,0.0,5717,978.53
85.6,11.5,14.2,1989-01-08,0,36.900000000000006,35.2,16.5,5654,973.71
87.3,14.9,18.3,1989-01-09,0,26.0,36.2,0.0,5711,978.29
104.8,-3.2,17.9,1989-01-10,0,34.0,22.1,0.0,5687,936.75
118.3,-1.0,10.5,1989-01-11,0,38.7,18.1,0.0,5599,915.02
130.0,-8.0,14.2,1989-01-12,0,46.900000000000006,21.0,0.0,5661,917.74
116.4,-7.8,1.7,1989-01-13,0,52.5,13.3,0.0,5672,876.69
100.9,2.8,30.4,1989-01-14,0,40.6,22.8,0.0,5667,959.49
93.1,-0.2,23.3,1989-01-15,0,38.9,19.4,0.0,5715,865.1
88.2,-3.8,29.0,1989-01-16,0,33.7,21.7,0.0,5691,945.79
209.4,12.0,32.2,1989-01-17,0,32.8,30.9,0.0,5671,913.25
98.9,4.8,12.9,1989-01-18,0,41.0,18.5,0.0,5620,937.76
102.8,3.2,17.5,1989-01-19,0,42.900000000000006,22.4,0.0,5666,923.66
79.5,6.8,22.1,1989-01-20,0,37.099999999999994,22.2,0.0,5710,953.81
102.8,-1.6,6.7,1989-01-21,0,45.2,26.0,0.0,5658,942.64
87.3,-0.4,13.7,1989-01-22,0,44.7,25.6,0.0,5686,948.78
81.5,-3.8,2.7,1989-01-23,0,50.0,26.4,0.0,5682,964.25
83.4,2.0,7.7,1989-01-24,0,40.8,21.7,0.0,5669,926.32
75.7,1.6,5.1,1989-01-25,0,44.5,24.7,0.0,5704,917.1
94.7,3.4,25.8,1989-01-26,0,39.8,29.6,0.0,5731,963.94
71.8,-3.4,8.7,1989-01-27,0,42.099999999999994,22.4,0.0,5752,897.81
83.4,0.6,13.5,1989-01-28,0,39.7,17.6,0.0,5711,895.52
102.8,4.4,25.9,1989-01-29,0,33.1,18.9,0.0,5678,945.76
97.0,-0.2,19.5,1989-01-30,0,40.5,20.1,0.0,5736,892.07
97.0,-9.1,12.4,1989-01-31,0,54.2,21.9,0.0,5733,926.22
87.3,4.6,29.6,1989-02-01,0,36.9,21.1,0.0,5754,1001.34
81.5,2.6,25.5,1989-02-02,0,31.7,22.8,0.0,5750,950.24
91.2,1.4,27.2,1989-02-03,0,28.8,20.9,0.0,5754,861.31
87.3,9.8,37.0,1989-02-04,0,28.8,18.1,0.0,5713,859.57
93.1,1.6,27.5,1989-02-05,0,26.1,18.3,0.0,5688,953.05
104.8,12.6,41.1,1989-02-06,0,-0.7000000000000002,20.1,-226.1,5702,951.49
101.8,13.6,40.6,1989-02-07,0,9.0,20.7,0.0,5717,926.22
136.2,20.2,42.2,1989-02-08,0,9.1,25.9,0.0,5693,929.24
83.4,-1.0,26.1,1989-02-09,0,24.0,18.9,0.0,5695,899.58
107.4,21.6,40.2,1989-02-10,0,10.3,25.2,0.0,5676,952.13
217.6,18.8,51.2,1989-02-11,0,5.0,24.3,0.0,5649,960.34
169.0,23.8,47.8,1989-02-12,0,11.4,22.5,0.0,5640,868.55
89.2,-0.4,28.3,1989-02-13,0,25.4,16.1,0.0,5665,900.41
183.5,16.2,32.2,1989-02-14,0,24.2,30.4,0.0,5684,963.12
102.8,17.4,30.9,1989-02-15,0,10.2,17.9,0.0,5690,917.01
166.6,12.6,34.4,1989-02-16,0,14.9,22.1,-1076.0,5684,761.03
159.4,12.8,37.0,1989-02-17,0,9.0,26.0,-68.60000000000001,5686,957.02
174.5,6.6,37.2,1989-02-18,0,6.0,27.6,239.2,5720,987.84
286.8,28.1,38.8,1989-02-19,0,5.5,37.7,394.79999999999995,5713,950.91
131.9,10.0,18.3,1989-02-20,0,27.7,17.9,0.0,5618,920.21
95.1,1.4,12.5,1989-02-21,0,29.5,11.8,0.0,5621,928.67
156.1,5.4,30.6,1989-02-22,0,25.4,19.9,0.0,5619,950.15
95.1,1.8,17.7,1989-02-23,0,15.7,20.6,0.0,5679,983.14
75.7,-3.4,18.9,1989-02-24,0,27.4,15.9,0.0,5655,913.1
85.4,-4.0,23.0,1989-02-25,0,40.5,17.0,0.0,5717,859.57
81.5,-5.6,17.7,1989-02-26,0,35.6,18.0,0.0,5703,944.93
79.5,-5.2,20.3,1989-02-27,0,31.5,20.2,0.0,5759,924.12
64.0,-1.0,21.5,1989-02-28,0,21.4,17.3,0.0,5749,901.23
115.0,10.6,37.0,1989-03-01,0,11.5,24.7,0.0,5778,995.29
71.8,11.2,24.1,1989-03-02,0,14.700000000000001,21.4,-146.5,5730,962.27
52.4,8.8,32.4,1989-03-03,0,20.5,17.6,0.0,5729,863.75
73.7,3.6,25.5,1989-03-04,0,33.3,21.4,0.0,5758,838.27
52.4,8.8,23.3,1989-03-05,0,20.7,21.0,0.0,5721,946.91
52.4,8.2,22.5,1989-03-06,0,12.9,20.6,0.0,5716,951.77
58.9,5.8,36.0,1989-03-07,0,15.0,21.3,0.0,5739,935.17
108.0,21.4,37.0,1989-03-08,0,9.399999999999999,29.5,0.0,5711,945.76
156.0,31.5,50.0,1989-03-09,0,-5.5,36.9,591.3,5715,962.08
46.6,9.8,40.1,1989-03-10,0,5.5,19.4,0.0,5654,923.32
65.4,22.0,45.6,1989-03-11,0,-3.0999999999999996,23.8,785.6,5682,928.12
158.2,30.4,48.0,1989-03-12,0,4.6,30.1,-212.7,5626,911.12
111.2,29.6,45.2,1989-03-13,1,5.199999999999999,33.3,-185.20000000000002,5686,951.77
74.4,12.0,40.0,1989-03-14,0,6.4,21.8,0.0,5650,975.66
33.0,21.0,42.9,1989-03-15,0,1.4000000000000001,22.0,-71.10000000000002,5666,937.61
82.9,28.6,48.2,1989-03-16,0,-8.9,24.9,1585.2,5627,942.73
130.8,23.6,45.4,1989-03-17,0,-0.10000000000000009,28.3,720.7,5693,956.77
93.4,25.7,42.2,1989-03-18,0,7.0,28.4,0.0,5722,954.3
119.6,24.4,42.6,1989-03-19,0,1.9,33.9,-169.5,5768,975.08
174.5,32.3,46.4,1989-03-20,0,-3.5,37.2,2271.5,5743,972.34
211.5,29.2,46.2,1989-03-21,0,7.7,36.2,-365.1,5735,915.88
191.2,17.8,43.8,1989-03-22,0,6.199999999999999,34.2,54.400000000000034,5875,961.56
95.1,13.2,29.1,1989-03-23,0,11.0,29.4,0.0,5827,930.34
268.3,24.6,51.0,1989-03-24,0,-4.1,40.9,2208.0,5783,977.43
67.9,11.6,35.9,1989-03-25,0,-1.7000000000000002,17.0,1052.3999999999999,5727,942.49
56.3,21.1,33.5,1989-03-26,0,-0.7000000000000002,23.1,848.0,5770,936.17
62.3,19.2,39.2,1989-03-27,0,10.8,24.4,0.0,5789,903.37
67.3,18.8,37.0,1989-03-28,0,16.9,26.5,0.0,5792,862.41
112.2,26.1,40.6,1989-03-29,1,9.600000000000001,27.4,0.0,5699,851.15
180.6,32.4,53.4,1989-03-30,0,-5.1,26.6,632.0,5614,943.68
142.6,22.0,44.8,1989-03-31,0,4.7,33.1,-120.6,5704,967.61
67.9,5.6,27.7,1989-04-01,0,1.0,19.6,1431.3,5691,984.49
177.6,27.9,41.6,1989-04-02,0,1.0000000000000004,41.5,1477.6,5770,980.06
77.6,13.2,32.6,1989-04-03,0,2.9,26.1,791.0,5699,972.34
163.0,17.6,32.6,1989-04-04,0,11.6,41.0,0.0,5856,972.18
81.5,5.2,22.3,1989-04-05,0,3.8,24.8,757.4,5761,956.07
67.9,8.2,32.9,1989-04-06,0,-0.2999999999999998,26.3,588.9000000000001,5771,967.0
87.3,0.4,27.2,1989-04-07,0,22.3,19.1,0.0,5771,907.58
73.7,1.0,24.5,1989-04-08,0,15.600000000000001,21.6,0.0,5810,918.75
206.3,18.0,38.0,1989-04-09,0,8.0,39.6,126.59999999999997,5821,966.9
64.0,7.4,30.9,1989-04-10,0,3.6000000000000005,24.4,1424.7,5804,977.43
106.7,1.0,28.2,1989-04-11,0,12.3,25.3,-170.5,5795,936.17
64.0,13.6,26.3,1989-04-12,0,0.6000000000000005,27.6,744.4000000000001,5765,980.0
58.2,0.8,24.7,1989-04-13,0,1.3000000000000003,26.4,1575.7,5752,969.5
46.6,4.2,28.7,1989-04-14,0,1.4999999999999996,23.1,-139.5,5773,933.12
110.4,19.0,41.8,1989-04-15,0,-2.8,33.4,3331.5,5792,966.81
73.7,16.4,34.9,1989-04-16,1,-4.7,21.5,2201.3,5762,958.66
100.7,8.4,39.6,1989-04-17,0,-4.8,27.8,2123.9,5795,972.12
44.6,16.2,31.5,1989-04-18,0,-3.0999999999999996,26.7,1823.9,5764,947.62
134.3,27.6,45.6,1989-04-19,0,-6.6,42.2,3327.2999999999997,5752,974.69
161.6,21.4,44.8,1989-04-20,0,-2.9,23.1,2321.6,5786,961.35
82.2,7.4,41.8,1989-04-21,0,-2.1999999999999997,24.9,1506.9,5779,947.65
161.1,18.0,46.8,1989-04-22,0,-9.9,33.3,3698.3,5734,977.34
106.7,13.0,36.5,1989-04-23,0,-6.3,18.2,2627.9,5723,933.12
118.2,13.8,37.8,1989-04-24,0,3.4000000000000004,35.8,77.80000000000001,5862,977.28
99.1,23.6,49.8,1989-04-25,0,-9.7,32.0,1654.5,5822,944.63
86.7,20.6,45.6,1989-04-26,1,-12.5,29.9,3416.6000000000004,5744,966.69
184.2,29.0,51.2,1989-04-27,1,-12.3,44.2,3675.0,5781,969.35
108.1,21.8,42.2,1989-04-28,0,-11.0,39.1,3072.9,5720,979.93
384.8,39.3,55.4,1989-04-29,1,-11.9,53.9,2442.2,5776,958.33
64.0,16.0,38.5,1989-04-30,1,-10.799999999999999,33.8,4251.599999999999,5729,974.62
253.4,32.3,45.4,1989-05-01,0,1.0000000000000004,49.0,2639.7000000000003,5776,983.8
172.8,22.2,39.0,1989-05-02,0,-0.40000000000000036,38.4,1.1999999999999993,5797,966.6
159.4,22.2,45.4,1989-05-03,0,-5.2,39.6,5111.900000000001,5770,971.88
153.4,14.8,43.0,1989-05-04,0,-7.1,34.6,5491.0,5787,977.19
194.4,34.7,45.2,1989-05-05,0,1.4000000000000004,45.2,2386.0,5857,963.91
57.2,17.8,38.6,1989-05-06,0,-3.3,30.1,2399.2000000000003,5840,958.39
115.5,27.3,42.4,1989-05-07,0,-2.0,40.8,1932.1,5837,944.14
33.0,10.2,36.1,1989-05-08,0,-7.8999999999999995,29.5,2742.7,5768,955.58
247.3,23.3,39.4,1989-05-09,0,5.7,49.0,394.5,5822,977.16
117.2,11.4,38.0,1989-05-10,0,1.9,33.8,151.5,5861,961.26
40.2,9.4,35.0,1989-05-11,0,-1.9999999999999996,33.2,452.6,5802,958.54
322.0,33.2,52.4,1989-05-12,0,-4.199999999999999,52.2,2819.4,5829,919.78
234.3,30.2,50.8,1989-05-13,1,-5.5,45.2,3132.2999999999997,5812,958.39
95.6,7.2,34.2,1989-05-14,0,10.7,32.5,0.0,5807,972.52
228.6,34.7,47.0,1989-05-15,1,-7.1000000000000005,51.0,2110.9,5762,963.79
375.8,41.1,51.6,1989-05-16,0,7.9,54.8,-168.89999999999998,5807,956.22
332.3,43.7,50.8,1989-05-17,1,-3.0999999999999996,64.1,2153.4,5790,969.19
281.3,40.5,44.0,1989-05-18,0,8.6,67.6,-45.099999999999994,5811,982.62
192.7,29.9,40.4,1989-05-19,0,6.9,53.5,191.7,5847,982.53
247.4,36.3,46.2,1989-05-20,0,5.0,56.3,899.7,5818,974.66
190.8,30.3,41.0,1989-05-21,0,4.6,38.2,3359.8999999999996,5822,925.98
221.1,28.8,36.6,1989-05-22,0,6.699999999999999,40.0,-7.199999999999999,5804,930.9
265.8,26.2,46.4,1989-05-23,1,3.7,44.3,1717.7,5785,935.92
249.0,40.9,43.4,1989-05-24,0,8.799999999999999,65.7,-183.4,5805,892.12
379.8,37.3,41.4,1989-05-25,0,8.6,66.0,6.2,5826,947.68
299.4,36.0,38.0,1989-05-26,0,9.8,63.0,-15.0,5812,900.14
360.3,43.9,47.4,1989-05-27,1,3.0,65.3,3794.7000000000003,5674,940.7
347.2,37.3,47.6,1989-05-28,0,0.10000000000000053,52.4,10.0,5740,928.62
33.0,10.0,29.7,1989-05-29,0,0.8000000000000007,38.0,1338.5,5772,979.84
202.4,20.0,50.6,1989-05-30,1,-10.6,41.9,1385.9,5780,972.0
200.5,29.6,42.0,1989-05-31,0,10.6,49.2,-63.5,5757,972.46
121.2,27.2,42.0,1989-06-01,0,-6.0,55.7,3252.2,5763,984.73
264.9,36.0,42.0,1989-06-02,0,9.9,63.6,38.70000000000002,5834,966.69
148.1,27.7,34.8,1989-06-03,1,6.1,47.8,121.90000000000003,5844,964.04
167.8,29.5,40.4,1989-06-04,0,5.5,46.2,-76.9,5776,974.9
213.2,28.1,40.0,1989-06-05,0,4.2,55.1,240.8,5807,969.38
170.8,26.4,47.2,1989-06-06,0,-10.5,44.6,2084.8,5761,977.19
250.9,30.9,46.4,1989-06-07,1,3.9000000000000004,58.9,1205.0,5847,992.57
208.5,32.3,46.0,1989-06-08,0,0.5,53.4,1649.6999999999998,5842,979.78
149.1,18.8,38.4,1989-06-09,1,0.0,41.5,1554.8,5820,963.76
198.5,34.9,41.6,1989-06-10,0,5.999999999999999,48.5,1312.5,5827,894.51
234.5,37.7,43.0,1989-06-11,0,4.5,52.6,2608.4,5839,915.82
279.9,37.3,45.2,1989-06-12,0,6.300000000000001,52.8,389.0,5804,926.23
231.2,34.3,39.2,1989-06-13,1,8.0,58.4,158.70000000000002,5778,940.68
319.7,36.0,36.6,1989-06-14,0,15.0,66.6,0.0,5740,933.62
296.4,34.3,42.2,1989-06-15,0,8.5,55.9,696.1999999999999,5803,913.37
155.2,26.5,40.8,1989-06-16,1,4.2,35.7,183.70000000000002,5781,872.23
240.5,36.9,44.6,1989-06-17,0,8.0,62.8,-155.6,5820,990.19
188.9,32.5,37.4,1989-06-18,0,7.3,56.0,231.2,5764,974.96
271.1,35.5,40.6,1989-06-19,0,9.6,66.6,0.0,5851,982.53
299.7,41.5,43.8,1989-06-20,0,7.0,66.1,917.9,5837,947.71
290.9,39.5,42.0,1989-06-21,0,8.6,63.9,1695.3000000000002,5777,940.68
335.8,44.3,44.6,1989-06-22,0,6.4,75.4,3591.4,5874,949.99
280.0,36.3,42.6,1989-06-23,0,3.0,56.9,1545.6,5822,982.44
208.2,33.1,39.8,1989-06-24,0,1.4,55.6,1756.0,5800,985.03
275.6,43.1,49.0,1989-06-25,0,-1.4000000000000004,66.2,4105.8,5826,979.84
254.7,35.9,43.6,1989-06-26,0,2.2,54.2,4098.0,5773,949.99
245.3,33.9,44.2,1989-06-27,0,5.3,45.5,2273.4,5799,940.76
272.6,37.1,49.6,1989-06-28,0,1.2999999999999998,43.7,2240.7,5777,931.14
254.3,32.9,40.6,1989-06-29,0,7.800000000000001,51.7,304.90000000000003,5836,908.05
275.4,42.1,44.6,1989-06-30,0,6.700000000000001,60.4,4.5,5824,945.37
330.6,44.7,50.0,1989-07-01,0,1.4000000000000004,73.0,-12.699999999999996,5857,969.02
351.5,47.0,47.2,1989-07-02,0,7.8,84.8,1067.1000000000001,5862,945.32
352.2,47.1,51.2,1989-07-03,0,-5.200000000000001,66.5,7575.9,5815,938.12
289.7,45.9,47.4,1989-07-04,1,2.8,70.0,2369.8999999999996,5860,938.18
269.6,43.3,48.6,1989-07-05,1,1.2999999999999998,77.1,1586.2,5805,985.06
267.3,40.9,45.2,1989-07-06,0,3.0999999999999996,65.7,-0.30000000000000027,5830,987.56
279.5,39.7,41.2,1989-07-07,0,9.899999999999999,69.8,0.0,5800,953.17
210.6,34.3,43.4,1989-07-08,0,-3.2,57.0,3889.7,5781,982.44
248.0,38.5,46.8,1989-07-09,0,1.6,62.8,1211.1,5836,979.87
228.3,35.7,40.6,1989-07-10,0,5.199999999999999,59.8,906.6,5816,972.0
296.3,43.9,50.8,1989-07-11,1,0.3000000000000007,66.6,2180.0,5865,971.91
269.1,42.5,45.6,1989-07-12,1,5.7,72.1,448.40000000000003,5836,979.87
240.9,37.5,45.0,1989-07-13,1,1.9000000000000004,62.4,818.8,5824,974.69
266.8,38.3,41.4,1989-07-14,0,9.8,76.0,0.0,5850,990.16
258.6,38.5,45.8,1989-07-15,0,7.1,69.2,178.3,5863,985.09
262.8,39.2,41.2,1989-07-16,1,9.200000000000001,75.1,-50.5,5870,979.9
234.5,34.1,43.2,1989-07-17,0,3.0,62.3,-5.799999999999999,5856,982.47
308.2,39.3,49.8,1989-07-18,1,-1.5999999999999996,61.5,4419.5,5825,933.34
255.5,38.1,43.8,1989-07-19,1,7.3,75.1,-35.89999999999999,5842,985.09
212.0,34.1,39.4,1989-07-20,0,14.7,50.1,0.0,5800,906.29
261.5,38.7,42.2,1989-07-21,1,6.1000000000000005,59.4,859.7,5809,938.31
330.8,39.7,48.2,1989-07-22,1,3.4,56.7,1935.8,5814,945.4
305.6,40.5,47.2,1989-07-23,0,4.1,53.9,1400.6000000000001,5806,940.73
306.3,40.8,41.8,1989-07-24,1,9.799999999999999,77.5,-137.1,5875,985.03
237.8,36.3,44.2,1989-07-25,0,5.6,50.5,2.3999999999999995,5827,938.34
278.3,40.3,46.8,1989-07-26,0,1.7000000000000002,56.2,2172.7000000000003,5815,940.65
273.5,38.5,41.4,1989-07-27,0,8.1,57.9,555.6999999999999,5796,940.65
281.5,43.7,44.6,1989-07-28,0,7.4,71.8,263.8,5835,945.34
299.3,36.7,38.2,1989-07-29,0,10.600000000000001,49.9,0.0,5834,933.7
369.5,47.8,47.0,1989-07-30,0,14.399999999999999,94.9,0.0,5950,972.15
258.3,37.5,41.4,1989-07-31,0,9.6,55.7,100.69999999999999,5757,936.06
247.5,37.1,38.0,1989-08-01,0,11.2,73.8,-1.1,5775,996.58
256.3,38.3,41.4,1989-08-02,0,12.1,59.4,-32.2,5751,938.48
264.8,40.5,43.4,1989-08-03,0,8.799999999999999,67.7,10.300000000000011,5806,935.95
307.2,43.5,45.0,1989-08-04,0,0.9000000000000004,73.2,4242.1,5821,947.68
321.8,39.9,43.4,1989-08-05,0,8.200000000000001,65.8,1198.1000000000001,5826,947.68
267.3,41.1,43.8,1989-08-06,0,5.9,61.3,422.8,5804,945.4
242.3,35.7,38.4,1989-08-07,0,9.8,66.5,-10.499999999999996,5816,977.4
277.0,37.7,41.2,1989-08-08,0,5.5,67.8,1657.8999999999999,5812,985.03
257.0,38.3,43.2,1989-08-09,0,5.6,69.2,1413.3000000000002,5835,992.6
229.7,34.1,48.0,1989-08-10,0,0.6999999999999993,57.9,1194.1,5845,985.0
208.3,28.3,37.2,1989-08-11,0,8.9,41.8,192.70000000000002,5777,923.89
260.1,37.9,39.8,1989-08-12,0,12.6,55.7,0.2,5786,949.99
280.7,40.1,41.4,1989-08-13,0,7.699999999999999,62.7,752.5,5854,945.37
255.3,34.7,45.0,1989-08-14,0,1.2000000000000002,59.9,1631.8000000000002,5825,982.47
261.5,35.7,42.6,1989-08-15,0,5.1,61.6,882.5,5861,979.87
237.9,36.3,41.2,1989-08-16,0,6.7,66.8,587.7,5849,982.5
298.7,39.8,41.8,1989-08-17,0,9.3,74.3,334.3,5885,987.59
267.4,35.3,40.2,1989-08-18,0,11.200000000000001,64.5,-53.80000000000001,5846,985.15
278.0,39.7,46.2,1989-08-19,0,1.3000000000000003,63.2,1475.0,5826,982.5
289.8,41.5,45.0,1989-08-20,0,5.4,72.8,1377.3,5862,979.84
250.4,37.7,44.0,1989-08-21,1,2.4999999999999996,66.2,2021.6000000000001,5852,985.0
297.0,41.9,46.8,1989-08-22,0,7.1,84.8,500.6,5906,987.56
306.4,37.0,41.2,1989-08-23,1,11.9,65.4,-86.2,5887,933.51
345.6,41.2,43.4,1989-08-24,0,6.4,72.1,5.399999999999999,5900,933.37
316.0,41.7,46.6,1989-08-25,0,4.7,74.0,787.9000000000001,5857,985.03
288.4,41.1,46.8,1989-08-26,0,3.1,66.1,1989.1000000000001,5864,992.6
249.9,38.3,42.2,1989-08-27,0,1.7000000000000002,64.0,1833.4,5810,985.0
226.3,34.3,42.4,1989-08-28,1,2.6999999999999997,58.6,1070.3,5846,985.0
262.3,40.7,44.8,1989-08-29,0,3.0,63.1,1283.7,5835,928.45
206.0,24.7,36.0,1989-08-30,1,13.9,41.5,0.0,5869,875.42
285.3,37.3,41.0,1989-08-31,0,9.5,70.8,-131.5,5834,966.75
256.7,38.1,43.2,1989-09-01,1,1.6000000000000005,68.5,668.5999999999999,5825,984.73
277.4,36.9,44.2,1989-09-02,0,4.1,70.7,1004.0999999999999,5871,992.6
243.1,39.1,42.8,1989-09-03,0,2.8,71.0,2085.6,5857,979.81
302.2,44.1,49.4,1989-09-04,0,-1.5999999999999996,71.3,1787.7,5849,971.88
259.9,27.3,44.4,1989-09-05,1,3.6999999999999997,51.2,3.799999999999997,5770,911.07
211.6,36.5,42.2,1989-09-06,0,1.7999999999999998,45.8,982.1,5805,910.85
234.5,39.9,44.8,1989-09-07,1,3.3000000000000003,63.4,1134.3,5821,966.72
274.8,40.0,42.8,1989-09-08,0,9.5,73.5,-84.5,5886,985.03
277.8,41.7,46.2,1989-09-09,0,4.6,74.0,1787.3,5875,979.84
253.0,36.3,42.4,1989-09-10,1,3.6,66.4,1064.2,5860,982.47
261.5,38.3,42.2,1989-09-11,0,6.300000000000001,67.7,539.1999999999999,5853,987.63
237.9,38.1,43.0,1989-09-12,0,7.3999999999999995,56.3,375.1,5802,936.01
259.3,36.9,41.8,1989-09-13,1,10.6,56.0,0.0,5814,911.26
271.2,38.3,42.8,1989-09-14,0,5.3,69.8,220.5,5834,979.93
281.8,36.6,40.0,1989-09-15,0,10.1,64.3,-58.2,5871,995.07
247.6,30.3,43.8,1989-09-16,0,4.4,56.0,673.6999999999999,5873,982.47
213.9,34.3,42.8,1989-09-17,0,0.2999999999999998,54.1,2756.0,5812,982.47
197.7,28.7,40.8,1989-09-18,0,-0.7000000000000002,45.2,2272.6,5788,977.31
249.0,36.7,44.4,1989-09-19,1,3.8,62.0,681.0,5816,995.1
230.7,35.7,46.0,1989-09-20,1,2.1999999999999997,43.5,-21.900000000000002,5816,985.03
253.2,39.9,47.6,1989-09-21,0,0.8999999999999995,63.4,1628.1000000000001,5804,995.1
227.4,37.3,45.0,1989-09-22,1,4.7,57.4,1017.1000000000001,5786,958.91
257.5,37.7,42.8,1989-09-23,1,5.800000000000001,73.7,1251.8,5876,971.91
238.8,26.2,47.2,1989-09-24,1,3.3,54.2,347.5,5783,985.15
221.5,37.3,44.8,1989-09-25,1,3.4,59.0,1056.0,5805,985.09
266.8,40.7,44.6,1989-09-26,0,4.2,72.2,1376.4,5810,987.63
220.2,32.3,35.4,1989-09-27,0,9.9,62.8,145.3,5801,987.69
241.6,33.3,41.0,1989-09-28,0,6.4,54.8,171.2,5772,985.24
270.3,29.3,43.2,1989-09-29,0,4.8,54.6,1690.3,5818,987.63
334.6,44.7,51.6,1989-09-30,0,-0.6999999999999993,69.7,2744.1,5824,985.03
272.0,38.9,44.4,1989-10-01,0,5.6,70.6,1146.1,5854,986.72
209.0,32.7,46.4,1989-10-02,0,-2.0999999999999996,49.1,0.8000000000000007,5826,979.87
237.9,35.9,46.0,1989-10-03,0,0.5,57.1,2336.1,5830,977.25
221.6,38.5,42.8,1989-10-04,1,4.6,63.8,719.0,5835,977.34
200.8,29.2,44.0,1989-10-05,1,-1.1999999999999997,45.6,630.5,5798,982.5
207.5,28.0,45.0,1989-10-06,0,3.6000000000000005,44.6,529.4,5789,982.59
233.5,36.7,43.4,1989-10-07,0,5.2,64.0,-8.1,5818,982.56
241.8,36.5,42.6,1989-10-08,0,3.8000000000000003,59.8,789.4,5801,985.09
218.7,33.1,45.2,1989-10-09,1,-0.6999999999999997,50.1,3295.7000000000003,5778,979.97
206.2,32.3,41.0,1989-10-10,1,2.5000000000000004,55.5,750.6,5782,985.15
218.0,35.9,42.8,1989-10-11,0,1.9,55.8,7.3,5805,987.66
201.4,25.8,37.4,1989-10-12,0,8.5,49.5,803.6,5816,987.66
200.9,27.7,34.8,1989-10-13,0,11.700000000000001,49.2,-12.8,5812,972.24
115.5,22.5,31.6,1989-10-14,0,9.1,40.5,167.1,5802,977.46
105.8,23.0,39.0,1989-10-15,0,-0.6999999999999997,35.6,876.7,5759,974.93
170.0,32.3,44.4,1989-10-16,1,-2.0999999999999996,48.0,1497.1,5773,982.56
177.3,30.3,40.6,1989-10-17,0,5.5,50.7,33.1,5777,985.28
209.9,28.5,35.4,1989-10-18,0,6.3,52.5,441.2,5776,990.22
194.1,16.4,39.4,1989-10-19,0,9.700000000000001,53.7,-77.3,5836,987.72
209.1,21.4,40.4,1989-10-20,0,7.7,51.4,1.2000000000000028,5783,974.93
186.2,28.1,40.0,1989-10-21,0,5.3,44.9,221.5,5775,982.71
197.8,28.9,36.0,1989-10-22,0,9.6,49.5,78.6,5802,982.65
257.7,40.7,47.4,1989-10-23,0,4.300000000000001,63.9,271.0,5790,980.09
278.6,37.5,40.4,1989-10-24,0,15.9,62.4,0.0,5823,990.31
250.1,31.3,42.4,1989-10-25,0,9.0,53.4,-90.7,5800,975.02
214.5,23.0,39.8,1989-10-26,0,8.8,44.5,-8.3,5769,982.77
133.8,18.2,39.6,1989-10-27,0,2.1999999999999997,34.5,166.5,5728,977.65
112.4,18.9,30.2,1989-10-28,0,11.0,36.7,-73.6,5786,980.24
145.9,7.0,35.0,1989-10-29,0,8.5,31.2,45.699999999999996,5739,964.68
107.4,15.6,41.0,1989-10-30,0,3.8999999999999995,30.0,-14.5,5720,964.86
278.1,34.9,50.0,1989-10-31,0,7.5,44.4,0.0,5777,967.48
136.5,14.2,39.4,1989-11-01,0,4.3,32.5,-51.1,5720,989.55
204.5,18.0,43.8,1989-11-02,0,9.6,35.3,0.0,5779,967.48
118.2,-0.8,29.6,1989-11-03,0,17.7,33.6,0.0,5803,951.28
100.5,6.0,34.6,1989-11-04,0,13.8,24.1,0.0,5770,954.3
52.4,7.2,25.5,1989-11-05,0,17.4,17.8,0.0,5771,919.82
136.9,8.0,34.2,1989-11-06,0,15.0,28.4,0.0,5774,954.09
67.2,9.2,25.0,1989-11-07,0,21.299999999999997,24.3,0.0,5743,910.45
78.8,-1.6,22.2,1989-11-08,0,30.0,22.9,0.0,5790,904.83
62.1,-2.2,20.3,1989-11-09,0,26.4,20.2,0.0,5790,941.27
41.1,2.8,22.6,1989-11-10,0,29.7,27.3,0.0,5766,946.98
98.2,11.0,32.6,1989-11-11,0,21.700000000000003,25.1,0.0,5734,970.81
31.0,8.2,30.5,1989-11-12,0,9.2,18.2,0.0,5677,960.22
172.9,14.4,41.6,1989-11-13,0,11.2,30.2,0.0,5719,962.51
315.3,33.2,53.6,1989-11-14,0,7.0,37.4,0.0,5735,970.35
103.7,4.8,27.2,1989-11-15,0,14.899999999999999,25.2,0.0,5711,959.92
159.4,26.0,43.8,1989-11-16,0,9.7,32.2,-112.3,5720,975.54
158.0,29.9,42.6,1989-11-17,0,5.199999999999999,34.2,-134.29999999999998,5741,953.81
89.9,18.6,35.4,1989-11-18,0,9.7,25.4,-111.10000000000001,5696,957.17
91.2,4.2,31.4,1989-11-19,0,25.9,25.2,0.0,5758,941.45
188.3,14.4,38.6,1989-11-20,0,18.299999999999997,31.6,0.0,5721,965.38
151.2,16.6,46.4,1989-11-21,0,1.3,30.6,11.300000000000004,5663,980.58
60.1,2.6,33.1,1989-11-22,0,12.7,20.9,0.0,5673,926.59
144.1,12.0,38.2,1989-11-23,0,15.8,28.4,0.0,5693,960.34
74.0,5.8,36.4,1989-11-24,0,14.1,21.0,0.0,5656,949.75
52.4,6.0,36.9,1989-11-25,0,10.2,17.2,0.0,5619,957.99
73.7,13.0,37.7,1989-11-26,0,7.2,18.9,0.0,5653,957.75
186.4,27.4,45.8,1989-11-27,0,15.8,29.0,0.0,5693,946.76
156.7,28.4,46.0,1989-11-28,0,5.6,31.3,0.0,5675,951.98
184.2,24.4,38.2,1989-11-29,0,58.0,0.6,0.0,5679,600.0
153.8,19.4,45.0,1989-11-30,0,9.8,24.8,0.0,5697,943.86
96.5,15.8,40.4,1989-12-01,0,14.7,22.8,0.0,5656,952.67
141.6,13.8,40.0,1989-12-02,0,18.1,18.5,0.0,5664,936.2
58.2,6.6,31.6,1989-12-03,0,31.6,15.3,0.0,5694,827.56
44.6,12.6,35.0,1989-12-04,0,24.3,13.8,0.0,5621,916.52
48.5,11.2,29.7,1989-12-05,0,18.200000000000003,14.4,0.0,5615,909.96
40.7,10.4,38.2,1989-12-06,0,18.6,16.4,0.0,5648,939.53
40.7,10.0,28.3,1989-12-07,0,21.0,16.7,0.0,5672,956.01
34.9,4.2,26.9,1989-12-08,0,35.3,24.0,0.0,5765,950.58
42.7,5.0,25.1,1989-12-09,0,31.3,20.9,0.0,5728,955.98
112.4,6.8,32.4,1989-12-10,0,31.1,23.8,0.0,5729,961.17
92.3,5.2,29.4,1989-12-11,0,29.6,22.7,0.0,5711,942.18
60.1,4.0,32.7,1989-12-12,0,19.8,15.4,0.0,5581,963.91
129.3,14.6,36.2,1989-12-13,0,22.8,22.6,0.0,5656,955.64
110.1,8.0,27.0,1989-12-14,0,26.299999999999997,25.0,0.0,5680,963.3
52.4,1.4,26.3,1989-12-15,0,18.9,13.2,0.0,5695,945.08
124.1,5.2,35.4,1989-12-16,0,23.6,20.8,0.0,5631,942.4
129.3,5.6,34.0,1989-12-17,0,25.1,22.2,0.0,5670,927.75
71.4,8.4,32.2,1989-12-18,0,17.0,22.6,0.0,5661,930.04
144.5,5.4,29.0,1989-12-19,0,31.400000000000002,26.0,0.0,5721,960.77
58.1,3.2,31.6,1989-12-20,0,23.9,19.3,0.0,5649,961.04
67.9,3.8,37.5,1989-12-21,0,10.899999999999999,18.2,0.0,5642,968.52
102.4,11.2,32.4,1989-12-22,0,19.9,22.6,0.0,5648,970.96
100.6,19.6,35.0,1989-12-23,0,13.9,26.8,0.0,5666,970.78
100.0,20.8,40.4,1989-12-24,0,8.2,25.9,-121.49999999999999,5633,975.78
186.1,26.8,42.4,1989-12-25,0,45.099999999999994,30.9,0.0,5676,648.97
207.3,32.1,45.6,1989-12-26,0,8.899999999999999,36.3,0.0,5658,970.66
166.9,10.6,37.6,1989-12-27,0,18.200000000000003,28.4,0.0,5639,983.44
105.0,0.0,32.0,1989-12-28,0,18.0,21.4,0.0,5622,960.89
95.1,0.4,23.5,1989-12-29,0,24.299999999999997,18.6,0.0,5626,953.23
67.9,-3.4,27.7,1989-12-30,0,33.5,20.6,0.0,5640,951.31
85.4,-2.8,21.6,1989-12-31,0,39.5,20.3,0.0,5690,888.08
151.2,10.2,33.6,1990-01-01,0,35.4,23.9,0.0,5664,961.53
134.5,3.2,27.2,1990-01-02,0,32.9,25.4,0.0,5663,953.41
110.5,-0.8,26.6,1990-01-03,0,34.8,22.8,0.0,5673,928.94
66.0,6.8,25.5,1990-01-04,0,30.1,21.5,0.0,5633,969.31
66.0,8.2,33.6,1990-01-05,0,32.900000000000006,15.8,0.0,5624,911.7
98.9,3.0,28.1,1990-01-06,0,34.5,16.7,0.0,5643,932.33
93.1,4.0,23.1,1990-01-07,0,29.6,16.8,0.0,5645,945.63
87.3,5.8,32.1,1990-01-08,0,22.200000000000003,18.7,0.0,5591,953.66
85.4,1.8,31.9,1990-01-09,0,25.5,16.0,0.0,5574,974.01
87.3,-5.8,14.9,1990-01-10,0,39.7,20.9,0.0,5668,958.76
132.5,-3.4,16.3,1990-01-11,0,40.8,19.7,0.0,5644,937.76
91.2,-11.6,11.3,1990-01-12,0,46.1,23.8,0.0,5706,948.38
56.3,-10.6,16.3,1990-01-13,0,38.3,22.5,0.0,5687,948.17
110.3,-6.8,22.6,1990-01-14,0,37.4,26.4,0.0,5725,978.78
102.8,-8.4,16.3,1990-01-15,0,28.9,20.6,0.0,5688,952.87
110.2,1.6,35.0,1990-01-16,0,18.7,23.5,0.0,5691,965.96
77.6,-6.8,16.9,1990-01-17,0,34.099999999999994,26.0,0.0,5759,936.33
95.1,-6.8,18.1,1990-01-18,0,35.099999999999994,21.7,0.0,5713,936.63
235.9,-0.2,31.4,1990-01-19,0,30.9,27.2,0.0,5743,953.05
176.1,10.1,26.6,1990-01-20,0,32.099999999999994,34.9,0.0,5810,965.81
153.5,15.2,37.0,1990-01-21,0,18.2,30.2,0.0,5742,975.88
166.1,7.6,31.0,1990-01-22,0,29.200000000000003,34.2,0.0,5784,985.76
135.5,8.2,28.6,1990-01-23,0,22.0,27.9,0.0,5710,973.22
123.6,1.0,23.6,1990-01-24,0,27.700000000000003,23.4,0.0,5716,973.31
129.8,1.4,25.2,1990-01-25,0,31.700000000000003,27.5,0.0,5710,936.02
161.9,5.8,37.4,1990-01-26,0,21.0,29.7,0.0,5718,946.98
135.3,11.0,39.6,1990-01-27,0,15.399999999999999,26.3,0.0,5719,965.59
147.0,19.6,49.6,1990-01-28,0,-3.0,24.1,591.9000000000001,5657,980.61
123.5,13.2,42.0,1990-01-29,0,2.9,25.8,315.09999999999997,5694,972.89
93.0,7.8,39.2,1990-01-30,0,6.3,18.3,-74.2,5667,923.26
77.0,1.6,26.8,1990-01-31,0,17.3,21.5,0.0,5727,946.21
83.4,7.6,35.7,1990-02-01,0,15.0,18.0,0.0,5644,984.99
104.6,15.2,35.8,1990-02-02,0,4.1000000000000005,23.5,186.70000000000002,5648,985.49
100.1,5.6,39.6,1990-02-03,0,10.7,21.3,0.0,5653,932.79
40.7,10.2,41.3,1990-02-04,0,8.0,12.5,0.0,5546,925.06
170.4,27.0,49.4,1990-02-05,0,-0.30000000000000004,29.3,22.700000000000003,5607,954.79
66.9,19.0,38.8,1990-02-06,0,5.2,21.7,-205.7,5638,949.42
112.8,16.6,33.0,1990-02-07,0,24.8,25.7,0.0,5707,902.39
81.6,16.2,38.4,1990-02-08,0,11.399999999999999,22.0,0.0,5683,952.5
116.4,22.4,49.8,1990-02-09,0,-4.8999999999999995,24.1,959.8,5597,951.89
143.8,22.5,51.0,1990-02-10,0,-6.8,20.8,681.0,5565,954.79
140.6,23.9,35.8,1990-02-11,0,15.7,34.0,0.0,5696,932.08
163.4,28.2,47.2,1990-02-12,0,7.3999999999999995,27.8,0.0,5655,946.73
107.9,3.4,32.0,1990-02-13,1,10.8,26.4,185.8,5612,973.1
167.6,21.6,44.4,1990-02-14,0,2.0999999999999996,30.0,522.4000000000001,5631,967.64
113.9,27.0,48.0,1990-02-15,1,3.5999999999999996,25.9,0.0,5609,990.59
183.3,29.0,50.2,1990-02-16,0,4.3,26.2,0.0,5600,968.37
219.3,30.6,45.0,1990-02-17,0,7.7,35.3,0.0,5667,975.6
185.7,20.8,43.8,1990-02-18,0,8.1,29.5,0.0,5672,973.1
200.4,33.5,49.8,1990-02-19,0,6.1,37.2,0.0,5680,973.07
135.8,25.4,39.6,1990-02-21,1,10.4,30.5,0.0,5676,970.47
155.8,24.2,35.4,1990-02-22,0,16.2,29.1,0.0,5647,968.12
139.8,28.7,48.0,1990-02-23,0,-0.19999999999999996,27.3,323.1,5591,983.2
198.1,28.2,43.6,1990-02-24,1,13.4,33.0,0.0,5679,965.47
179.1,28.7,40.6,1990-02-25,0,9.7,36.8,0.0,5682,983.11
96.9,15.4,37.0,1990-02-26,0,12.9,29.3,0.0,5712,975.6
147.9,17.4,30.4,1990-02-27,0,13.6,26.9,0.0,5682,980.61
170.1,24.9,40.6,1990-02-28,0,7.5,40.1,0.0,5773,985.43
226.3,35.1,40.0,1990-03-01,0,11.799999999999999,46.0,25.69999999999999,5743,987.57
212.4,30.5,41.6,1990-03-02,0,6.4,43.9,206.3,5725,990.31
156.0,29.0,45.6,1990-03-03,0,3.2,31.0,-13.5,5643,967.88
72.6,18.2,30.0,1990-03-04,0,13.2,31.5,4.399999999999999,5630,957.63
125.5,3.4,32.0,1990-03-05,0,18.200000000000003,29.6,0.0,5653,968.25
212.0,33.5,42.6,1990-03-06,0,11.600000000000001,43.1,0.0,5700,951.71
177.4,21.0,39.4,1990-03-07,0,15.6,29.5,0.0,5670,975.88
163.8,11.6,47.0,1990-03-08,0,6.699999999999999,28.7,0.0,5696,957.38
123.6,14.8,42.0,1990-03-09,0,7.300000000000001,25.2,-188.7,5656,940.9
178.9,16.6,44.8,1990-03-10,0,3.1,27.9,36.1,5638,962.57
76.8,14.0,40.6,1990-03-11,0,7.1,25.0,0.0,5671,951.98
136.1,25.2,42.8,1990-03-12,0,3.5,31.9,89.69999999999999,5664,934.56
240.1,30.4,52.0,1990-03-13,1,2.1999999999999997,33.4,30.299999999999997,5632,968.0
38.7,16.8,39.0,1990-03-14,0,4.7,24.0,-18.6,5624,973.16
106.5,23.6,42.8,1990-03-15,0,3.5999999999999996,24.9,-52.1,5661,951.77
103.0,18.4,37.6,1990-03-16,0,10.6,24.2,-74.2,5659,943.53
69.0,8.8,31.0,1990-03-17,0,19.4,26.2,0.0,5807,913.47
186.5,19.2,43.6,1990-03-18,0,17.4,32.8,0.0,5790,943.25
156.9,21.4,43.8,1990-03-19,0,3.5,33.1,-17.4,5709,962.11
157.8,32.3,43.2,1990-03-20,1,4.4,41.5,465.0,5748,972.55
273.4,24.6,47.2,1990-03-21,0,-1.9000000000000001,27.3,520.2,5705,912.55
97.4,27.4,46.8,1990-03-22,0,-7.4,29.8,2306.3999999999996,5712,974.96
122.9,25.1,40.8,1990-03-23,1,-1.6,39.5,1501.7,5778,990.16
199.6,9.8,33.5,1990-03-24,1,-2.5,22.4,-1.0999999999999996,5699,972.18
220.6,28.3,40.8,1990-03-25,0,8.8,44.0,-104.7,5740,967.42
211.1,32.2,50.8,1990-03-26,0,0.7000000000000002,37.0,245.40000000000003,5719,985.46
111.0,28.9,43.2,1990-03-27,1,0.19999999999999973,41.4,113.19999999999999,5634,987.84
225.7,36.1,45.2,1990-03-28,0,12.2,50.2,0.0,5739,990.4
275.1,38.7,49.2,1990-03-29,1,7.5,47.9,-37.30000000000001,5738,990.34
179.6,29.1,44.4,1990-03-30,0,7.699999999999999,38.8,0.0,5736,987.93
146.9,28.3,37.6,1990-03-31,1,5.6,45.4,402.90000000000003,5772,985.21
240.3,34.9,49.8,1990-04-01,0,5.9,44.6,-199.9,5735,984.7
202.2,26.3,34.4,1990-04-02,0,12.5,40.4,-111.80000000000001,5754,964.71
171.1,26.4,44.2,1990-04-03,1,2.0999999999999996,40.4,322.4,5745,985.34
234.8,31.9,49.2,1990-04-04,1,3.6999999999999997,37.7,216.49999999999997,5693,982.99
136.0,25.0,43.4,1990-04-05,0,13.0,30.9,0.0,5669,978.41
215.2,33.0,48.8,1990-04-06,0,2.2,37.9,480.80000000000007,5683,987.93
164.6,25.0,47.0,1990-04-07,0,0.20000000000000018,41.5,750.7,5777,985.21
220.8,26.8,42.4,1990-04-08,0,4.8,38.4,8.199999999999989,5749,881.06
263.0,34.9,44.4,1990-04-09,0,5.3,44.3,228.50000000000003,5772,967.03
213.5,22.0,34.2,1990-04-10,0,9.2,42.8,99.0,5820,985.09
114.8,15.4,29.6,1990-04-11,0,7.999999999999999,35.4,77.69999999999999,5822,982.59
144.5,20.0,35.2,1990-04-12,0,7.2,37.4,590.8,5811,972.15
208.5,30.0,52.2,1990-04-13,0,-13.6,31.2,1769.1,5759,982.47
182.2,24.6,41.4,1990-04-14,0,3.9000000000000004,40.5,556.5,5844,961.29
59.6,15.8,34.0,1990-04-15,0,-4.6,31.0,-2.1000000000000005,5759,979.87
224.3,28.5,47.0,1990-04-16,0,6.6,53.8,306.59999999999997,5939,969.41
163.2,23.0,43.6,1990-04-17,0,-1.3000000000000003,34.4,1726.8,5772,966.81
297.0,24.0,48.2,1990-04-18,0,-14.4,29.7,4684.8,5711,958.57
281.7,21.4,41.2,1990-04-19,0,1.1999999999999997,35.9,696.5,5812,955.83
501.4,34.4,55.4,1990-04-20,0,-8.1,36.5,2459.0,5818,935.87
104.3,21.3,38.0,1990-04-21,0,-1.5999999999999996,40.6,1561.4,5837,977.19
104.3,21.4,45.0,1990-04-22,0,-8.5,39.4,1139.1999999999998,5808,966.51
102.9,20.2,44.4,1990-04-23,0,-10.700000000000001,29.4,-6.499999999999999,5790,971.94
102.8,22.8,40.0,1990-04-24,0,-3.8,37.1,2400.4,5795,977.25
164.8,28.9,48.0,1990-04-25,0,-5.8,45.6,1628.1,5839,974.69
47.0,19.4,45.4,1990-04-26,0,-10.4,35.4,2149.7,5787,977.37
434.9,41.1,57.6,1990-04-27,1,-7.6,51.3,1802.8,5808,969.41
87.1,25.5,41.6,1990-04-28,1,5.8,34.3,0.0,5836,878.37
226.4,31.1,50.2,1990-04-29,0,6.0,44.0,-735.0,5858,902.36
124.6,15.8,32.0,1990-04-30,0,9.8,34.0,185.0,5720,972.58
167.5,33.3,47.8,1990-05-01,0,3.5999999999999996,41.4,-115.5,5761,965.0
168.7,21.4,36.0,1990-05-02,1,5.3,41.7,399.8,5789,964.19
252.6,32.9,49.6,1990-05-03,0,-1.8000000000000003,51.3,1370.6,5793,979.97
226.9,33.9,41.2,1990-05-04,1,8.200000000000001,62.1,-58.20000000000002,5873,982.5
207.3,35.5,46.4,1990-05-05,0,7.7,50.4,-190.0,5755,985.37
155.8,25.2,41.0,1990-05-06,0,2.6000000000000005,41.4,750.8,5766,953.29
151.5,17.2,43.0,1990-05-07,0,-0.40000000000000036,41.1,600.4,5785,987.66
196.2,31.7,44.2,1990-05-08,0,-1.0,51.8,1163.8999999999999,5776,974.78
224.2,36.7,45.8,1990-05-09,0,-2.1000000000000005,60.3,2173.9,5825,985.0
188.1,33.9,42.0,1990-05-10,1,-0.7999999999999998,51.6,2061.5,5812,974.59
347.2,43.9,53.6,1990-05-11,1,0.20000000000000018,64.8,778.8000000000001,5824,977.4
241.2,37.1,44.0,1990-05-12,1,5.4,64.0,1033.7,5828,985.06
242.8,36.1,44.0,1990-05-13,1,4.699999999999999,63.4,513.3,5825,990.13
308.1,40.3,43.2,1990-05-14,0,12.700000000000001,61.2,-147.2,5824,916.45
298.8,38.1,44.0,1990-05-15,0,16.3,58.0,0.0,5792,906.29
262.8,27.1,41.6,1990-05-16,0,17.8,47.8,0.0,5853,977.8
193.1,35.7,44.4,1990-05-17,0,0.5,53.8,1096.2,5836,972.03
224.9,39.3,48.6,1990-05-18,1,-4.0,56.0,1932.4,5822,984.97
265.4,36.3,44.8,1990-05-19,1,3.5,64.9,1009.0,5858,987.53
277.0,34.9,44.4,1990-05-20,1,8.3,60.7,-106.5,5828,982.53
200.4,35.7,47.0,1990-05-21,0,5.300000000000001,47.3,-242.39999999999998,5869,884.01
234.8,34.1,47.8,1990-05-22,1,-3.5999999999999996,48.7,2394.4,5857,925.79
158.3,24.2,43.4,1990-05-23,0,0.20000000000000018,43.3,363.29999999999995,5820,982.53
238.6,28.4,42.2,1990-05-24,0,3.0000000000000004,57.8,225.10000000000002,5903,974.38
225.7,30.9,40.2,1990-05-25,1,-1.2999999999999998,60.6,31.0,5871,971.79
140.6,26.9,44.6,1990-05-26,0,-3.5000000000000004,37.3,1010.1,5779,987.66
278.7,38.5,44.4,1990-05-27,0,6.6,59.6,-72.69999999999999,5847,961.47
273.2,33.0,50.8,1990-05-28,0,-4.9,40.9,2937.1000000000004,5777,861.82
253.4,37.3,45.0,1990-05-29,1,10.2,52.5,-130.70000000000002,5835,905.74
206.3,33.9,43.2,1990-05-30,0,0.5999999999999996,54.8,1158.7,5872,982.47
297.6,38.7,52.0,1990-05-31,0,0.8000000000000003,40.9,476.7,5774,892.5
238.5,30.9,44.8,1990-06-01,0,-3.9,58.2,4046.7000000000003,5839,985.46
269.9,39.5,45.2,1990-06-02,1,4.6000000000000005,56.6,513.4000000000001,5825,908.24
231.6,38.5,46.0,1990-06-03,0,2.5,54.3,1373.2,5854,891.59
427.4,40.1,54.8,1990-06-04,0,-3.9,71.8,2312.1000000000004,5807,952.22
244.7,35.9,42.6,1990-06-05,1,2.0,58.1,2441.5,5855,915.63
349.9,39.1,52.4,1990-06-06,0,2.0,53.8,295.9,5835,921.2
397.2,42.9,54.6,1990-06-07,0,-5.4,69.3,2786.5,5863,982.38
91.9,5.2,28.0,1990-06-08,0,-0.9000000000000004,34.6,2601.1,5793,963.76
277.8,40.9,48.8,1990-06-09,0,0.20000000000000018,73.1,1759.1999999999998,5864,982.35
247.1,38.9,44.8,1990-06-10,0,7.6,59.3,789.4,5876,894.56
237.0,35.1,44.4,1990-06-11,0,1.0,59.3,2228.7000000000003,5871,987.5
349.2,41.9,53.8,1990-06-12,0,-8.2,49.1,3256.3,5831,925.79
263.2,35.1,42.2,1990-06-13,1,4.8,54.3,446.1,5798,908.21
137.6,11.4,31.4,1990-06-14,1,9.1,34.7,48.7,5694,908.76
270.0,33.0,36.8,1990-06-15,1,14.399999999999999,54.2,0.0,5860,916.23
250.0,35.7,39.2,1990-06-16,0,9.2,69.9,-183.0,5898,921.06
379.8,46.9,51.6,1990-06-17,0,2.3999999999999995,70.4,1242.7,5922,935.73
291.0,40.7,45.0,1990-06-18,0,3.5999999999999996,61.8,2263.7,5837,933.4
259.4,41.1,42.6,1990-06-19,1,10.0,67.4,-84.3,5836,921.2
250.8,36.8,39.6,1990-06-20,0,9.700000000000001,57.2,-30.7,5835,926.12
248.5,35.6,38.8,1990-06-21,0,11.9,58.1,-97.60000000000001,5871,910.82
265.2,39.6,40.2,1990-06-22,0,11.1,68.5,-92.60000000000001,5903,923.48
246.5,37.7,44.4,1990-06-23,0,4.2,58.3,1139.1,5818,910.68
264.8,42.1,46.0,1990-06-24,1,2.1000000000000005,61.5,2833.4,5820,930.95
305.9,41.2,44.4,1990-06-25,0,6.1000000000000005,62.8,1713.5,5824,928.45
275.3,35.7,39.2,1990-06-26,0,8.600000000000001,58.1,178.9,5763,905.57
237.5,33.5,37.8,1990-06-27,0,8.799999999999999,57.5,154.8,5753,928.62
254.9,34.8,38.4,1990-06-28,0,12.600000000000001,57.9,-55.10000000000001,5814,910.98
287.0,40.6,40.2,1990-06-29,0,11.0,73.5,-79.0,5878,918.32
308.8,42.9,44.8,1990-06-30,1,3.3000000000000007,64.9,2439.8,5815,907.8
296.5,38.3,43.8,1990-07-01,0,3.0,66.4,884.3000000000001,5772,988.63
270.9,35.0,36.8,1990-07-02,0,13.0,62.8,-87.2,5781,921.23
310.3,37.5,46.4,1990-07-03,0,2.2,56.0,1041.2,5785,935.81
294.2,42.5,44.8,1990-07-04,0,4.9,70.1,990.4,5816,935.81
325.1,46.7,47.8,1990-07-05,0,10.299999999999999,89.2,0.0,5899,985.12
232.3,35.7,42.2,1990-07-06,0,2.3,57.5,1356.2,5827,992.6
237.5,35.3,40.8,1990-07-07,0,7.999999999999999,57.9,89.8,5809,990.16
239.4,36.7,41.2,1990-07-08,0,2.4,65.0,2056.7,5816,985.03
227.8,36.5,42.0,1990-07-09,1,1.7999999999999998,53.4,1541.3,5790,923.59
202.9,32.5,37.6,1990-07-10,0,12.0,47.8,0.0,5766,919.09
250.9,38.3,42.2,1990-07-11,0,10.4,58.2,-118.4,5888,921.34
256.8,36.3,41.0,1990-07-12,0,6.300000000000001,55.0,703.2,5803,931.09
229.8,33.7,38.0,1990-07-13,0,11.4,53.0,0.9000000000000057,5841,894.83
261.5,38.3,41.8,1990-07-14,1,8.600000000000001,58.9,67.4,5837,926.09
222.2,33.5,42.0,1990-07-15,0,5.699999999999999,48.5,18.700000000000003,5804,926.37
235.1,23.0,35.4,1990-07-16,0,14.2,53.7,0.0,5895,985.09
275.6,44.1,49.4,1990-07-17,0,3.8,64.5,74.00000000000001,5856,913.4
245.1,36.5,41.0,1990-07-18,0,8.899999999999999,55.3,385.5,5823,923.7
285.3,43.3,49.6,1990-07-19,1,6.9,61.6,545.5,5842,883.57
278.7,39.2,40.4,1990-07-20,1,9.899999999999999,68.7,0.0,5832,950.01
232.7,33.1,40.6,1990-07-21,0,7.299999999999999,50.1,90.9,5785,921.2
256.6,37.1,44.2,1990-07-22,0,3.8,59.7,2733.1,5820,940.65
278.5,37.3,46.0,1990-07-23,0,5.2,54.1,1160.2,5851,905.49
336.0,45.6,47.6,1990-07-24,0,2.7,74.7,1753.3,5907,935.7
222.9,34.3,38.0,1990-07-25,0,7.5,60.4,1853.1,5858,979.87
261.4,40.5,44.2,1990-07-26,1,5.9,60.2,2286.1000000000004,5824,931.06
241.8,36.1,41.8,1990-07-27,1,10.200000000000001,53.2,-183.3,5822,886.54
228.3,33.9,38.8,1990-07-28,1,9.0,52.1,136.10000000000002,5796,921.23
251.5,35.9,39.4,1990-07-29,1,11.7,61.6,0.0,5856,923.76
229.8,34.3,41.6,1990-07-30,0,6.6,62.0,25.700000000000003,5856,990.13
232.1,35.2,38.6,1990-07-31,1,11.5,58.5,0.0,5863,910.87
219.5,34.7,39.4,1990-08-01,0,4.9,70.6,570.1,5854,991.58
232.7,31.1,37.8,1990-08-02,0,11.2,59.6,-19.6,5816,982.62
260.6,22.2,43.0,1990-08-03,1,5.7,63.2,499.5,5843,985.06
269.6,38.3,45.2,1990-08-04,1,5.199999999999999,69.1,1012.1999999999999,5873,992.6
401.2,47.5,56.0,1990-08-05,0,-5.3999999999999995,73.1,2734.3999999999996,5848,977.19
293.3,42.9,48.2,1990-08-06,1,3.6999999999999997,75.2,652.5,5881,971.91
231.1,38.9,43.4,1990-08-07,0,7.700000000000001,69.4,397.40000000000003,5769,985.06
217.1,34.9,40.8,1990-08-08,0,4.3,63.2,437.0,5830,997.54
245.1,34.2,39.2,1990-08-09,0,10.1,67.9,-143.89999999999998,5885,985.03
234.5,35.7,42.2,1990-08-10,0,3.7,65.3,1469.9,5836,985.0
265.2,39.1,45.8,1990-08-11,0,2.2,67.2,-4.0,5833,977.22
210.0,24.7,36.2,1990-08-12,0,5.699999999999999,55.1,1090.3,5841,977.22
260.9,40.9,42.2,1990-08-13,0,6.1000000000000005,69.0,876.9,5849,987.53
285.7,34.4,35.6,1990-08-14,0,13.299999999999999,72.9,-142.9,5900,933.4
97.2,20.4,23.4,1990-08-15,1,10.7,55.1,-11.400000000000002,5837,926.15
242.8,36.1,41.0,1990-08-16,0,5.4,67.4,756.4,5846,979.87
264.6,37.5,41.8,1990-08-17,1,6.5,65.1,-1.9000000000000001,5828,990.13
257.7,37.1,43.4,1990-08-18,0,1.9000000000000004,64.4,1544.4,5809,992.6
273.7,33.0,37.4,1990-08-19,0,13.1,53.0,0.0,5842,933.53
318.2,36.0,41.6,1990-08-20,0,9.2,56.6,415.5,5862,905.35
272.0,31.9,36.0,1990-08-21,0,9.299999999999999,58.0,53.0,5813,938.31
299.7,37.2,39.6,1990-08-22,0,10.4,71.5,-3.3999999999999986,5879,982.47
296.6,34.0,45.0,1990-08-23,0,8.5,67.9,857.6000000000001,5928,982.44
237.4,32.8,37.2,1990-08-24,1,10.0,61.4,-67.2,5880,985.0
296.1,42.0,41.2,1990-08-25,1,10.3,80.5,-85.39999999999999,5914,979.78
196.3,28.7,38.2,1990-08-26,1,5.7,54.2,97.4,5831,969.47
254.9,33.8,38.8,1990-08-27,1,6.0,68.2,291.7,5871,984.97
225.4,25.9,34.0,1990-08-28,1,4.3,52.1,720.5,5794,977.28
329.1,39.6,42.8,1990-08-29,1,9.4,74.9,-97.5,5875,982.5
157.2,9.0,33.6,1990-08-30,0,2.1,41.6,2360.0,5798,992.6
178.9,20.2,41.4,1990-08-31,0,14.0,36.4,0.0,5786,875.56
192.3,29.9,44.2,1990-09-01,1,-5.3,47.2,3873.8999999999996,5813,988.48
220.6,34.1,39.4,1990-09-02,1,5.3,62.3,420.8,5805,987.66
315.5,43.7,47.4,1990-09-03,0,7.6,52.0,-92.5,5831,935.84
274.2,33.4,38.4,1990-09-04,0,12.799999999999999,57.7,0.0,5839,926.23
244.7,33.1,40.8,1990-09-05,0,3.7,60.2,1253.7,5816,992.6
175.5,28.1,35.2,1990-09-06,0,2.8,54.8,1317.6999999999998,5785,982.5
231.2,34.9,43.4,1990-09-07,0,1.3000000000000003,61.1,1665.3,5802,987.59
268.8,40.9,50.6,1990-09-08,0,-5.4,63.6,1835.8,5804,992.6
206.6,34.7,42.4,1990-09-09,1,-2.1,58.6,3185.5,5819,995.07
191.2,33.1,40.2,1990-09-10,1,1.7999999999999998,59.9,1041.9,5795,987.5
193.2,33.9,43.8,1990-09-11,0,3.6000000000000005,53.8,414.6,5812,987.69
246.2,32.0,39.8,1990-09-12,0,7.2,60.0,7.699999999999989,5874,987.53
270.4,31.5,37.4,1990-09-13,0,8.6,62.6,-0.8999999999999995,5852,985.03
280.4,38.3,43.2,1990-09-14,1,7.6000000000000005,70.3,57.2,5862,985.09
127.3,15.2,28.0,1990-09-15,0,4.3,35.2,787.5,5760,979.93
246.0,40.9,46.4,1990-09-16,0,-1.7000000000000002,65.1,2673.3,5815,987.53
205.0,30.9,39.6,1990-09-17,0,-3.4,51.0,2997.9,5781,984.97
239.8,37.1,41.8,1990-09-18,0,1.5999999999999996,63.2,1982.2,5841,995.07
157.1,28.9,37.8,1990-09-19,1,-1.7000000000000002,46.5,1982.0,5711,995.1
219.6,37.9,43.8,1990-09-20,1,1.4000000000000004,55.2,1178.0,5790,992.63
239.6,38.1,43.0,1990-09-21,0,1.5999999999999996,56.2,1803.0,5806,985.06
189.4,29.7,38.8,1990-09-22,0,0.10000000000000053,50.7,2203.2999999999997,5759,987.63
218.3,33.9,41.0,1990-09-23,0,2.8,57.9,496.7,5806,985.09
198.7,24.3,38.6,1990-09-24,0,4.6,45.0,1474.3,5842,985.06
217.8,34.3,43.0,1990-09-25,1,0.5,56.4,1998.6000000000001,5791,992.63
94.5,16.0,33.2,1990-09-26,0,1.1999999999999997,36.1,1192.0,5780,977.4
236.6,34.9,43.6,1990-09-27,1,0.6000000000000005,59.0,1246.3999999999999,5810,972.0
247.1,38.9,45.2,1990-09-28,0,-0.5,65.7,2059.1,5829,963.76
223.0,32.7,41.2,1990-09-29,1,1.7999999999999998,60.5,2044.0,5825,992.6
193.2,29.1,37.8,1990-09-30,0,5.6000000000000005,51.2,19.700000000000003,5815,987.63
236.0,36.3,43.4,1990-10-01,0,3.2,64.6,948.1999999999999,5819,998.57
225.5,34.3,41.0,1990-10-02,0,1.4999999999999996,58.9,1910.8,5772,985.09
260.3,34.1,43.0,1990-10-03,1,5.2,61.4,962.2,5839,982.56
245.2,34.7,42.6,1990-10-04,1,4.8,56.1,88.9,5819,990.13
229.5,31.1,40.0,1990-10-05,0,2.4,53.4,1286.0,5775,990.13
202.7,27.1,35.0,1990-10-06,0,3.5999999999999996,46.6,91.9,5818,977.34
249.9,32.7,40.0,1990-10-07,0,1.2000000000000002,55.3,1114.1999999999998,5811,979.87
319.5,35.9,40.0,1990-10-08,1,8.5,64.8,65.6,5829,985.09
299.6,28.1,33.0,1990-10-09,0,16.9,58.2,0.0,5831,964.52
185.5,10.8,36.4,1990-10-10,0,15.9,34.0,0.0,5786,980.39
191.8,27.2,42.0,1990-10-11,1,5.8,39.9,11.7,5730,982.8
247.0,30.1,42.0,1990-10-12,0,7.299999999999999,61.9,114.0,5843,979.97
221.3,26.3,39.4,1990-10-13,0,7.6,46.8,104.0,5788,987.69
218.7,31.7,47.0,1990-10-14,1,2.7,48.4,405.50000000000006,5807,977.52
213.5,27.4,44.4,1990-10-15,0,1.0,48.6,827.2,5781,982.59
190.8,22.8,43.6,1990-10-17,0,1.2999999999999998,44.9,812.5,5746,914.47
147.1,17.4,40.2,1990-10-18,0,9.200000000000001,42.0,-262.3,5778,977.77
135.2,18.0,38.0,1990-10-19,0,6.8999999999999995,35.8,-34.0,5740,967.3
76.8,0.8,24.8,1990-10-20,0,15.5,34.3,0.0,5807,980.24
99.2,10.0,36.4,1990-10-21,0,7.1,29.6,0.0,5758,959.27
140.0,9.4,34.2,1990-10-22,0,13.899999999999999,34.9,0.0,5768,980.33
166.1,27.1,34.0,1990-10-23,0,10.1,50.8,-109.0,5801,920.88
122.9,27.1,38.2,1990-10-24,0,9.2,39.1,0.0,5747,912.7
121.4,23.7,31.2,1990-10-25,0,12.3,48.8,0.0,5769,951.13
52.4,15.5,28.9,1990-10-26,0,11.9,35.0,0.0,5748,928.51
64.0,15.6,33.5,1990-10-27,0,6.8,29.7,-619.9,5714,959.61
88.0,18.1,31.4,1990-10-28,0,11.100000000000001,34.7,0.0,5750,959.52
76.9,15.6,34.6,1990-10-29,0,10.7,31.4,0.0,5751,931.32
110.5,12.6,36.4,1990-10-30,0,13.200000000000001,21.9,0.0,5694,943.68
110.5,7.2,27.6,1990-10-31,0,20.1,22.5,0.0,5706,954.7
102.8,11.4,30.0,1990-11-01,0,18.6,24.4,0.0,5715,983.85
152.1,25.9,35.0,1990-11-02,0,12.8,41.7,0.0,5718,964.89
236.7,36.5,41.2,1990-11-03,0,9.3,60.3,0.0,5790,972.43
192.8,31.1,38.8,1990-11-04,0,9.2,54.7,0.0,5767,985.28
203.8,25.4,41.2,1990-11-05,0,8.3,49.5,0.0,5825,985.18
146.1,26.3,33.4,1990-11-06,0,13.299999999999999,55.4,0.0,5834,987.72
210.6,33.5,40.0,1990-11-07,0,5.3,53.9,1346.7,5800,935.65
249.8,35.9,41.8,1990-11-08,0,6.1,55.9,753.3,5824,980.03
142.6,17.6,29.8,1990-11-09,0,21.3,29.2,0.0,5764,931.5
235.6,34.5,41.6,1990-11-10,0,19.299999999999997,45.5,0.0,5810,934.31
171.3,29.3,38.6,1990-11-11,0,10.399999999999999,41.8,-104.80000000000001,5753,950.94
40.7,16.5,11.1,1990-11-12,0,8.7,42.5,-16.3,5775,987.78
164.0,29.3,35.6,1990-11-13,0,11.9,39.8,-94.8,5787,950.73
85.8,21.7,33.6,1990-11-14,0,10.4,35.6,0.0,5767,956.53
19.4,10.2,24.1,1990-11-15,0,19.6,23.8,0.0,5754,931.66
172.8,12.8,37.0,1990-11-16,0,12.299999999999999,30.9,0.0,5722,970.23
104.3,6.2,29.0,1990-11-17,0,14.399999999999999,24.2,-6.300000000000004,5687,954.57
57.6,0.4,27.8,1990-11-18,0,17.4,19.2,0.0,5708,952.04
17.5,-3.4,20.1,1990-11-19,0,29.5,24.0,0.0,5756,957.6
99.7,2.6,30.6,1990-11-20,0,15.3,28.8,0.0,5784,967.61
85.2,1.8,31.0,1990-11-21,0,18.0,22.6,0.0,5699,957.41
139.9,20.8,32.8,1990-11-22,0,25.4,31.7,0.0,5747,954.73
150.4,9.4,38.8,1990-11-23,0,12.5,30.3,0.0,5737,951.58
97.2,14.2,34.8,1990-11-24,0,15.4,30.8,0.0,5745,967.79
61.5,16.6,30.4,1990-11-25,0,15.9,29.9,0.0,5736,954.48
131.3,19.1,30.0,1990-11-26,0,26.6,32.0,0.0,5723,908.43
116.5,4.8,26.4,1990-11-27,0,25.9,26.6,0.0,5710,941.33
136.2,2.0,28.8,1990-11-28,0,28.799999999999997,30.0,0.0,5767,955.31
72.7,-7.0,23.6,1990-11-29,0,25.700000000000003,20.3,0.0,5678,950.09
56.3,-8.0,15.7,1990-11-30,0,30.9,19.2,0.0,5729,927.54
119.7,7.0,36.2,1990-12-01,0,21.799999999999997,25.2,0.0,5745,989.28
114.5,4.2,30.4,1990-12-02,0,16.4,25.9,0.0,5708,985.64
44.6,19.1,30.9,1990-12-03,0,10.0,33.5,0.0,5691,985.58
48.5,19.9,23.5,1990-12-04,0,19.3,24.1,0.0,5651,960.53
71.6,6.6,34.6,1990-12-05,0,19.5,21.4,0.0,5689,952.65
145.3,5.6,32.4,1990-12-06,0,23.799999999999997,29.6,0.0,5753,932.39
56.3,5.6,19.5,1990-12-07,0,21.5,15.5,0.0,5650,905.72
66.0,8.0,31.3,1990-12-08,0,16.3,22.8,0.0,5675,968.28
60.1,2.0,23.5,1990-12-09,0,23.7,21.4,0.0,5700,950.09
50.4,-2.8,22.1,1990-12-10,0,36.400000000000006,22.6,0.0,5744,939.41
60.1,0.4,18.5,1990-12-11,0,30.7,17.7,0.0,5694,924.85
60.1,-2.4,21.3,1990-12-12,0,32.6,20.1,0.0,5713,922.07
46.6,5.0,24.5,1990-12-13,0,22.8,18.5,0.0,5687,927.54
33.0,4.2,27.1,1990-12-14,0,22.1,20.8,0.0,5731,905.99
56.3,4.8,29.2,1990-12-15,0,25.299999999999997,18.9,0.0,5690,941.91
83.4,6.0,26.1,1990-12-16,0,22.5,19.8,0.0,5725,965.93
173.8,28.9,36.2,1990-12-17,0,23.1,42.0,0.0,5776,922.99
232.2,31.5,43.2,1990-12-18,0,13.100000000000001,41.4,0.0,5687,970.6
64.0,8.8,17.5,1990-12-19,0,26.5,25.8,0.0,5680,985.79
59.1,10.8,25.0,1990-12-20,0,25.6,24.4,0.0,5669,947.13
56.3,-2.4,23.3,1990-12-21,0,29.4,20.4,0.0,5725,947.43
89.2,-2.2,19.5,1990-12-22,0,34.0,15.4,0.0,5682,928.67
87.3,-2.6,14.9,1990-12-23,0,39.400000000000006,16.3,0.0,5702,907.67
58.2,0.8,19.1,1990-12-24,0,30.6,14.6,0.0,5647,945.51
54.3,-2.6,17.3,1990-12-25,0,36.4,17.2,0.0,5728,936.94
95.1,4.6,16.1,1990-12-26,0,31.9,15.7,0.0,5660,966.51
64.0,6.4,21.7,1990-12-27,0,28.7,13.4,0.0,5655,937.36
56.3,3.8,24.1,1990-12-28,0,25.799999999999997,13.8,0.0,5665,931.32
58.2,6.0,24.1,1990-12-29,0,23.2,12.2,0.0,5621,948.17
69.8,1.6,22.5,1990-12-30,0,27.299999999999997,19.4,0.0,5699,955.64
60.1,1.4,22.5,1990-12-31,0,29.6,18.8,0.0,5665,976.3
171.7,22.6,42.2,1991-01-01,1,25.9,31.2,0.0,5705,998.22
320.6,30.6,54.6,1991-01-02,0,-2.9,34.1,171.4,5639,975.54
211.4,26.9,39.2,1991-01-03,0,15.6,33.4,0.0,5630,970.93
187.8,7.4,32.0,1991-01-04,0,35.6,14.0,0.0,5586,954.09
73.7,13.2,21.9,1991-01-05,0,28.1,15.7,0.0,5608,979.05
75.7,7.4,27.5,1991-01-06,0,27.3,17.0,0.0,5627,966.45
85.4,7.4,24.1,1991-01-07,0,31.6,16.7,0.0,5572,961.62
71.8,4.8,30.3,1991-01-08,0,27.4,15.4,0.0,5641,945.57
135.2,22.6,43.0,1991-01-09,1,14.4,24.9,0.0,5594,942.12
95.1,18.2,37.7,1991-01-10,0,6.6000000000000005,25.3,0.0,5633,970.69
196.8,28.3,39.8,1991-01-11,0,18.7,33.6,0.0,5649,965.71
203.9,29.1,41.6,1991-01-12,0,16.8,35.5,0.0,5625,978.41
179.0,20.2,28.0,1991-01-13,0,24.1,30.6,0.0,5635,973.34
138.7,19.8,31.4,1991-01-14,0,20.9,27.2,0.0,5631,958.08
132.7,9.6,35.8,1991-01-15,0,20.200000000000003,23.7,0.0,5594,976.21
52.4,-0.6,30.9,1991-01-16,0,27.9,14.1,0.0,5557,889.36
165.2,21.2,35.6,1991-01-17,0,36.1,22.2,0.0,5642,869.03
102.8,9.2,24.9,1991-01-18,0,33.2,19.6,0.0,5655,937.12
186.2,21.0,36.4,1991-01-19,0,22.299999999999997,26.6,0.0,5615,958.48
151.7,11.0,32.8,1991-01-20,0,28.700000000000003,27.8,0.0,5654,937.12
91.2,10.4,24.3,1991-01-21,0,28.8,19.6,0.0,5615,953.84
137.3,8.4,33.2,1991-01-22,0,27.4,20.4,0.0,5622,961.35
67.9,-2.0,30.9,1991-01-23,0,22.5,17.3,0.0,5592,976.36
207.2,28.2,49.0,1991-01-24,0,20.6,31.0,0.0,5652,839.4
151.4,9.0,36.0,1991-01-25,0,26.200000000000003,23.1,0.0,5678,942.18
64.0,1.4,24.5,1991-01-26,0,26.9,17.6,0.0,5671,953.23
62.1,-3.0,24.3,1991-01-27,0,24.5,21.1,0.0,5712,971.33
64.5,-0.8,31.8,1991-01-28,0,21.4,20.9,0.0,5696,966.08
90.3,2.4,27.0,1991-01-29,0,28.8,23.3,0.0,5739,947.43
187.0,11.6,37.4,1991-01-30,0,21.0,27.0,0.0,5704,975.88
157.0,11.2,37.0,1991-01-31,0,16.2,23.5,0.0,5653,944.29
206.8,22.6,48.8,1991-02-01,0,0.5,34.5,709.8,5675,996.26
175.7,26.0,40.0,1991-02-02,1,9.6,28.9,-128.8,5648,937.76
274.6,30.2,52.0,1991-02-03,1,-1.1,30.7,481.0,5622,980.64
189.5,23.4,48.2,1991-02-04,0,-1.0,29.1,978.4,5655,972.76
73.7,2.8,35.1,1991-02-05,0,6.0,18.9,-1.2999999999999972,5599,970.78
147.9,18.2,46.2,1991-02-06,0,8.7,27.7,0.0,5673,960.37
280.7,28.0,53.4,1991-02-07,0,5.6000000000000005,32.8,0.0,5681,962.91
101.9,22.2,44.6,1991-02-08,0,-0.6000000000000001,28.6,933.4,5665,983.02
106.0,11.8,35.8,1991-02-09,0,11.3,21.1,0.0,5665,938.13
215.4,17.8,41.4,1991-02-10,0,19.4,25.1,0.0,5741,941.06
83.4,9.8,33.5,1991-02-11,0,9.3,17.7,0.0,5683,960.16
247.1,27.8,53.6,1991-02-12,1,-5.8999999999999995,27.2,574.2,5689,972.82
220.5,34.5,49.0,1991-02-13,0,7.4,42.5,0.0,5740,972.76
109.7,6.0,37.2,1991-02-14,0,14.8,18.7,0.0,5656,917.77
152.1,17.4,33.8,1991-02-15,0,22.5,25.4,0.0,5715,917.56
167.4,13.8,29.4,1991-02-16,0,29.700000000000003,27.9,0.0,5704,941.57
95.3,11.4,33.2,1991-02-17,0,22.7,23.2,0.0,5722,921.16
93.3,18.0,35.2,1991-02-18,0,21.4,24.8,0.0,5760,938.31
224.4,31.2,43.8,1991-02-19,0,19.8,37.5,0.0,5708,952.16
92.1,15.8,34.4,1991-02-20,0,20.0,24.0,0.0,5683,929.49
125.5,4.4,31.4,1991-02-21,0,21.4,25.5,0.0,5739,946.58
79.5,6.4,29.3,1991-02-22,0,9.0,17.6,0.0,5679,935.04
216.4,30.6,50.0,1991-02-23,0,2.1999999999999997,39.1,-129.20000000000002,5744,977.77
108.5,25.4,47.2,1991-02-24,0,5.3,24.5,0.0,5678,904.16
272.1,27.4,52.8,1991-02-25,0,2.4,30.8,-262.8,5692,916.24
134.0,22.4,42.8,1991-02-26,0,8.2,30.4,0.0,5751,951.31
154.9,25.8,46.4,1991-02-27,0,10.9,27.3,0.0,5693,911.27
203.3,34.5,50.4,1991-02-28,1,-0.6999999999999997,32.6,660.8,5695,942.79
364.4,38.4,59.0,1991-03-01,0,-6.800000000000001,37.2,1012.5999999999999,5659,969.4
337.7,33.0,55.8,1991-03-02,0,-8.9,33.9,2101.5,5610,964.71
398.3,30.6,58.6,1991-03-03,0,-4.3999999999999995,35.7,994.0,5656,954.27
328.7,30.8,56.8,1991-03-04,0,-10.600000000000001,36.1,2090.6,5688,967.27
309.0,33.8,53.4,1991-03-05,1,1.2,38.4,208.60000000000002,5686,980.48
270.3,36.5,52.4,1991-03-06,0,-0.6000000000000001,37.2,385.2,5681,970.2
173.9,23.2,46.0,1991-03-07,0,3.3000000000000003,33.5,-63.8,5708,970.14
208.6,15.2,47.6,1991-03-08,0,0.0,34.7,1412.3,5664,964.86
294.0,20.0,53.0,1991-03-09,1,-4.5,37.6,2621.7999999999997,5740,987.75
264.4,34.1,51.2,1991-03-10,0,-2.6999999999999997,42.5,2030.7000000000003,5734,972.43
231.5,33.9,52.4,1991-03-11,0,1.5,33.3,-86.39999999999998,5737,937.24
443.5,44.9,61.0,1991-03-12,0,-15.799999999999999,43.1,3395.0,5700,977.46
104.9,28.9,49.2,1991-03-13,1,-11.7,30.8,1897.6000000000001,5718,969.71
355.0,39.5,56.2,1991-03-14,1,0.19999999999999973,44.6,-145.3,5766,951.13
314.6,34.9,54.2,1991-03-15,0,1.3,39.4,-619.8000000000001,5753,860.73
246.5,33.8,52.8,1991-03-16,0,0.19999999999999973,37.7,114.30000000000001,5725,939.99
140.3,33.1,48.8,1991-03-17,0,3.0,37.0,168.09999999999997,5749,939.68
201.0,33.3,47.8,1991-03-18,0,4.4,45.6,0.0,5782,953.41
151.5,25.4,44.6,1991-03-19,0,-0.30000000000000027,36.8,2170.0,5722,935.99
177.6,30.4,47.4,1991-03-20,0,-1.9999999999999996,40.9,2286.5,5792,961.35
181.4,27.4,45.0,1991-03-21,0,-4.699999999999999,29.8,1911.8,5719,958.69
275.0,32.8,53.8,1991-03-22,0,-10.399999999999999,40.2,3079.1,5747,969.5
123.7,26.1,41.8,1991-03-23,0,4.4,30.6,-254.99999999999997,5697,916.24
183.9,33.1,49.0,1991-03-24,1,2.3,38.4,-94.69999999999999,5742,954.15
144.9,23.8,38.4,1991-03-25,0,8.1,29.5,0.0,5671,973.04
193.2,19.0,43.4,1991-03-26,0,9.9,32.9,0.0,5745,956.99
254.9,33.5,46.6,1991-03-27,0,2.5,51.3,1854.0,5770,982.62
173.1,28.2,44.4,1991-03-28,0,2.5999999999999996,42.0,962.2,5774,982.65
222.8,29.9,45.8,1991-03-29,0,-0.20000000000000018,33.7,1149.3999999999999,5770,956.13
168.1,27.6,44.8,1991-03-30,0,-3.5,40.9,2348.0,5755,972.15
139.3,19.8,38.8,1991-03-31,0,0.3000000000000007,32.4,2305.5,5756,995.1
232.1,32.7,50.2,1991-04-01,0,-5.6,51.2,2308.3,5812,970.58
222.2,32.4,53.6,1991-04-02,0,1.7,35.6,26.100000000000023,5784,959.52
436.9,39.3,57.2,1991-04-03,0,-3.7,60.5,944.0,5849,966.66
160.5,29.4,50.4,1991-04-04,0,-14.1,35.3,3914.6,5693,972.15
278.4,36.9,53.6,1991-04-05,0,-4.8999999999999995,48.8,627.4,5767,936.26
158.3,35.9,48.8,1991-04-06,0,4.2,42.4,-385.3,5793,851.85
360.5,41.7,56.8,1991-04-07,0,-10.600000000000001,43.7,4456.700000000001,5735,929.79
232.0,31.4,51.6,1991-04-08,0,-5.699999999999999,44.3,1308.6,5782,944.63
414.5,44.7,58.2,1991-04-09,0,-12.200000000000001,51.1,4148.1,5753,979.93
125.5,29.8,49.4,1991-04-10,1,-4.800000000000001,37.8,1258.6000000000001,5768,967.09
231.7,34.7,53.0,1991-04-11,1,-2.6,37.8,945.9000000000001,5699,987.87
116.6,24.8,45.8,1991-04-12,0,3.9000000000000004,27.1,-223.3,5725,959.55
406.6,41.9,58.8,1991-04-13,0,-7.0,46.9,1460.1,5754,982.71
240.0,30.0,50.0,1991-04-14,0,0.10000000000000009,41.9,1494.3,5766,990.25
250.6,29.8,44.6,1991-04-15,0,-0.9000000000000004,45.3,2787.0,5779,985.06
163.1,30.3,41.2,1991-04-16,0,-6.1,46.7,3972.9,5744,961.17
385.7,39.9,56.4,1991-04-17,0,-8.6,42.7,4439.0,5769,966.78
308.7,31.8,52.6,1991-04-18,0,-4.2,48.7,2558.2999999999997,5838,958.48
44.6,7.8,28.9,1991-04-19,0,5.5,30.4,12.5,5754,959.09
260.4,29.8,50.4,1991-04-20,0,-4.9,46.5,2425.4,5797,979.9
58.0,18.4,39.6,1991-04-21,0,-6.8999999999999995,29.5,2142.2999999999997,5757,972.09
60.1,20.2,37.7,1991-04-22,0,-11.8,25.5,3942.1,5723,979.97
98.4,25.6,48.6,1991-04-23,0,-14.9,34.5,1648.5,5761,972.0
397.8,41.1,54.4,1991-04-24,0,-7.8,58.0,1817.4,5766,953.08
197.9,30.2,46.4,1991-04-25,0,-6.6000000000000005,44.9,3965.1,5762,985.03
129.1,25.0,45.2,1991-04-26,0,-7.5,35.3,3499.7,5753,974.69
153.0,24.6,46.2,1991-04-27,0,-5.300000000000001,42.0,2043.8000000000002,5768,982.56
286.7,37.9,51.8,1991-04-28,0,-5.1,53.2,2023.7,5782,972.12
255.5,41.1,47.6,1991-04-29,0,5.3,60.2,-139.60000000000002,5776,945.02
235.9,31.5,36.4,1991-04-30,0,9.0,42.9,2702.5,5744,883.44
107.6,23.1,40.4,1991-05-01,0,-9.200000000000001,39.2,4292.5,5771,973.49
193.7,29.9,51.0,1991-05-02,0,-16.3,36.4,5872.2,5792,933.26
311.9,38.3,52.2,1991-05-03,0,-7.2,58.4,4739.9,5857,969.16
208.6,27.4,51.2,1991-05-04,0,-10.399999999999999,45.4,4092.2000000000003,5798,966.6
402.9,44.1,56.6,1991-05-05,1,-9.5,64.2,4345.299999999999,5822,971.91
407.0,42.9,56.6,1991-05-06,0,-9.8,57.2,5073.9,5780,992.6
143.7,29.3,41.8,1991-05-07,0,-2.8999999999999995,32.0,3235.3,5792,859.27
255.6,31.7,44.8,1991-05-08,0,-0.5,57.0,2356.9,5842,960.98
507.2,44.5,59.6,1991-05-09,0,-7.499999999999999,62.4,5216.0,5868,960.86
527.6,43.3,60.2,1991-05-10,0,-10.0,57.6,-5.6,5808,969.13
590.8,43.9,62.4,1991-05-11,0,-12.3,57.9,-9.0,5852,969.16
359.2,43.9,55.2,1991-05-12,0,-6.300000000000001,59.2,2375.2,5840,963.79
312.6,35.9,52.8,1991-05-13,0,-5.4,54.4,3267.3999999999996,5824,966.57
107.1,25.3,42.6,1991-05-14,0,-8.1,44.7,4769.400000000001,5808,966.51
56.3,18.6,37.9,1991-05-15,0,-6.199999999999999,38.1,-4.8999999999999995,5812,977.22
214.7,32.3,49.0,1991-05-16,1,-0.09999999999999964,44.6,1864.7,5814,969.47
243.6,33.5,49.8,1991-05-17,0,3.5,49.2,882.8,5825,974.87
222.1,35.5,49.4,1991-05-18,0,-3.9000000000000004,50.1,2307.1,5835,963.91
277.7,29.2,50.8,1991-05-19,0,0.6999999999999997,46.5,646.3,5849,950.3
404.0,38.1,55.2,1991-05-20,0,0.30000000000000027,54.5,455.29999999999995,5833,966.93
199.6,33.3,45.8,1991-05-21,0,4.8999999999999995,50.5,-198.29999999999998,5829,956.16
231.8,38.9,49.8,1991-05-22,1,-3.0,54.0,-5.799999999999999,5786,972.03
310.2,40.3,52.0,1991-05-23,0,-2.7,53.4,1505.1999999999998,5786,987.66
318.1,38.3,52.8,1991-05-24,0,-4.699999999999999,41.8,1978.2999999999997,5800,923.56
260.6,35.1,50.2,1991-05-25,0,-5.6,53.1,3626.6,5826,952.47
487.9,43.3,60.2,1991-05-26,0,-13.4,57.9,3875.1,5813,960.92
238.5,35.3,46.0,1991-05-27,0,5.7,51.7,86.89999999999998,5821,964.22
240.4,36.1,45.4,1991-05-28,0,-1.5999999999999996,59.4,-25.6,5847,971.88
491.7,48.3,59.4,1991-05-29,0,-6.6000000000000005,60.7,2979.9,5774,966.84
187.6,17.8,38.6,1991-05-30,0,3.8999999999999995,35.2,-15.999999999999998,5814,958.51
232.6,37.1,45.0,1991-05-31,0,-0.7999999999999998,59.5,1216.6999999999998,5800,979.87
233.1,29.8,40.2,1991-06-01,0,6.999999999999999,58.6,321.9,5878,963.9
388.7,44.3,53.8,1991-06-02,1,-3.9000000000000004,55.2,2640.2,5795,940.65
251.4,38.7,46.6,1991-06-03,1,-0.6999999999999993,64.3,2405.0,5840,958.18
300.5,38.1,47.2,1991-06-04,1,4.5,69.3,-33.7,5889,982.44
229.8,35.1,45.6,1991-06-05,1,-1.1000000000000005,53.0,1953.5,5818,961.04
126.8,20.7,34.8,1991-06-06,0,0.10000000000000053,36.1,2373.7000000000003,5776,987.63
206.7,39.1,48.0,1991-06-07,0,-0.20000000000000018,55.4,2251.7000000000003,5784,980.06
237.9,35.7,39.8,1991-06-08,1,7.3,63.1,-0.9000000000000004,5843,985.09
242.9,34.5,41.6,1991-06-09,0,3.0000000000000004,52.0,3868.2000000000003,5815,921.04
190.3,33.9,43.0,1991-06-10,0,6.5,42.8,482.0,5784,898.08
270.0,39.3,49.2,1991-06-11,1,-0.20000000000000018,52.8,2684.1,5802,918.59
217.7,33.5,41.8,1991-06-12,0,7.6,56.0,-203.4,5864,913.54
286.3,32.7,40.6,1991-06-13,0,8.2,53.0,-23.599999999999998,5809,916.09
311.1,37.7,41.0,1991-06-14,0,9.2,54.1,981.1999999999999,5801,923.73
271.0,34.3,39.4,1991-06-15,1,5.5,61.0,1841.8,5858,960.98
310.7,31.8,42.6,1991-06-16,0,10.9,54.3,161.8,5865,915.85
192.4,29.1,40.4,1991-06-17,0,5.9,51.6,14.199999999999989,5829,871.43
285.8,33.7,47.8,1991-06-18,0,-1.0,48.6,3305.2999999999997,5784,913.15
255.6,44.1,49.2,1991-06-19,1,-3.1999999999999997,52.6,2584.8,5776,880.11
217.2,35.5,44.0,1991-06-20,0,5.300000000000001,47.8,393.4,5790,897.66
236.9,36.7,48.4,1991-06-21,0,-6.6,57.2,3781.4,5774,987.5
258.0,32.5,49.6,1991-06-22,0,-0.9000000000000004,50.5,1507.9,5871,979.78
227.4,34.3,43.2,1991-06-23,0,14.0,51.4,0.0,5836,889.75
154.9,18.6,37.2,1991-06-24,0,-1.2999999999999998,37.3,3436.8,5756,882.89
224.5,37.9,46.8,1991-06-25,0,-0.7999999999999998,47.8,3460.2,5851,873.44
226.9,36.1,43.0,1991-06-26,0,11.200000000000001,54.6,-409.40000000000003,5837,826.34
162.0,28.9,38.0,1991-06-27,1,0.0,48.5,-0.10000000000000142,5812,894.31
273.4,35.3,46.8,1991-06-28,0,0.09999999999999964,62.3,2043.9,5794,949.99
239.7,39.3,45.2,1991-06-29,0,0.6999999999999993,68.0,954.5,5834,985.0
205.8,31.3,36.8,1991-06-30,0,8.7,60.3,-53.900000000000006,5850,966.72
228.9,34.5,39.4,1991-07-01,1,3.4000000000000004,60.6,8.0,5830,964.81
283.0,42.5,44.6,1991-07-02,0,-0.20000000000000018,70.3,7406.7,5829,949.99
222.2,33.5,44.2,1991-07-03,0,4.9,44.7,197.3,5807,892.14
267.0,38.7,47.8,1991-07-04,0,3.5000000000000004,45.7,537.0,5756,926.37
223.8,31.7,37.2,1991-07-05,0,9.5,53.8,146.6,5812,928.65
204.2,32.9,45.2,1991-07-06,0,1.7000000000000002,43.8,465.30000000000007,5797,862.48
214.4,31.8,36.0,1991-07-07,0,14.8,54.7,0.0,5868,883.52
194.2,31.3,43.6,1991-07-08,1,2.3999999999999995,42.2,-15.9,5756,903.29
397.1,43.7,54.6,1991-07-09,0,-4.9,47.9,0.0,5756,947.68
277.3,43.3,46.4,1991-07-11,0,-2.5,61.3,7019.900000000001,5817,923.26
205.8,31.9,44.4,1991-07-12,0,1.5,39.6,2972.4,5763,903.21
278.8,36.6,42.4,1991-07-13,0,8.299999999999999,60.7,1366.6,5902,885.77
241.2,34.5,41.6,1991-07-14,0,7.8999999999999995,51.0,1633.8,5816,913.4
272.1,41.2,42.2,1991-07-15,1,8.4,62.6,681.4,5849,915.85
199.4,22.8,37.6,1991-07-16,0,10.0,38.7,0.0,5785,844.71
278.1,29.8,35.0,1991-07-17,0,14.7,55.5,-296.0,5852,889.01
252.6,38.7,46.0,1991-07-18,1,-5.200000000000001,52.1,4458.799999999999,5808,915.71
296.6,43.1,44.0,1991-07-19,1,6.5,82.9,823.8,5874,974.59
270.1,34.0,36.2,1991-07-20,0,19.3,43.3,0.0,5843,860.95
211.5,29.2,34.4,1991-07-21,0,15.4,53.5,0.0,5767,938.42
265.7,30.4,36.6,1991-07-22,0,12.1,50.6,-41.7,5782,923.73
309.5,38.9,43.6,1991-07-23,1,3.3,60.5,2223.4,5785,918.46
237.0,33.5,47.6,1991-07-24,0,4.699999999999999,43.5,1276.3,5825,894.94
238.8,36.1,41.4,1991-07-25,0,6.3,58.7,896.2,5824,921.06
244.2,35.4,38.4,1991-07-26,0,15.3,58.9,0.0,5832,903.27
269.2,28.0,32.4,1991-07-27,1,16.7,52.6,0.0,5832,889.4
346.7,36.9,42.6,1991-07-28,0,3.7,61.2,44.2,5784,949.99
353.8,35.0,35.0,1991-07-29,0,49.599999999999994,65.2,0.0,5908,610.54
273.4,31.8,36.8,1991-07-30,0,12.6,52.1,192.2,5855,913.54
251.9,35.0,38.6,1991-07-31,0,13.200000000000001,57.9,-286.5,5882,905.66
236.1,35.7,39.4,1991-08-01,0,6.9,65.7,1053.4,5864,963.88
270.2,42.3,45.8,1991-08-02,1,5.999999999999999,64.9,760.3000000000001,5875,886.1
231.3,32.3,39.0,1991-08-03,0,6.0,62.2,768.0,5806,987.63
203.8,34.1,39.4,1991-08-04,0,3.8000000000000003,63.7,882.4,5852,979.84
271.0,40.6,45.4,1991-08-05,0,7.199999999999999,80.9,-26.400000000000006,5919,984.97
254.0,39.9,45.6,1991-08-06,0,4.0,60.5,3124.2,5848,935.81
271.5,37.5,44.4,1991-08-07,0,5.4,69.4,-57.9,5872,985.03
261.0,37.1,43.8,1991-08-08,0,4.8,67.3,-42.0,5857,979.9
269.7,38.3,45.4,1991-08-09,0,4.9,57.5,1364.8000000000002,5849,931.06
251.8,35.4,39.2,1991-08-10,0,10.4,58.6,-50.5,5864,902.72
323.8,42.7,50.4,1991-08-11,1,-4.699999999999999,58.4,1217.9,5841,945.32
284.6,33.2,37.2,1991-08-12,0,10.2,65.4,-10.0,5872,928.37
205.5,29.7,44.6,1991-08-13,0,8.9,36.9,0.0,5741,841.94
254.4,30.5,41.8,1991-08-14,0,8.2,47.6,-33.2,5781,905.93
262.7,29.2,35.4,1991-08-15,0,15.6,55.0,-179.4,5839,945.4
242.2,35.9,44.2,1991-08-16,0,4.6,52.1,-53.0,5833,902.85
240.3,33.5,38.4,1991-08-17,0,10.4,58.6,1.799999999999999,5831,931.14
266.7,41.9,44.6,1991-08-18,1,5.1,58.9,2878.5,5807,949.99
364.1,41.7,53.8,1991-08-19,0,-5.0,55.2,2908.5,5815,949.99
129.9,22.2,32.0,1991-08-20,1,20.9,27.7,0.0,5667,922.3
286.7,42.5,43.6,1991-08-21,0,13.3,64.5,0.0,5844,892.36
335.5,41.9,43.4,1991-08-22,0,2.0,67.6,4191.0,5808,947.68
342.3,43.7,49.4,1991-08-23,0,-3.500000000000001,65.9,4826.0,5870,947.65
281.1,41.7,46.0,1991-08-24,1,3.0,64.3,1834.0,5870,947.68
306.7,46.9,50.6,1991-08-25,1,-1.8000000000000007,68.0,3342.2000000000003,5815,947.68
265.1,41.3,47.6,1991-08-26,1,0.6000000000000005,59.5,1807.9,5829,913.18
236.0,34.7,42.6,1991-08-27,0,10.799999999999999,51.1,-245.8,5853,897.8
279.3,29.5,39.4,1991-08-28,0,10.6,49.2,-65.39999999999999,5818,916.31
312.6,40.5,46.0,1991-08-29,0,5.9,72.1,464.29999999999995,5860,977.31
182.7,28.7,35.8,1991-08-30,0,3.8000000000000003,58.2,1195.2,5817,979.9
245.0,40.1,45.6,1991-08-31,0,6.4,49.2,978.5,5883,839.98
251.2,36.9,46.6,1991-09-01,1,1.6999999999999997,68.9,1962.2,5837,996.57
252.3,35.2,39.2,1991-09-02,1,10.4,71.3,120.30000000000001,5889,985.03
200.1,31.1,41.6,1991-09-03,1,-0.40000000000000036,50.7,3605.0,5821,979.84
196.7,30.3,39.2,1991-09-04,0,6.0,53.0,1052.6999999999998,5832,985.09
178.4,29.5,38.0,1991-09-05,1,3.2,51.5,2026.2,5771,982.56
255.9,33.9,38.8,1991-09-06,1,9.0,63.8,-54.3,5842,977.34
256.9,36.7,42.2,1991-09-07,1,2.2,63.2,2052.3,5829,977.25
250.1,39.7,46.0,1991-09-08,1,0.20000000000000018,63.5,2481.1,5832,992.6
235.1,35.5,42.8,1991-09-09,0,2.6999999999999997,61.2,2014.4,5829,992.6
297.1,42.7,43.0,1991-09-10,1,9.5,79.7,-89.6,5874,985.06
138.4,25.3,32.8,1991-09-11,1,5.5,45.8,1171.0,5796,974.75
195.0,35.3,44.8,1991-09-12,1,2.1,54.2,1525.3999999999999,5790,977.43
173.4,31.1,37.2,1991-09-13,1,7.8,52.7,229.3,5805,980.0
221.9,35.1,40.8,1991-09-14,1,3.3999999999999995,56.1,1893.6999999999998,5785,977.34
219.7,32.9,40.4,1991-09-15,0,3.5,58.9,1354.2,5805,982.5
211.5,33.3,39.4,1991-09-16,0,5.3,54.3,976.6999999999999,5814,977.34
190.7,32.3,42.6,1991-09-17,1,22.6,51.5,0.0,5805,970.57
218.5,32.1,39.2,1991-09-18,1,8.3,64.5,107.69999999999999,5875,982.47
187.3,34.3,41.8,1991-09-19,1,-0.5999999999999996,52.3,2732.5,5796,971.97
219.0,40.3,46.8,1991-09-20,0,-0.7999999999999998,62.4,-7.7,5835,969.31
197.9,30.5,42.6,1991-09-21,1,0.7999999999999998,53.6,1585.4,5823,985.0
248.4,38.9,45.6,1991-09-22,0,0.6000000000000005,61.3,2263.4,5839,987.53
254.7,33.1,46.2,1991-09-23,0,2.1,56.6,1828.6,5804,985.09
280.6,38.1,44.8,1991-09-24,1,3.7,64.1,1615.8999999999999,5841,985.06
266.2,34.1,40.4,1991-09-25,0,5.699999999999999,59.5,695.1999999999999,5824,990.13
279.5,38.7,44.2,1991-09-26,1,4.6,66.0,1156.5,5826,985.09
193.2,28.5,35.4,1991-09-27,1,5.800000000000001,57.4,1808.3999999999999,5827,985.03
179.7,27.4,42.6,1991-09-28,0,-2.9999999999999996,43.7,3200.0,5771,982.47
182.6,28.7,39.6,1991-09-29,1,3.5,42.8,2633.1,5804,969.41
219.0,39.1,46.4,1991-09-30,1,-0.3000000000000007,51.7,3151.0,5829,974.59
177.2,32.7,45.4,1991-10-01,1,-0.5,47.4,1976.8000000000002,5828,986.42
210.0,25.6,41.8,1991-10-02,1,7.699999999999999,44.9,-144.6,5838,974.81
193.8,32.1,43.8,1991-10-03,0,-3.5,51.6,3121.6,5793,979.87
234.6,38.1,45.8,1991-10-04,1,-0.5,63.9,3111.6,5824,987.56
196.2,30.9,42.0,1991-10-05,1,4.1,53.1,348.2,5786,977.52
204.7,35.9,41.0,1991-10-06,1,4.1,60.8,1221.7,5796,985.12
194.1,32.7,42.0,1991-10-07,1,2.7,53.6,1538.8999999999999,5781,987.66
181.1,30.5,43.6,1991-10-08,0,3.0,48.1,1842.0,5833,972.15
206.6,33.7,43.6,1991-10-09,1,2.0999999999999996,56.9,1265.1999999999998,5801,980.0
243.7,41.1,49.2,1991-10-10,1,0.5,62.8,2500.1,5823,982.53
187.5,32.9,42.8,1991-10-11,0,5.699999999999999,51.7,-22.69999999999999,5817,974.93
267.5,43.1,50.2,1991-10-12,0,0.1999999999999993,61.8,1748.9,5822,985.09
282.6,33.7,45.8,1991-10-13,0,4.1,54.3,-63.1,5805,987.69
174.5,29.1,41.2,1991-10-14,0,6.5,47.5,-113.5,5790,980.18
218.2,14.2,41.6,1991-10-15,0,9.6,45.6,-197.6,5794,982.74
208.6,29.1,43.0,1991-10-16,0,7.7,45.5,-86.8,5773,982.77
185.7,33.5,47.6,1991-10-17,0,-2.5999999999999996,44.6,1588.8,5776,977.52
199.4,33.3,49.6,1991-10-18,0,-1.4,44.6,676.3,5803,974.9
121.2,26.1,38.6,1991-10-19,0,9.7,39.2,0.0,5794,959.24
153.0,23.0,39.2,1991-10-20,0,8.1,34.8,-168.3,5773,953.63
141.3,-0.8,40.2,1991-10-21,0,7.300000000000001,33.1,-215.70000000000002,5766,959.18
218.7,17.2,40.0,1991-10-22,0,17.6,43.2,0.0,5847,959.24
199.1,14.6,41.4,1991-10-23,0,16.0,32.5,0.0,5771,959.55
103.9,9.4,35.8,1991-10-24,0,8.9,33.0,0.0,5782,961.84
192.3,32.9,44.6,1991-10-25,0,3.9000000000000004,39.1,240.10000000000002,5737,959.09
196.6,30.5,42.2,1991-10-26,0,4.4,43.3,-54.8,5772,956.16
132.8,28.5,35.0,1991-10-27,0,14.100000000000001,44.9,0.0,5824,936.51
202.9,33.5,42.6,1991-10-28,0,6.8,47.0,-259.3,5800,930.59
141.9,24.5,36.4,1991-10-29,0,10.9,31.5,0.0,5729,921.86
217.8,32.5,41.6,1991-10-30,0,9.0,56.8,-201.3,5810,969.74
236.4,29.5,37.0,1991-10-31,0,14.0,55.7,0.0,5806,982.8
206.2,29.3,39.8,1991-11-01,0,8.8,47.9,-222.7,5786,997.21
117.9,29.7,35.0,1991-11-02,0,4.6000000000000005,54.4,-30.700000000000003,5801,974.9
153.9,34.1,42.4,1991-11-03,0,5.1000000000000005,47.1,-88.1,5750,961.93
155.5,31.3,38.8,1991-11-04,0,7.3,44.6,-49.1,5735,972.58
213.5,33.9,45.0,1991-11-05,0,6.3999999999999995,45.3,-98.19999999999999,5770,967.24
145.8,14.6,38.4,1991-11-06,0,15.5,34.3,0.0,5753,948.78
93.5,5.8,35.0,1991-11-07,0,15.100000000000001,27.2,0.0,5733,957.26
114.3,5.2,34.4,1991-11-08,0,20.5,27.0,0.0,5748,938.25
100.1,10.0,35.2,1991-11-09,0,14.899999999999999,22.0,0.0,5702,943.74
170.5,18.4,44.4,1991-11-10,0,12.899999999999999,30.4,0.0,5694,943.68
156.0,25.2,41.4,1991-11-11,0,14.700000000000001,32.4,0.0,5699,949.17
42.7,12.2,27.9,1991-11-12,0,12.4,21.5,0.0,5717,937.61
46.6,12.8,33.1,1991-11-13,0,10.2,24.5,0.0,5725,943.25
80.6,14.6,30.8,1991-11-14,0,18.3,25.9,0.0,5722,929.18
42.7,13.3,25.5,1991-11-15,0,20.2,27.2,0.0,5724,954.79
34.9,18.9,26.4,1991-11-16,0,21.200000000000003,39.2,0.0,5771,928.85
155.8,32.5,40.0,1991-11-17,0,14.5,44.3,0.0,5712,925.95
167.5,30.3,37.8,1991-11-18,0,16.5,45.5,0.0,5781,945.97
46.6,11.0,26.5,1991-11-19,0,20.0,24.8,0.0,5701,926.59
62.1,17.2,32.7,1991-11-20,0,15.4,25.0,0.0,5681,946.88
124.0,25.0,41.8,1991-11-21,0,13.1,23.2,0.0,5659,965.74
62.1,18.0,31.9,1991-11-22,0,17.4,18.7,0.0,5627,933.49
56.3,14.2,24.3,1991-11-23,0,22.8,25.5,0.0,5735,963.0
60.1,14.0,27.5,1991-11-24,0,18.2,24.2,0.0,5669,963.09
129.6,-14.0,24.2,1991-11-25,0,33.400000000000006,26.2,0.0,5765,935.65
46.6,-18.2,21.1,1991-11-26,0,25.6,22.6,0.0,5701,938.71
122.5,5.4,29.2,1991-11-27,0,23.3,26.9,0.0,5748,943.89
174.6,13.4,36.8,1991-11-28,0,14.600000000000001,26.7,0.0,5705,938.06
97.0,-2.2,22.9,1991-11-29,0,27.4,19.6,0.0,5721,941.73
132.2,-0.4,23.2,1991-11-30,0,35.3,22.5,0.0,5688,961.07
97.6,7.8,33.6,1991-12-01,0,24.700000000000003,24.5,0.0,5684,985.39
67.7,4.0,29.8,1991-12-02,0,26.1,19.5,0.0,5687,930.44
91.4,4.4,33.0,1991-12-03,0,23.3,19.4,0.0,5661,918.87
67.8,-2.0,29.4,1991-12-04,0,28.0,17.0,0.0,5675,916.37
84.6,-4.0,27.2,1991-12-05,0,32.9,21.8,0.0,5725,953.11
56.3,-5.6,20.7,1991-12-06,0,28.2,18.4,0.0,5710,939.13
91.0,3.4,36.4,1991-12-07,0,16.1,22.5,0.0,5662,957.99
149.6,15.8,44.8,1991-12-08,0,16.8,25.8,0.0,5669,952.59
129.0,9.4,42.4,1991-12-09,0,17.0,27.5,0.0,5691,960.59
141.6,13.2,42.0,1991-12-10,0,12.3,27.7,0.0,5655,962.97
130.4,8.6,40.2,1991-12-11,0,13.1,24.8,0.0,5666,952.22
115.1,0.0,32.6,1991-12-12,0,19.1,23.7,0.0,5697,946.76
31.0,1.2,30.1,1991-12-13,0,14.5,14.9,0.0,5661,944.44
137.6,3.4,38.2,1991-12-14,0,17.700000000000003,24.0,0.0,5751,960.19
42.0,7.0,40.4,1991-12-15,0,12.3,17.4,0.0,5650,965.81
85.9,2.8,34.4,1991-12-16,0,23.9,20.7,0.0,5688,968.55
21.3,-1.8,22.7,1991-12-17,0,23.5,16.5,0.0,5725,856.86
9.7,-2.8,28.8,1991-12-18,0,27.1,19.8,0.0,5729,958.11
11.6,0.0,24.7,1991-12-19,0,20.5,17.0,0.0,5707,965.9
21.3,-5.6,4.7,1991-12-20,0,31.0,21.3,0.0,5740,939.13
105.5,5.0,39.8,1991-12-21,0,20.4,24.2,0.0,5698,981.12
135.9,19.4,43.8,1991-12-22,0,8.399999999999999,24.3,0.0,5651,988.17
126.0,25.9,42.2,1991-12-23,1,10.8,33.9,0.0,5697,975.75
142.4,26.0,48.6,1991-12-24,0,0.30000000000000004,28.3,-110.5,5622,973.19
255.4,36.1,51.4,1991-12-25,0,4.1,36.8,0.0,5657,968.06
243.4,34.9,46.6,1991-12-26,0,11.0,40.9,0.0,5674,988.14
126.8,5.2,24.4,1991-12-27,0,26.9,26.1,0.0,5645,976.15
60.1,6.6,15.7,1991-12-28,0,28.3,20.3,0.0,5610,973.89
81.5,-0.6,21.1,1991-12-29,0,19.4,14.8,0.0,5575,963.94
108.6,-0.8,29.5,1991-12-30,0,26.2,17.8,0.0,5584,979.08
163.6,23.7,32.8,1991-12-31,0,29.2,29.8,0.0,5621,947.8
84.1,23.9,39.0,1992-01-01,0,14.7,27.6,0.0,5558,989.28
64.0,8.0,33.1,1992-01-02,0,24.3,20.2,0.0,5584,974.11
95.1,-1.4,27.6,1992-01-03,0,34.0,16.7,0.0,5599,946.06
73.7,-6.8,21.5,1992-01-04,0,34.1,18.9,0.0,5603,961.72
48.5,-10.8,15.3,1992-01-05,0,33.4,17.8,0.0,5645,956.5
119.6,-10.8,22.6,1992-01-06,0,36.400000000000006,20.5,0.0,5658,956.5
132.0,-12.0,23.6,1992-01-07,0,38.3,26.9,0.0,5866,981.28
104.0,-1.6,34.2,1992-01-08,0,27.5,19.8,0.0,5668,963.94
142.6,0.2,36.2,1992-01-09,0,22.7,23.8,0.0,5658,958.48
119.4,-3.0,28.6,1992-01-10,0,27.4,21.3,0.0,5668,963.61
58.2,0.0,21.1,1992-01-11,0,29.799999999999997,20.5,0.0,5677,947.71
97.0,15.8,39.1,1992-01-12,0,10.899999999999999,20.8,0.0,5650,973.4
108.7,1.0,24.6,1992-01-13,0,40.5,20.2,0.0,5682,853.07
75.7,0.8,26.9,1992-01-14,0,27.4,21.6,0.0,5682,942.37
97.0,7.8,31.9,1992-01-15,0,22.4,20.8,0.0,5663,947.71
102.8,23.0,37.7,1992-01-16,0,12.8,24.6,0.0,5647,978.53
97.5,-1.0,46.2,1992-01-17,0,-1.2000000000000002,19.6,-22.0,5580,973.31
76.6,-12.2,34.6,1992-01-18,0,21.5,16.1,0.0,5634,925.37
58.2,-14.4,18.9,1992-01-19,0,28.2,15.0,0.0,5643,928.6
118.7,-5.6,39.0,1992-01-20,0,21.299999999999997,19.6,0.0,5643,939.47
131.5,31.3,46.0,1992-01-21,1,8.899999999999999,29.0,0.0,5585,941.6
217.1,30.0,52.0,1992-01-22,0,0.19999999999999996,28.6,110.69999999999999,5577,990.55
202.4,19.0,46.6,1992-01-23,0,43.2,26.6,0.0,5639,638.96
122.6,18.2,36.2,1992-01-24,0,20.5,22.2,0.0,5630,947.59
113.4,3.2,34.6,1992-01-25,0,20.7,24.0,0.0,5677,971.08
105.0,6.6,37.6,1992-01-26,0,14.100000000000001,24.9,0.0,5707,990.52
109.1,3.2,37.0,1992-01-27,0,15.3,24.0,0.0,5684,973.46
93.4,-6.0,40.4,1992-01-28,0,13.399999999999999,23.7,0.0,5681,941.39
115.6,14.6,47.4,1992-01-29,0,6.6000000000000005,20.8,0.0,5623,960.46
66.0,10.8,39.6,1992-01-30,0,8.5,25.9,0.0,5683,968.03
121.3,17.4,49.6,1992-01-31,0,4.7,26.8,0.0,5666,970.69
165.9,27.2,49.2,1992-02-01,0,1.4,24.8,-99.2,5600,996.54
117.1,25.9,48.4,1992-02-02,0,-1.5,25.3,407.59999999999997,5568,962.81
183.9,7.2,49.0,1992-02-03,0,10.8,20.0,0.0,5580,909.44
81.5,14.2,35.3,1992-02-04,0,12.8,16.6,0.0,5618,927.35
197.1,22.4,40.6,1992-02-05,0,19.4,25.3,0.0,5654,944.38
282.2,31.0,52.6,1992-02-06,1,-1.2000000000000002,32.0,0.7000000000000028,5624,975.6
188.5,25.8,43.0,1992-02-07,1,9.1,31.9,0.0,5669,983.11
97.0,12.2,31.3,1992-02-08,0,7.9,25.0,-28.799999999999997,5628,988.08
147.9,24.6,43.6,1992-02-09,0,10.100000000000001,24.6,0.0,5609,952.59
158.3,13.7,41.0,1992-02-10,0,14.3,21.4,0.0,5578,921.52
134.7,8.4,38.6,1992-02-11,0,19.0,18.6,0.0,5579,894.3
176.6,4.8,24.6,1992-02-12,0,30.9,21.5,0.0,5658,955.73
114.5,1.4,21.3,1992-02-13,0,32.3,16.8,0.0,5654,945.21
133.9,11.4,24.7,1992-02-14,0,19.6,22.5,-140.0,5656,978.32
127.7,8.8,26.0,1992-02-15,0,23.1,23.5,0.0,5698,949.51
177.9,16.6,29.6,1992-02-16,0,32.099999999999994,29.6,0.0,5699,918.62
108.6,1.2,29.3,1992-02-17,0,20.4,19.1,0.0,5663,952.65
209.5,9.4,35.6,1992-02-18,0,15.2,27.7,0.0,5662,970.5
73.7,-3.8,22.3,1992-02-19,0,27.0,20.2,0.0,5650,947.71
116.0,0.4,36.4,1992-02-20,1,16.2,23.8,0.0,5638,952.68
267.6,29.8,47.0,1992-02-21,0,14.0,34.9,0.0,5705,946.52
214.1,13.2,44.2,1992-02-22,1,-0.5,32.7,506.20000000000005,5661,982.89
285.7,37.7,51.6,1992-02-23,0,1.4000000000000001,39.3,217.10000000000002,5667,967.67
280.0,36.5,48.6,1992-02-24,1,10.6,43.6,-304.40000000000003,5707,943.31
200.8,28.3,50.6,1992-02-25,0,0.9,21.9,-54.5,5560,921.01
236.1,30.9,56.2,1992-02-26,0,-4.3,22.5,361.7,5564,963.12
48.5,5.8,27.9,1992-02-27,0,11.100000000000001,15.2,0.0,5576,955.61
133.6,11.8,36.4,1992-02-28,0,6.6000000000000005,24.0,-4.1000000000000085,5656,957.11
104.8,14.2,35.0,1992-02-29,0,2.6,27.4,224.2,5698,987.87
81.5,4.8,31.5,1992-03-01,0,4.199999999999999,25.3,-36.3,5743,983.85
126.6,10.6,27.8,1992-03-02,0,15.2,22.3,0.0,5753,948.75
179.5,12.2,29.6,1992-03-03,0,27.8,26.9,0.0,5750,905.11
104.8,6.4,19.5,1992-03-04,0,25.9,25.3,0.0,5757,962.72
116.1,7.8,27.4,1992-03-05,0,22.5,23.9,0.0,5739,943.68
128.2,12.6,30.4,1992-03-06,0,14.5,23.7,-272.40000000000003,5758,939.83
149.0,2.2,26.4,1992-03-07,0,20.7,27.7,0.0,5793,948.53
134.3,15.2,38.6,1992-03-08,0,10.7,20.8,0.0,5707,940.72
123.8,-5.6,30.4,1992-03-09,0,21.5,21.5,0.0,5748,932.33
98.5,-8.4,34.8,1992-03-10,0,6.3999999999999995,25.4,-110.9,5730,969.99
158.9,10.2,35.2,1992-03-11,0,6.1,27.5,18.099999999999994,5742,972.46
58.2,11.2,15.7,1992-03-12,0,2.3999999999999995,28.2,1870.8999999999999,5733,985.21
154.7,21.0,45.2,1992-03-13,0,-2.2,32.5,1923.9,5729,972.4
100.6,7.6,37.4,1992-03-14,0,3.8000000000000003,21.4,-163.2,5740,951.0
170.5,28.4,49.2,1992-03-15,0,-4.3999999999999995,33.1,1491.3999999999999,5747,961.78
400.0,36.0,60.4,1992-03-16,0,2.2,25.5,0.0,5694,843.95
64.9,5.8,34.2,1992-03-17,0,15.2,27.2,0.0,5765,962.57
77.6,10.0,36.9,1992-03-18,0,-4.5,25.7,3.3000000000000003,5716,980.15
196.5,22.6,46.8,1992-03-19,0,-0.10000000000000009,35.2,1652.3,5725,972.43
104.5,21.0,44.0,1992-03-20,0,-2.1,37.8,2184.8,5783,987.69
112.4,23.0,46.2,1992-03-21,0,-1.7999999999999998,33.3,821.1000000000001,5778,956.28
266.3,26.6,53.6,1992-03-22,0,-3.5999999999999996,38.1,1709.8,5790,980.15
112.9,25.0,44.4,1992-03-23,0,-2.8000000000000003,36.3,1563.1000000000001,5775,961.59
208.6,31.8,50.2,1992-03-24,0,-5.0,37.3,3305.5,5765,977.49
162.2,34.1,41.6,1992-03-25,0,4.800000000000001,40.8,503.79999999999995,5816,953.48
695.8,34.8,67.4,1992-03-26,0,-5.8999999999999995,29.3,2358.6,5720,930.77
219.7,21.2,45.4,1992-03-27,0,-6.4,34.2,4098.200000000001,5812,979.87
104.0,17.8,37.2,1992-03-28,0,5.3,25.0,-171.6,5758,956.47
123.5,24.7,45.2,1992-03-29,0,-2.7,26.5,408.2,5769,939.5
251.7,31.6,55.0,1992-03-30,0,-16.5,28.1,3020.7999999999997,5681,939.07
440.9,40.9,60.0,1992-03-31,0,-10.7,37.3,2251.2000000000003,5738,933.12
129.4,24.6,48.4,1992-04-01,0,0.9000000000000001,29.0,-453.09999999999997,5675,865.58
110.5,17.4,41.8,1992-04-02,0,4.2,24.9,-313.2,5724,922.13
177.8,24.0,46.6,1992-04-03,0,-1.7999999999999998,34.1,1341.5,5772,974.9
216.4,29.2,54.2,1992-04-04,0,-3.8000000000000003,29.0,700.3,5755,927.99
214.9,33.9,51.8,1992-04-05,0,-6.7,41.2,3537.6,5756,977.43
132.0,27.8,45.6,1992-04-06,0,-7.199999999999999,36.3,2596.2,5747,972.15
168.9,27.2,44.0,1992-04-07,0,-2.9999999999999996,34.0,1646.8,5788,974.78
147.6,23.0,40.6,1992-04-08,0,-1.7000000000000002,31.0,2231.7,5758,969.59
148.8,21.8,37.4,1992-04-09,0,5.0,34.8,-68.5,5796,953.26
68.8,21.2,39.8,1992-04-10,0,-5.6,27.9,2517.9,5775,961.38
162.8,29.2,45.6,1992-04-11,0,-4.300000000000001,36.9,3801.6000000000004,5773,974.75
162.9,31.1,46.8,1992-04-12,0,-2.6999999999999997,37.5,2832.5,5797,944.47
140.2,25.0,43.6,1992-04-13,0,-5.8,34.0,3259.0,5758,964.04
146.0,26.4,48.0,1992-04-14,0,-5.1,30.8,2815.4,5796,958.54
112.8,18.4,38.4,1992-04-15,1,0.0,37.3,1794.3,5863,961.07
438.3,37.7,59.4,1992-04-16,0,-0.5,40.2,-677.6,5770,848.98
278.8,29.6,51.6,1992-04-17,0,-5.6,38.4,2090.0,5771,969.62
100.0,26.0,50.4,1992-04-18,0,-11.399999999999999,30.7,2869.6,5752,956.1
278.9,32.6,53.6,1992-04-19,0,-5.3,36.4,3308.8,5783,972.24
176.8,28.6,53.4,1992-04-20,0,-12.5,33.9,3854.1000000000004,5773,947.46
119.5,11.0,45.8,1992-04-21,0,1.0,24.7,730.5999999999999,5786,953.41
128.4,23.2,45.0,1992-04-22,1,-4.199999999999999,41.6,3152.2,5858,974.66
135.1,24.4,46.0,1992-04-23,0,-10.1,33.4,4262.5,5740,947.25
258.2,36.5,53.8,1992-04-24,0,-7.5,41.9,2737.8,5791,961.53
164.6,32.9,49.0,1992-04-25,0,1.9,41.6,431.40000000000003,5798,945.05
513.8,45.7,63.8,1992-04-26,0,-8.9,47.8,2906.6,5815,944.63
178.2,31.9,51.0,1992-04-27,1,3.1999999999999997,36.9,-449.09999999999997,5775,896.26
251.5,37.7,55.2,1992-04-28,0,-2.8,37.5,112.40000000000009,5756,871.48
228.6,30.2,54.0,1992-04-29,1,-1.5,32.9,-71.69999999999999,5751,906.33
163.8,32.3,50.6,1992-04-30,1,-5.2,37.9,1405.1999999999998,5746,956.28
276.6,32.2,54.6,1992-05-01,1,-2.6999999999999997,35.0,399.29999999999995,5740,942.36
267.8,38.3,52.0,1992-05-02,1,8.200000000000001,48.4,0.0,5806,962.14
657.1,43.3,60.2,1992-05-03,1,-2.8,51.9,169.79999999999998,5742,977.71
132.5,25.4,49.4,1992-05-04,1,-5.1,31.6,1569.6999999999998,5747,942.28
284.6,36.3,53.0,1992-05-05,1,-7.1,46.6,1709.0,5755,977.46
172.6,16.6,40.2,1992-05-06,0,2.3,29.2,527.4,5773,958.76
137.1,23.2,37.2,1992-05-07,0,0.5,32.9,2163.2,5766,982.53
103.9,19.5,34.4,1992-05-08,0,2.7,31.6,1012.0999999999999,5805,961.35
171.0,23.7,37.0,1992-05-09,0,6.7,41.8,526.2,5857,963.91
200.3,28.6,51.4,1992-05-10,0,-7.6,32.1,2618.2,5826,961.17
318.9,36.3,54.6,1992-05-11,0,-6.6,50.1,2419.2999999999997,5833,958.36
96.4,24.7,42.0,1992-05-12,0,-3.4999999999999996,43.7,2902.6,5827,974.56
50.8,14.8,34.4,1992-05-13,0,0.5,35.0,2340.6,5812,982.53
86.0,23.5,37.2,1992-05-14,0,4.3999999999999995,44.6,2.8999999999999773,5841,944.66
386.9,40.9,57.2,1992-05-15,1,-8.6,52.6,3780.7999999999997,5799,972.12
340.2,36.5,54.8,1992-05-16,0,-5.3999999999999995,46.4,1911.3,5824,935.56
226.1,26.4,45.4,1992-05-17,0,6.3,34.8,-312.5,5810,866.74
195.9,30.4,48.2,1992-05-18,1,-1.5,36.7,1526.1,5785,918.7
167.6,26.4,45.2,1992-05-19,1,-0.2999999999999998,37.4,1306.0,5827,894.62
159.1,24.2,47.6,1992-05-20,1,0.6999999999999997,41.4,39.80000000000001,5817,969.74
268.8,33.9,52.4,1992-05-21,1,0.6999999999999997,47.9,49.700000000000045,5773,964.65
146.5,28.8,49.6,1992-05-22,1,-1.0999999999999996,33.5,11.0,5730,985.43
83.7,24.5,43.6,1992-05-23,0,4.7,35.5,-198.89999999999998,5724,970.23
181.2,28.3,44.2,1992-05-24,1,4.0,45.8,368.70000000000005,5783,969.68
239.1,35.1,50.2,1992-05-25,1,-3.3,47.9,364.5,5874,979.97
187.1,33.3,45.2,1992-05-26,0,1.5,51.8,788.3000000000001,5771,977.52
175.5,28.7,42.6,1992-05-27,0,0.09999999999999964,43.6,1086.6000000000001,5694,987.78
209.7,23.8,41.2,1992-05-28,0,4.7,43.1,-19.1,5794,977.46
150.5,19.0,37.6,1992-05-29,0,3.0000000000000004,38.7,2554.2999999999997,5794,977.34
134.1,14.1,33.6,1992-05-30,0,6.0,41.8,2269.1,5851,963.73
243.7,36.9,49.4,1992-05-31,0,-4.3,52.7,3862.6000000000004,5828,977.16
176.6,31.1,42.0,1992-06-01,0,0.0,49.0,2925.4,5820,967.53
72.7,23.6,41.2,1992-06-02,0,-8.299999999999999,37.7,4460.9,5815,974.44
83.4,23.1,35.6,1992-06-03,0,2.0999999999999996,47.0,2467.1,5878,969.13
64.5,15.2,35.2,1992-06-04,0,-2.3000000000000003,39.6,4458.400000000001,5832,958.18
170.2,30.4,48.6,1992-06-05,0,-4.0,39.2,3899.0,5804,966.6
138.2,25.9,40.8,1992-06-06,0,0.6000000000000005,44.1,1100.0,5834,966.6
189.9,26.8,49.8,1992-06-07,1,-8.899999999999999,41.2,2682.8,5805,944.05
165.9,31.7,47.0,1992-06-08,1,-2.2,47.2,1165.1000000000001,5785,953.14
239.7,39.3,50.6,1992-06-09,0,-7.0,56.3,-1.2000000000000002,5824,995.07
223.6,36.5,46.2,1992-06-10,0,6.1,59.1,-124.6,5816,969.68
262.4,21.8,49.2,1992-06-11,0,-5.199999999999999,51.6,-8.2,5795,974.53
217.5,33.7,43.0,1992-06-12,1,-1.3999999999999995,53.5,-1.700000000000001,5803,961.07
226.0,36.3,47.0,1992-06-13,1,5.2,45.4,1082.7,5814,866.08
179.4,31.1,36.4,1992-06-14,0,16.2,49.6,0.0,5832,878.66
185.9,30.9,41.6,1992-06-15,0,2.1999999999999997,53.4,2326.9,5821,971.97
230.2,29.1,41.0,1992-06-16,1,7.6,46.7,-39.6,5838,913.4
308.0,39.5,46.2,1992-06-17,1,4.5,59.4,1237.8999999999999,5816,894.64
266.1,26.3,40.4,1992-06-18,1,5.4,39.0,-69.1,5778,880.83
236.7,30.4,35.2,1992-06-19,1,8.4,54.4,1660.1000000000001,5837,908.02
228.9,31.4,32.8,1992-06-20,0,17.5,58.3,0.0,5869,921.28
175.1,23.3,32.6,1992-06-21,0,21.200000000000003,38.1,0.0,5812,825.18
283.0,40.8,40.0,1992-06-22,0,6.999999999999999,71.8,1524.5,5851,949.99
291.7,41.2,38.4,1992-06-23,1,9.399999999999999,78.8,1541.8000000000002,5880,947.65
341.6,44.3,49.2,1992-06-24,0,2.0,65.8,3589.7,5823,949.99
222.0,31.5,39.2,1992-06-25,1,11.4,45.7,-164.60000000000002,5767,886.95
248.4,35.9,47.0,1992-06-26,1,-0.09999999999999964,48.5,2236.2999999999997,5812,902.53
264.1,33.9,47.4,1992-06-27,1,-1.2999999999999998,53.5,3257.3999999999996,5808,913.1
228.4,33.5,41.8,1992-06-28,0,9.0,47.4,-76.2,5787,903.29
251.3,36.7,45.0,1992-06-29,1,6.7,56.1,483.8,5838,894.7
188.5,27.1,41.8,1992-06-30,1,8.6,37.8,-210.10000000000002,5799,869.26
193.3,30.3,45.6,1992-07-01,0,0.5999999999999996,47.5,1353.3,5778,966.62
221.1,33.1,39.8,1992-07-02,0,13.0,55.1,0.0,5835,863.08
220.4,32.7,38.2,1992-07-03,0,11.1,51.2,0.0,5842,874.95
231.2,35.5,43.4,1992-07-04,0,8.299999999999999,48.7,-101.80000000000001,5824,875.0
216.9,35.5,45.2,1992-07-05,1,-2.8,53.2,3402.8999999999996,5827,977.13
284.8,38.9,46.2,1992-07-06,0,3.5000000000000004,62.6,726.9,5826,955.73
179.8,33.1,45.8,1992-07-07,1,0.10000000000000009,50.9,1397.2,5787,974.87
211.1,37.1,44.0,1992-07-08,1,1.7999999999999998,49.4,2211.9,5865,871.16
176.4,32.5,43.2,1992-07-09,1,7.799999999999999,46.9,-386.0,5850,866.38
226.7,39.3,48.2,1992-07-10,0,1.3999999999999995,53.3,2529.2,5825,923.62
249.6,35.3,40.8,1992-07-11,0,14.3,54.1,0.0,5864,866.38
304.0,38.1,48.8,1992-07-12,0,0.9000000000000004,61.5,2743.0,5820,979.93
234.6,32.7,40.8,1992-07-13,0,5.6,62.3,1966.7,5841,985.03
214.9,31.5,39.8,1992-07-14,1,5.0,55.9,-12.099999999999998,5831,974.72
265.3,36.6,41.8,1992-07-15,1,7.8999999999999995,63.1,456.90000000000003,5888,969.28
253.7,33.7,42.6,1992-07-16,0,14.0,62.0,0.0,5833,939.35
240.2,36.3,40.0,1992-07-17,1,33.8,67.7,0.0,5864,739.79
224.9,35.9,42.0,1992-07-18,1,18.3,54.2,0.0,5828,832.27
221.1,32.7,36.2,1992-07-19,1,9.4,51.0,56.9,5811,940.7
267.8,40.3,43.0,1992-07-20,0,5.6000000000000005,62.4,1707.8999999999999,5810,947.71
255.4,31.6,34.6,1992-07-21,0,14.5,66.5,0.0,5852,980.0
293.5,33.1,39.6,1992-07-22,1,9.0,60.6,981.8,5849,979.93
219.3,31.1,42.8,1992-07-23,0,6.7,45.7,144.4,5789,892.56
263.5,34.4,37.6,1992-07-24,0,17.6,56.8,0.0,5838,860.04
189.5,31.3,38.2,1992-07-25,0,8.5,45.3,-103.1,5761,883.85
289.9,31.4,36.2,1992-07-26,0,17.1,57.7,0.0,5796,897.97
385.6,38.9,42.2,1992-07-27,0,7.9,62.7,23.1,5767,940.68
322.5,34.2,37.6,1992-07-28,0,9.1,61.8,1755.5,5858,933.31
231.3,30.9,43.8,1992-07-29,1,-0.40000000000000036,57.9,3738.7,5823,985.03
163.9,31.1,44.6,1992-07-30,1,-3.0,44.1,2928.7,5794,982.47
199.3,38.1,44.8,1992-07-31,0,-4.5,65.9,3062.2999999999997,5820,982.35
207.2,30.1,37.4,1992-08-01,1,6.699999999999999,66.1,9.599999999999998,5836,989.58
250.5,35.1,41.6,1992-08-02,0,5.3,64.9,1252.8999999999999,5825,987.63
241.4,36.3,43.8,1992-08-03,0,0.5999999999999996,60.8,2245.6,5793,982.53
83.6,0.8,27.0,1992-08-04,0,7.0,25.5,-54.0,5804,958.66
187.0,23.4,33.8,1992-08-05,1,10.9,55.1,0.0,5862,974.72
222.2,35.9,43.0,1992-08-06,1,1.6,59.9,2142.9,5822,958.42
252.9,36.1,41.4,1992-08-07,0,12.4,68.0,0.0,5862,990.19
303.0,40.2,39.0,1992-08-08,1,14.5,84.6,0.0,5880,979.97
160.4,18.6,32.6,1992-08-09,0,8.200000000000001,40.8,9.899999999999999,5792,958.76
233.9,38.1,42.2,1992-08-10,0,4.199999999999999,65.9,68.5,5832,977.31
237.3,37.9,47.2,1992-08-11,1,-0.7000000000000002,63.7,-38.6,5847,979.87
217.9,34.5,43.8,1992-08-12,1,-2.1999999999999997,53.7,3701.1,5789,971.97
291.8,38.6,44.2,1992-08-13,0,12.0,60.9,-341.5,5882,853.11
268.1,33.1,40.8,1992-08-14,0,9.799999999999999,47.4,137.70000000000002,5831,921.23
321.0,35.0,41.0,1992-08-15,0,7.6,61.6,1045.0,5909,894.04
251.0,37.5,39.6,1992-08-16,1,12.6,56.9,0.0,5846,886.6
271.8,28.8,34.6,1992-08-17,0,13.2,55.3,-5.5,5832,935.9
255.4,29.4,32.2,1992-08-18,0,22.6,57.2,0.0,5825,889.81
273.0,38.7,43.0,1992-08-19,0,7.499999999999999,59.0,10.8,5794,938.31
262.7,34.3,45.0,1992-08-20,0,6.1,47.5,831.3000000000001,5781,886.49
250.0,36.3,39.4,1992-08-21,0,10.299999999999999,57.3,0.5999999999999996,5793,933.59
196.1,22.9,35.2,1992-08-22,0,7.0,48.1,1008.7,5814,972.03
188.0,25.5,35.8,1992-08-23,0,6.199999999999999,48.2,-2.3999999999999986,5838,972.03
172.5,28.1,35.8,1992-08-24,1,4.7,49.8,15.899999999999999,5832,969.31
232.2,32.1,42.2,1992-08-25,1,1.7000000000000002,58.3,-18.8,5857,977.19
212.3,36.5,44.2,1992-08-26,1,4.9,49.9,1463.3,5803,903.05
240.2,39.3,46.8,1992-08-27,0,4.1000000000000005,61.6,2126.6,5861,900.03
237.5,35.5,43.0,1992-08-28,1,9.9,52.1,0.0,5798,881.38
207.7,30.7,38.8,1992-08-29,0,3.4,55.8,2662.6,5842,985.0
209.7,31.1,42.2,1992-08-30,0,0.3000000000000007,55.1,2602.6,5837,985.0
263.1,31.2,39.0,1992-08-31,0,8.100000000000001,64.5,658.4,5881,974.59
227.0,30.7,41.6,1992-09-01,1,1.9,57.9,-6.1,5836,976.58
220.7,32.3,39.0,1992-09-02,0,1.0999999999999996,57.6,2442.1,5812,982.41
280.5,40.7,47.0,1992-09-03,0,2.9,67.3,792.9,5826,982.56
248.0,37.3,43.6,1992-09-04,1,5.300000000000001,65.6,801.1999999999999,5840,985.06
192.2,32.1,39.2,1992-09-05,1,5.9,56.0,639.5,5849,979.9
201.0,31.3,38.4,1992-09-06,1,4.699999999999999,53.8,865.8,5825,985.06
273.3,33.7,41.8,1992-09-07,0,6.1,62.6,422.70000000000005,5863,979.93
245.7,33.5,42.0,1992-09-08,0,10.2,50.8,-76.9,5825,926.34
257.3,37.1,44.2,1992-09-09,0,6.6,54.2,256.70000000000005,5865,902.94
256.3,35.1,45.8,1992-09-10,0,1.8999999999999995,61.1,1469.2,5855,979.87
266.7,38.5,42.0,1992-09-11,0,7.800000000000001,73.1,151.3,5830,987.63
260.7,39.3,42.0,1992-09-12,0,3.1,70.3,1843.6,5839,982.47
235.7,27.7,41.2,1992-09-13,0,2.5000000000000004,60.8,1210.5,5825,982.47
221.0,32.0,38.4,1992-09-14,0,9.6,60.9,-96.1,5866,985.03
149.0,23.4,43.4,1992-09-15,0,-2.5,36.6,2595.7000000000003,5752,966.84
197.5,31.1,40.6,1992-09-16,0,5.1,50.6,957.2,5811,950.15
223.5,34.5,41.4,1992-09-17,1,7.0,51.0,-73.3,5847,964.0
165.8,25.1,34.8,1992-09-18,0,8.1,42.8,105.3,5801,972.18
147.2,17.2,33.4,1992-09-19,0,5.8999999999999995,35.8,-52.0,5817,941.39
211.0,32.3,43.2,1992-09-20,0,0.3000000000000007,41.9,615.5,5792,961.29
360.2,36.3,54.2,1992-09-21,0,-5.4,58.0,1365.1000000000001,5819,963.91
175.5,28.7,38.4,1992-09-22,0,3.6999999999999997,45.1,696.0,5811,972.09
232.6,33.3,44.4,1992-09-23,1,4.5,50.7,1045.4,5853,964.0
216.9,35.9,45.8,1992-09-24,1,-0.9000000000000004,57.5,1964.3,5811,979.93
292.4,40.5,47.0,1992-09-25,1,2.7,70.4,1385.3999999999999,5833,982.5
233.9,32.1,41.0,1992-09-26,1,8.899999999999999,64.7,0.0,5850,985.15
304.6,38.1,43.2,1992-09-27,1,10.8,74.0,0.0,5875,977.4
263.6,38.1,46.6,1992-09-28,0,1.1999999999999997,60.8,1381.5,5815,969.41
226.1,34.9,44.2,1992-09-29,0,10.8,48.4,0.0,5792,961.93
172.6,28.7,42.2,1992-09-30,0,0.8000000000000003,46.1,3212.2,5762,974.87
139.9,21.2,34.8,1992-10-01,1,3.6999999999999997,40.0,2769.2,5786,995.49
162.8,29.5,39.2,1992-10-02,1,3.8000000000000003,42.1,574.1,5812,972.03
166.6,28.6,43.2,1992-10-03,0,3.0999999999999996,42.9,560.5,5798,944.47
163.3,29.7,38.6,1992-10-04,1,6.6,46.7,477.5,5817,966.81
206.6,34.3,43.6,1992-10-05,1,2.7,54.5,1796.6000000000001,5822,979.93
172.0,33.1,46.8,1992-10-06,0,1.6999999999999997,44.1,430.90000000000003,5785,967.03
250.3,38.7,52.6,1992-10-07,0,-8.1,47.8,4769.7,5736,982.59
217.8,36.3,47.0,1992-10-08,0,0.3000000000000007,50.7,1992.2,5780,982.56
227.5,35.7,49.4,1992-10-09,1,-5.1,50.5,1892.7,5766,969.56
186.0,32.1,43.0,1992-10-10,0,4.6000000000000005,51.2,151.00000000000003,5816,966.9
160.1,26.5,38.6,1992-10-11,1,4.699999999999999,47.6,202.5,5786,972.24
136.1,21.2,38.0,1992-10-12,1,3.3,39.3,1149.0,5793,964.19
219.8,32.1,40.2,1992-10-13,0,5.3,54.2,723.9000000000001,5816,979.97
259.7,37.9,47.0,1992-10-14,0,1.9000000000000004,58.8,1275.2,5850,961.2
327.6,30.8,55.6,1992-10-15,0,-11.4,38.5,1071.7,5761,969.41
188.5,29.5,40.0,1992-10-16,0,2.9,39.1,139.7,5763,980.03
62.2,15.6,37.4,1992-10-17,0,-5.4,30.8,1094.8,5713,977.49
23.3,11.8,26.7,1992-10-18,0,10.1,25.9,-121.99999999999999,5770,953.54
170.0,19.4,34.8,1992-10-19,0,12.2,40.2,-59.3,5793,972.27
156.5,27.5,38.6,1992-10-20,0,3.3999999999999995,42.3,828.4,5743,961.72
221.8,31.7,41.8,1992-10-21,0,10.6,42.2,0.0,5753,927.87
226.2,28.5,35.2,1992-10-22,0,18.4,46.5,0.0,5795,980.3
95.1,-3.6,26.6,1992-10-23,0,18.799999999999997,26.2,0.0,5742,948.65
148.9,26.4,38.2,1992-10-24,0,8.7,33.9,-45.10000000000001,5731,959.37
121.5,9.5,23.8,1992-10-25,0,23.700000000000003,33.6,0.0,5792,953.93
170.9,23.2,39.0,1992-10-26,0,15.9,32.0,0.0,5747,957.02
97.9,-12.4,28.2,1992-10-27,0,19.4,25.7,0.0,5728,948.93
34.9,-13.8,26.7,1992-10-28,0,13.600000000000001,21.8,0.0,5709,956.99
161.1,31.1,41.2,1992-10-29,0,9.5,39.8,-103.5,5738,934.01
230.9,31.4,47.0,1992-10-30,0,9.1,46.2,0.0,5810,939.29
111.2,28.6,47.2,1992-10-31,0,-0.5,33.0,1012.0999999999999,5710,956.53
155.7,24.4,41.6,1992-11-01,0,10.600000000000001,38.4,-249.8,5778,978.86
120.4,20.8,34.6,1992-11-02,0,8.3,35.6,16.60000000000001,5743,964.58
52.4,14.6,29.7,1992-11-03,0,7.5,24.0,-141.9,5748,951.0
174.7,30.3,34.8,1992-11-04,0,20.4,45.8,0.0,5858,948.23
36.9,13.8,28.5,1992-11-05,0,14.6,22.6,0.0,5742,925.55
54.9,17.4,31.4,1992-11-06,0,11.3,24.5,0.0,5708,925.28
203.0,32.5,45.6,1992-11-07,0,12.100000000000001,44.8,0.0,5812,939.83
122.9,0.8,33.4,1992-11-08,0,18.4,29.3,0.0,5752,926.1
64.0,-1.0,28.1,1992-11-09,0,19.5,20.0,0.0,5729,917.56
141.6,3.6,42.2,1992-11-10,0,9.899999999999999,26.5,0.0,5700,932.21
65.7,1.4,38.8,1992-11-11,0,6.699999999999999,20.6,0.0,5669,946.27
94.8,8.6,40.8,1992-11-12,0,9.6,26.7,0.0,5713,940.66
211.1,29.4,51.6,1992-11-13,0,1.3,34.2,-105.7,5689,962.33
168.8,36.1,47.6,1992-11-14,0,5.1,36.8,-86.29999999999998,5689,962.27
125.6,22.0,42.2,1992-11-15,0,11.4,29.1,0.0,5714,943.31
75.4,19.8,40.6,1992-11-16,0,7.4,23.4,0.0,5673,926.04
46.6,12.2,32.3,1992-11-17,0,11.3,20.4,0.0,5705,937.76
33.0,22.9,33.7,1992-11-18,0,7.699999999999999,33.6,0.0,5713,897.17
42.7,20.5,21.9,1992-11-19,0,19.3,44.8,0.0,5773,931.66
79.9,17.6,35.4,1992-11-20,0,16.3,33.2,0.0,5739,954.57
144.9,13.6,36.8,1992-11-21,0,14.2,29.0,0.0,5709,954.48
112.0,12.0,31.4,1992-11-22,0,21.6,25.6,0.0,5765,943.68
105.6,12.0,34.2,1992-11-23,0,14.9,23.7,0.0,5694,943.53
149.1,16.4,35.0,1992-11-24,0,12.899999999999999,28.5,0.0,5688,951.71
78.5,6.8,33.2,1992-11-25,0,11.2,23.8,0.0,5673,951.95
112.7,9.6,34.0,1992-11-26,0,21.2,27.1,0.0,5710,962.97
40.7,7.8,26.7,1992-11-27,0,17.1,20.2,0.0,5660,941.18
111.4,10.2,31.8,1992-11-28,0,22.7,25.0,0.0,5668,965.77
179.6,12.2,31.2,1992-11-29,0,25.5,31.2,0.0,5716,962.84
204.6,24.4,37.6,1992-11-30,0,17.5,34.4,0.0,5727,970.35
207.4,17.8,40.6,1992-12-01,0,17.3,38.6,0.0,5725,1010.21
167.5,13.8,42.0,1992-12-02,0,8.4,31.2,3.0999999999999996,5691,997.63
205.2,18.6,52.6,1992-12-03,0,-3.8,24.2,298.9,5591,980.76
114.3,16.6,43.6,1992-12-04,0,4.5,24.9,-121.0,5647,970.5
117.6,27.2,47.6,1992-12-05,0,1.3,24.8,-39.8,5589,952.16
76.6,10.0,29.6,1992-12-06,0,17.4,26.3,0.0,5675,949.51
56.3,9.4,24.9,1992-12-07,0,22.5,19.8,0.0,5639,944.78
60.6,6.2,28.6,1992-12-08,0,22.3,23.5,0.0,5722,960.59
52.4,5.4,21.9,1992-12-09,0,27.0,22.1,0.0,5748,941.79
116.3,4.4,31.8,1992-12-10,0,27.3,26.8,0.0,5774,947.04
64.0,2.4,26.1,1992-12-11,0,24.700000000000003,21.8,0.0,5707,952.65
60.1,0.6,21.7,1992-12-12,0,28.2,14.9,0.0,5692,958.36
71.8,-7.6,24.9,1992-12-13,0,23.5,14.8,0.0,5683,952.96
70.2,-7.2,31.4,1992-12-14,0,23.0,17.2,0.0,5671,955.61
58.2,-6.4,32.1,1992-12-15,0,24.2,17.0,0.0,5670,931.05
52.4,-3.2,24.1,1992-12-16,0,22.700000000000003,12.5,0.0,5657,913.1
66.0,-5.4,30.7,1992-12-17,0,27.0,16.6,0.0,5701,958.54
81.7,-3.2,33.6,1992-12-18,0,25.2,16.7,0.0,5659,916.12
68.7,-6.2,28.4,1992-12-19,0,33.5,18.7,0.0,5725,950.58
77.9,-4.6,33.6,1992-12-20,0,20.5,19.8,0.0,5640,958.33
54.3,6.6,40.3,1992-12-21,0,9.100000000000001,15.2,0.0,5601,939.32
67.9,11.0,44.9,1992-12-22,0,11.0,18.5,0.0,5620,953.05
242.2,16.0,53.8,1992-12-23,0,-0.7999999999999999,23.1,-210.6,5604,973.43
73.7,14.2,42.7,1992-12-24,0,9.600000000000001,15.2,0.0,5639,936.2
34.9,2.0,31.7,1992-12-25,0,16.1,12.6,0.0,5657,933.82
127.9,17.6,46.2,1992-12-26,0,9.4,20.7,0.0,5623,952.84
64.0,5.2,31.3,1992-12-27,0,14.5,18.4,0.0,5642,944.17
117.9,3.0,35.4,1992-12-28,0,18.9,21.9,0.0,5656,944.53
69.7,3.2,27.0,1992-12-29,0,25.6,20.7,0.0,5671,938.95
164.5,14.6,42.2,1992-12-30,0,14.100000000000001,26.0,0.0,5678,973.4
98.9,5.0,32.9,1992-12-31,0,14.8,22.5,0.0,5660,965.77
73.7,-4.8,23.0,1993-01-01,0,34.9,17.6,0.0,5725,1006.13
127.6,9.8,31.0,1993-01-02,0,26.4,23.7,0.0,5699,978.59
166.4,21.8,39.4,1993-01-03,0,22.9,29.1,0.0,5707,955.31
137.3,18.8,34.4,1993-01-04,0,12.299999999999999,24.2,0.0,5702,980.58
168.1,21.8,44.8,1993-01-05,0,12.2,28.6,0.0,5680,960.34
186.5,18.8,43.2,1993-01-06,0,15.3,30.4,0.0,5693,960.46
135.2,16.6,42.4,1993-01-07,0,7.0,26.0,0.0,5654,980.73
158.4,29.6,48.0,1993-01-08,0,0.7000000000000002,33.1,-161.29999999999998,5695,985.52
257.8,24.4,53.4,1993-01-09,0,-5.1,27.8,884.8,5662,983.02
170.1,20.0,35.6,1993-01-10,0,18.7,33.4,0.0,5688,965.53
71.7,10.4,35.4,1993-01-11,0,13.7,22.0,0.0,5635,975.97
163.7,19.4,40.8,1993-01-12,1,8.6,26.0,0.0,5623,957.66
256.4,28.6,48.4,1993-01-13,0,12.6,34.7,0.0,5671,970.78
108.5,9.8,37.6,1993-01-14,0,19.799999999999997,17.7,0.0,5598,910.57
87.3,3.8,25.9,1993-01-15,0,30.9,19.8,0.0,5672,953.41
132.6,5.0,27.0,1993-01-16,0,30.2,22.8,0.0,5662,947.8
193.6,11.4,32.4,1993-01-17,0,29.5,26.5,0.0,5710,976.09
102.2,16.0,30.8,1993-01-18,0,22.1,19.7,0.0,5618,927.75
133.8,-16.0,20.6,1993-01-19,0,40.5,20.5,0.0,5719,925.0
97.5,-19.2,16.0,1993-01-20,0,43.099999999999994,17.6,0.0,5646,901.75
110.6,-21.2,9.7,1993-01-21,0,43.3,12.5,0.0,5635,932.21
126.1,3.0,16.3,1993-01-22,0,43.0,20.2,0.0,5668,940.2
95.1,-15.2,21.3,1993-01-23,0,36.400000000000006,16.7,0.0,5669,937.36
89.2,-3.0,16.7,1993-01-24,0,41.9,18.0,0.0,5696,931.78
106.7,-6.2,9.5,1993-01-25,0,42.0,14.5,0.0,5711,934.52
110.6,-2.4,18.7,1993-01-26,0,32.2,12.6,0.0,5678,881.64
110.6,-2.6,17.1,1993-01-27,0,39.0,15.7,0.0,5675,919.88
91.2,-1.2,7.1,1993-01-28,0,39.0,10.5,0.0,5626,914.69
72.1,5.4,31.4,1993-01-29,0,29.3,21.7,0.0,5698,934.13
71.8,6.0,38.1,1993-01-30,0,9.3,23.6,0.0,5649,952.41
54.3,3.0,36.1,1993-01-31,0,10.6,24.5,0.0,5641,975.81
138.8,28.0,49.4,1993-02-01,0,4.300000000000001,29.5,0.0,5612,945.42
85.3,-6.2,37.6,1993-02-02,0,17.2,21.1,0.0,5646,938.83
93.1,-10.6,32.0,1993-02-03,0,23.5,28.3,0.0,5741,941.18
60.1,0.2,39.9,1993-02-04,0,12.7,14.7,0.0,5599,924.91
108.1,16.8,43.2,1993-02-05,0,11.9,18.3,0.0,5609,936.14
120.0,10.0,36.8,1993-02-06,0,20.1,24.5,0.0,5730,941.33
55.6,3.4,27.8,1993-02-07,0,25.0,21.9,0.0,5731,947.07
120.8,3.6,32.2,1993-02-08,0,22.5,26.5,0.0,5764,968.03
135.3,7.0,32.2,1993-02-09,0,22.3,29.7,0.0,5754,970.57
128.2,7.9,20.0,1993-02-10,0,31.900000000000002,32.3,0.0,5778,949.11
64.6,8.4,24.0,1993-02-11,0,24.5,29.2,0.0,5760,962.69
136.2,13.4,33.2,1993-02-12,0,21.4,29.3,0.0,5752,967.82
195.1,24.8,41.0,1993-02-13,0,9.2,35.4,-223.0,5762,969.99
178.0,13.6,38.2,1993-02-14,0,9.1,26.4,0.0,5752,970.02
101.2,-2.2,40.4,1993-02-15,0,3.8,18.7,-267.40000000000003,5700,954.36
107.5,13.6,32.4,1993-02-16,0,11.6,25.5,0.0,5729,970.23
102.5,21.4,44.4,1993-02-17,0,-6.9,25.9,2123.0,5688,977.62
239.5,25.2,55.4,1993-02-18,0,-17.6,27.8,1457.3,5702,972.4
163.1,21.6,45.8,1993-02-19,0,-5.6000000000000005,34.4,784.5,5711,982.74
178.4,25.0,39.6,1993-02-20,0,12.5,34.7,0.0,5727,954.3
171.1,24.8,42.4,1993-02-21,0,19.2,27.6,0.0,5673,885.85
83.4,19.0,38.9,1993-02-22,0,14.7,16.9,0.0,5605,903.31
60.1,15.2,23.9,1993-02-23,0,18.799999999999997,9.3,0.0,5556,908.04
60.1,10.4,29.3,1993-02-24,0,22.6,20.4,0.0,5666,936.39
67.7,18.4,37.8,1993-02-25,0,10.0,24.8,0.0,5649,968.15
160.1,23.8,42.6,1993-02-26,0,7.800000000000001,31.3,0.0,5709,970.32
122.5,23.1,37.6,1993-02-27,0,7.800000000000001,32.5,-151.5,5725,970.11
132.8,24.8,46.6,1993-02-28,0,6.4,26.2,0.0,5646,901.66
112.4,23.2,43.6,1993-03-01,0,7.5,26.5,-281.59999999999997,5649,988.37
179.8,25.8,47.4,1993-03-02,0,11.5,30.1,0.0,5690,952.22
164.0,17.0,41.0,1993-03-03,0,13.5,25.8,0.0,5678,929.37
156.7,22.6,41.2,1993-03-04,0,15.8,28.5,0.0,5720,923.48
171.3,17.2,38.8,1993-03-05,0,12.399999999999999,29.8,0.0,5703,925.89
108.5,19.2,36.4,1993-03-06,0,15.6,27.9,0.0,5728,920.06
96.0,-5.8,35.6,1993-03-07,0,17.799999999999997,20.6,0.0,5714,923.69
56.3,-6.2,40.9,1993-03-08,0,13.5,15.9,0.0,5676,902.66
72.3,-10.0,39.2,1993-03-09,0,15.8,18.0,0.0,5716,917.62
56.5,-6.0,41.2,1993-03-10,0,10.1,18.6,0.0,5694,926.44
165.7,2.0,50.4,1993-03-11,0,5.3999999999999995,24.0,0.0,5723,900.59
159.5,30.2,49.8,1993-03-12,0,6.8,30.9,0.0,5723,922.9
117.7,26.8,47.0,1993-03-13,0,-2.2,29.3,283.3,5696,930.89
109.3,24.6,43.8,1993-03-14,0,-4.1,27.2,602.8,5743,980.15
110.6,22.8,36.7,1993-03-15,0,-2.2,27.9,545.1,5701,947.98
124.7,17.0,37.8,1993-03-16,0,8.1,25.8,-248.1,5732,951.28
195.8,20.6,36.6,1993-03-17,0,19.9,28.5,0.0,5773,913.41
122.7,-3.8,7.5,1993-03-18,0,33.599999999999994,11.3,0.0,5766,820.11
73.7,10.2,38.1,1993-03-19,0,7.5,15.9,0.0,5679,926.22
209.1,26.0,45.2,1993-03-20,0,0.10000000000000009,42.6,857.4,5753,961.69
285.3,25.8,53.8,1993-03-21,0,-2.0,31.7,1063.3999999999999,5721,959.4
249.7,22.0,49.8,1993-03-22,1,5.8999999999999995,37.5,-351.5,5766,975.3
282.8,36.5,50.2,1993-03-23,0,-3.4,47.5,2005.3,5744,974.93
203.8,24.0,44.2,1993-03-24,1,9.0,42.8,0.0,5777,985.37
304.6,31.3,43.6,1993-03-25,1,6.1,45.5,220.99999999999997,5765,972.55
243.4,34.3,47.8,1993-03-26,0,3.7,45.6,388.0,5722,990.31
218.2,25.5,40.6,1993-03-27,0,10.7,40.9,0.0,5785,969.99
60.1,4.2,28.3,1993-03-28,0,15.0,23.6,0.0,5728,916.7
66.0,-1.2,16.1,1993-03-29,0,21.8,14.2,0.0,5718,920.49
67.9,7.2,22.1,1993-03-30,0,16.7,16.3,0.0,5697,926.32
85.4,0.0,20.5,1993-03-31,0,22.0,19.1,0.0,5804,934.68
133.0,24.8,41.8,1993-04-01,0,2.4,34.4,828.9,5737,986.46
71.8,17.6,31.3,1993-04-02,0,-1.7999999999999998,23.3,1443.2,5740,950.61
50.4,21.3,31.1,1993-04-03,0,0.0,30.4,1322.0,5743,964.31
106.0,24.6,47.0,1993-04-04,0,-4.8,29.1,2038.1999999999998,5755,947.65
31.0,11.6,33.7,1993-04-05,0,8.899999999999999,20.5,0.0,5748,896.8
110.9,23.8,40.6,1993-04-06,1,3.5999999999999996,32.8,37.0,5765,921.31
158.2,24.0,46.4,1993-04-07,1,7.1,30.0,-698.9,5796,871.48
162.3,30.7,42.6,1993-04-08,0,8.399999999999999,35.7,0.0,5760,853.23
95.1,12.2,45.7,1993-04-09,0,0.0,20.5,-557.7,5747,883.07
228.2,30.6,50.8,1993-04-10,0,-4.2,35.8,2314.4,5723,958.94
311.3,36.9,53.4,1993-04-11,1,-7.2,44.5,0.20000000000000018,5748,980.0
149.0,22.0,48.6,1993-04-12,1,6.1000000000000005,27.6,0.0,5747,925.61
128.3,27.3,42.2,1993-04-13,0,8.2,37.0,0.0,5742,951.52
201.6,31.0,46.8,1993-04-14,0,2.3,41.1,1331.6,5725,977.71
136.8,20.6,35.8,1993-04-15,0,6.9,39.4,130.7,5753,980.18
197.5,23.6,40.2,1993-04-16,0,2.8999999999999995,36.9,1415.1,5779,966.81
211.4,30.7,40.8,1993-04-17,0,4.300000000000001,46.3,1574.0,5809,966.75
219.7,32.6,49.8,1993-04-18,0,-6.2,39.8,3714.4,5760,964.04
166.0,24.6,42.6,1993-04-19,0,0.5,42.9,2166.1,5817,961.17
132.4,24.8,44.6,1993-04-20,0,-2.8,39.6,2323.2999999999997,5810,982.5
228.2,28.8,52.4,1993-04-21,0,-6.1,38.0,2335.8,5772,980.06
120.4,21.2,41.8,1993-04-22,1,-3.6,35.9,1680.6,5785,982.53
483.6,37.4,61.2,1993-04-23,1,-14.3,46.7,5282.599999999999,5750,977.34
142.8,17.8,39.2,1993-04-24,0,2.2,36.6,1123.7,5792,982.62
149.9,28.1,47.4,1993-04-25,0,2.3000000000000003,37.0,4.100000000000023,5784,942.37
225.9,29.7,50.8,1993-04-26,0,-2.3,40.1,428.70000000000005,5796,956.25
182.2,25.0,45.6,1993-04-27,1,-2.5,44.2,1339.5,5830,977.31
369.5,34.3,55.0,1993-04-28,1,-6.7,49.7,2039.3,5842,974.59
224.6,25.2,50.6,1993-04-29,0,5.0,39.0,-342.5,5796,959.27
190.4,30.1,44.2,1993-04-30,0,4.1,39.9,-120.30000000000001,5787,977.65
244.2,27.2,44.6,1993-05-01,0,1.2000000000000002,48.5,1687.8999999999999,5834,987.56
276.0,34.3,50.0,1993-05-02,0,1.9000000000000004,51.2,646.5,5804,969.56
190.9,27.3,43.2,1993-05-03,0,-2.9000000000000004,49.0,3381.2,5837,971.88
266.8,33.5,45.0,1993-05-04,0,1.0999999999999996,54.8,1947.5,5896,955.4
240.9,30.3,48.2,1993-05-05,0,1.2999999999999998,42.1,2565.6,5898,913.15
306.7,29.9,51.0,1993-05-06,0,-3.9,51.0,2751.0,5896,971.82
389.0,23.0,50.0,1993-05-07,0,-3.1999999999999997,48.3,1701.8,5863,979.87
347.8,24.6,53.6,1993-05-08,1,-3.5999999999999996,44.4,2444.7,5832,977.34
231.7,33.1,48.2,1993-05-09,0,1.0,51.5,1798.4,5864,985.0
191.3,21.4,42.0,1993-05-10,1,9.0,34.1,-336.2,5785,959.27
202.9,36.5,45.4,1993-05-11,0,-3.8999999999999995,51.2,-11.6,5817,971.91
140.3,27.8,46.6,1993-05-12,0,-2.4,40.0,1206.6,5835,969.41
161.5,29.1,37.8,1993-05-13,0,7.000000000000001,59.1,324.4,5956,946.91
265.9,30.8,51.2,1993-05-14,1,2.3000000000000003,43.0,463.6,5824,956.1
121.3,18.0,38.0,1993-05-15,0,1.9,37.9,1075.1000000000001,5850,950.03
288.4,32.9,52.0,1993-05-16,0,-8.100000000000001,47.2,2507.3999999999996,5814,947.07
510.2,44.9,60.2,1993-05-17,1,-1.7999999999999998,59.3,986.3,5827,967.06
335.5,34.5,52.2,1993-05-18,0,-7.1000000000000005,51.6,-18.400000000000002,5814,952.71
202.7,23.8,48.0,1993-05-19,0,0.8999999999999999,37.8,817.0,5750,987.75
140.3,28.3,43.6,1993-05-20,0,-1.5000000000000004,47.4,1565.8,5844,979.9
244.2,36.7,47.2,1993-05-21,0,4.2,55.7,576.6,5816,966.78
180.3,26.5,42.0,1993-05-22,0,11.299999999999999,42.9,0.0,5840,950.7
192.0,35.1,49.8,1993-05-23,0,-5.9,45.7,-7.1,5789,977.31
190.4,32.3,47.8,1993-05-24,1,-1.5999999999999996,45.7,-5.2,5819,979.93
267.0,36.7,51.2,1993-05-25,1,0.5999999999999996,54.3,642.2,5847,947.34
277.9,40.9,47.2,1993-05-26,1,5.7,65.0,810.2,5815,982.59
181.9,28.1,38.6,1993-05-27,0,9.5,52.7,0.0,5845,974.87
220.7,32.7,38.2,1993-05-28,0,10.1,60.3,0.0,5857,979.97
245.7,40.1,49.8,1993-05-29,1,-6.9,51.9,6164.599999999999,5785,945.34
244.2,35.3,39.8,1993-05-30,0,12.8,55.2,0.0,5783,918.92
229.4,34.5,42.4,1993-05-31,1,8.0,48.7,139.39999999999998,5804,880.83
260.5,40.9,47.6,1993-06-01,0,-3.0999999999999996,67.8,6.1000000000000005,5847,985.85
245.4,31.4,38.4,1993-06-02,0,12.799999999999999,58.2,0.0,5866,982.59
271.3,39.3,47.2,1993-06-03,1,3.5,52.1,1669.5,5843,877.42
296.0,35.8,41.8,1993-06-04,0,7.2,60.9,357.09999999999997,5885,969.16
283.1,36.3,48.4,1993-06-05,1,-0.5,59.2,1787.6999999999998,5878,977.19
245.6,35.1,47.6,1993-06-06,0,-5.9,48.3,4053.6,5880,935.68
191.5,31.3,41.4,1993-06-07,0,7.6,45.5,186.5,5835,862.48
252.1,31.5,44.4,1993-06-08,0,2.0,56.5,1074.0,5863,971.91
267.9,29.5,46.4,1993-06-09,1,1.5000000000000004,59.3,1386.0,5842,979.87
213.1,26.6,45.6,1993-06-10,1,-0.9000000000000004,52.4,2407.5,5869,974.5
251.1,38.3,42.8,1993-06-11,1,6.199999999999999,53.0,-187.6,5816,944.81
217.7,29.3,46.4,1993-06-12,0,-3.0,38.3,2511.2,5758,886.21
291.8,36.7,46.4,1993-06-13,0,5.6000000000000005,52.5,692.0,5821,947.71
250.7,33.1,39.6,1993-06-14,1,3.7,57.0,73.2,5845,992.6
299.8,35.7,42.0,1993-06-15,0,6.300000000000001,62.8,15.2,5852,938.29
307.9,37.2,34.8,1993-06-16,0,15.5,53.0,39.3,5870,949.99
347.1,42.5,49.4,1993-06-17,0,3.8,57.3,0.0,5762,947.68
359.3,38.7,43.0,1993-06-18,0,5.1,59.1,708.6,5762,949.99
330.7,36.0,38.0,1993-06-19,0,13.700000000000001,66.9,-162.7,5884,902.72
231.6,31.0,35.0,1993-06-20,0,16.1,59.8,0.0,5875,877.67
213.0,32.5,37.8,1993-06-21,1,13.7,55.2,0.0,5865,869.13
299.5,42.4,42.0,1993-06-22,1,9.3,61.4,140.5,5865,979.78
234.6,32.8,34.8,1993-06-23,0,16.9,59.5,0.0,5847,886.71
296.2,38.9,43.4,1993-06-24,0,7.499999999999999,60.8,-26.200000000000003,5836,915.9
263.0,33.4,34.8,1993-06-25,1,16.099999999999998,63.9,0.0,5823,916.09
296.5,37.0,40.2,1993-06-26,0,7.699999999999999,61.0,12.900000000000002,5857,930.92
263.1,32.4,37.4,1993-06-27,0,6.700000000000001,64.0,1090.3,5855,984.97
287.0,38.4,39.6,1993-06-28,0,10.0,78.3,899.9,5906,979.78
260.5,35.6,35.6,1993-06-29,0,12.3,63.5,838.0,5900,945.34
254.7,41.9,46.8,1993-06-30,0,0.5999999999999996,59.5,4252.1,5839,942.96
283.7,39.5,48.2,1993-07-01,1,5.6000000000000005,73.5,-116.60000000000001,5848,971.75
242.2,41.5,48.8,1993-07-02,0,0.5999999999999996,54.4,2384.1,5824,945.34
236.0,34.7,38.8,1993-07-03,0,6.3999999999999995,67.1,1197.2,5857,985.0
277.1,38.1,41.4,1993-07-04,1,6.199999999999999,69.3,-20.1,5883,992.57
272.2,42.3,45.8,1993-07-05,1,2.9000000000000004,73.2,-61.4,5870,971.94
284.1,41.9,47.6,1993-07-06,0,2.1000000000000005,62.3,2009.5,5829,897.2
248.0,39.7,41.8,1993-07-07,0,4.5,60.0,2664.3999999999996,5773,945.37
261.0,32.6,39.0,1993-07-08,1,8.399999999999999,59.5,1636.3,5865,925.93
247.0,35.7,45.2,1993-07-09,1,3.6,51.1,1623.0,5765,938.34
251.3,37.3,43.0,1993-07-10,1,7.0,58.7,1340.3,5815,918.54
268.1,36.5,42.2,1993-07-11,0,7.4,59.8,19.2,5795,950.01
281.1,39.9,43.4,1993-07-12,0,4.4,61.3,4383.2,5811,949.99
326.5,36.4,41.4,1993-07-13,0,7.999999999999999,66.2,3.5,5836,947.68
293.0,34.0,38.4,1993-07-14,0,12.1,57.8,-14.699999999999989,5780,923.7
303.3,32.8,37.0,1993-07-15,1,20.3,58.8,0.0,5820,866.38
338.4,40.7,41.8,1993-07-16,1,9.9,66.9,0.0,5833,950.01
304.0,41.7,46.8,1993-07-17,0,4.5,69.3,-37.800000000000004,5862,982.5
247.6,36.1,41.6,1993-07-18,0,2.9,70.3,1982.1999999999998,5863,979.75
271.3,38.2,42.6,1993-07-19,0,6.1,66.6,466.7,5914,971.82
311.2,43.3,46.8,1993-07-20,1,4.9,73.3,514.0,5884,969.16
321.5,45.5,48.2,1993-07-21,1,-0.6999999999999993,78.8,2638.1,5871,952.47
276.0,37.7,43.4,1993-07-22,1,1.4999999999999996,64.1,2340.7999999999997,5816,940.99
315.8,37.1,41.0,1993-07-23,0,4.5,70.3,2465.6,5822,995.07
231.8,33.4,34.6,1993-07-24,0,13.7,64.8,-116.7,5847,913.48
259.0,32.9,38.8,1993-07-25,0,11.8,56.0,20.9,5824,949.99
271.0,32.6,36.4,1993-07-26,1,14.7,62.0,-106.4,5905,920.95
241.8,32.7,42.6,1993-07-27,0,5.4,51.2,-20.400000000000002,5855,935.87
234.6,33.3,42.2,1993-07-28,0,4.1000000000000005,49.6,67.0,5812,933.51
238.5,29.5,41.4,1993-07-29,0,7.699999999999999,47.7,51.19999999999999,5829,933.56
267.2,30.1,41.8,1993-07-30,0,9.8,53.6,-2.4,5818,938.31
260.5,30.0,33.6,1993-07-31,0,12.9,57.7,67.8,5841,949.99
299.2,38.3,41.8,1993-08-01,0,5.2,66.3,3226.9,5785,980.12
348.8,36.8,40.8,1993-08-02,0,7.299999999999999,69.2,1481.3999999999999,5887,949.99
316.8,41.6,42.0,1993-08-03,0,10.6,84.1,70.70000000000002,5911,985.03
300.1,39.0,40.4,1993-08-04,0,8.2,69.6,1299.8000000000002,5885,938.23
278.5,36.1,40.4,1993-08-05,0,9.299999999999999,68.2,-13.300000000000004,5840,987.63
251.6,35.3,40.6,1993-08-06,0,9.0,66.1,-73.0,5830,980.06
293.0,33.7,47.0,1993-08-07,1,1.9999999999999996,54.8,1281.3,5842,966.63
237.3,30.1,36.2,1993-08-08,1,10.200000000000001,48.7,-90.7,5791,877.72
311.7,39.8,38.0,1993-08-09,0,11.9,74.1,2965.2,5802,949.99
270.3,39.9,44.8,1993-08-10,1,0.40000000000000036,52.9,2915.8,5728,933.42
267.8,33.4,35.2,1993-08-11,1,13.700000000000001,60.8,25.5,5787,949.99
258.1,38.3,46.0,1993-08-12,0,-1.8999999999999995,52.4,0.0,5751,950.01
297.0,43.1,44.8,1993-08-13,0,4.6000000000000005,66.7,2010.6,5806,935.79
270.2,37.1,42.8,1993-08-14,0,7.2,49.9,103.4,5759,949.99
288.3,31.7,38.2,1993-08-15,1,10.8,50.1,32.10000000000001,5799,905.68
244.3,32.6,36.6,1993-08-16,0,13.5,55.6,124.69999999999999,5824,897.61
292.8,39.5,41.4,1993-08-17,1,7.999999999999999,73.2,-23.0,5868,985.03
275.4,33.4,34.2,1993-08-18,0,17.9,79.9,0.0,5934,974.69
268.1,33.6,37.6,1993-08-19,0,14.7,65.9,0.0,5875,923.56
289.3,36.0,36.2,1993-08-20,1,15.2,69.3,2.799999999999999,5885,945.37
277.9,40.9,45.0,1993-08-21,1,4.0,59.0,3016.1,5800,945.37
293.3,38.1,41.6,1993-08-22,1,10.100000000000001,60.9,-17.4,5825,921.15
289.9,37.0,39.6,1993-08-23,1,16.3,64.3,-122.6,5846,886.6
298.2,17.9,39.6,1993-08-24,0,14.5,55.2,-146.4,5854,877.72
249.4,38.7,40.4,1993-08-25,1,11.299999999999999,71.4,0.0,5838,977.49
220.5,34.5,39.4,1993-08-26,0,7.699999999999999,65.9,-33.099999999999994,5837,974.78
230.6,40.1,44.8,1993-08-27,0,1.2000000000000002,71.7,2687.3,5859,992.57
170.1,33.1,43.2,1993-08-28,1,-3.3000000000000003,53.4,3113.1000000000004,5787,982.47
181.7,32.3,38.8,1993-08-29,1,2.5,53.2,2827.9,5800,977.31
192.7,33.1,38.6,1993-08-30,1,4.9,60.5,36.400000000000006,5855,985.0
225.3,33.3,39.0,1993-08-31,1,8.6,62.8,307.6,5866,985.03
256.5,38.2,38.0,1993-09-01,0,12.600000000000001,83.4,0.0,5864,995.09
301.1,37.8,40.4,1993-09-02,1,13.899999999999999,80.3,-246.8,5892,995.13
265.5,37.7,41.6,1993-09-03,1,5.0,66.2,1006.2,5839,982.47
281.2,37.2,39.0,1993-09-04,1,13.0,80.1,0.0,5859,999.98
297.2,36.4,40.4,1993-09-05,0,12.7,78.1,0.0,5868,982.56
296.3,37.3,44.2,1993-09-06,0,5.8,69.7,939.6,5850,985.06
297.8,35.5,41.8,1993-09-07,1,6.8,70.4,-27.9,5851,977.34
299.9,33.5,39.8,1993-09-08,1,7.0,63.8,185.89999999999998,5817,987.63
231.0,34.9,43.0,1993-09-09,1,0.2999999999999998,55.5,1872.4,5816,985.06
189.3,27.1,40.4,1993-09-10,0,0.5,48.2,2354.2999999999997,5816,992.6
224.4,35.3,44.6,1993-09-11,1,0.2999999999999998,57.7,3213.5,5807,992.6
282.8,37.3,44.4,1993-09-12,1,3.6999999999999997,68.2,1029.6,5858,941.09
286.9,33.9,42.0,1993-09-13,0,5.9,53.9,0.0,5869,995.1
273.0,31.0,34.2,1993-09-14,1,17.3,57.2,0.0,5832,905.96
276.7,38.1,42.8,1993-09-15,1,8.4,68.7,310.0,5853,985.12
223.1,26.7,41.2,1993-09-16,0,5.2,57.1,-33.3,5832,987.63
226.3,32.5,38.2,1993-09-17,0,7.800000000000001,64.4,-20.0,5861,995.07
193.0,32.5,44.2,1993-09-18,1,0.2999999999999998,53.8,4372.1,5828,992.6
232.2,33.1,44.4,1993-09-19,1,1.9999999999999996,58.4,848.4,5828,979.9
286.7,36.4,35.8,1993-09-20,0,15.600000000000001,74.4,-46.1,5849,995.13
225.9,29.8,35.6,1993-09-21,0,13.5,61.4,0.0,5903,979.93
265.0,40.1,48.0,1993-09-22,1,-2.4,60.8,2738.6,5800,987.59
278.4,33.7,41.6,1993-09-23,1,6.7,63.5,-9.3,5843,979.93
268.2,38.9,42.0,1993-09-24,0,8.9,70.9,-16.5,5844,995.1
224.4,38.1,43.0,1993-09-25,0,2.5,64.4,1969.5,5800,995.1
249.1,35.3,40.2,1993-09-26,0,9.0,67.9,-57.8,5836,977.4
273.6,35.0,41.2,1993-09-27,1,9.4,74.1,-110.5,5882,982.47
222.3,27.5,36.2,1993-09-28,1,9.1,53.3,492.1,5827,995.1
275.0,41.7,46.6,1993-09-29,1,2.2,66.4,7.1,5816,982.5
208.5,33.9,40.0,1993-09-30,1,3.9000000000000004,61.7,1426.6000000000001,5813,938.34
277.8,35.8,39.0,1993-10-01,1,15.100000000000001,72.2,0.0,5870,991.04
272.1,40.1,47.2,1993-10-02,0,2.7,65.5,2262.0,5818,987.63
217.8,24.2,42.4,1993-10-03,1,3.1000000000000005,53.1,8.899999999999999,5811,990.16
175.4,32.3,42.8,1993-10-04,1,0.39999999999999947,47.7,1918.1000000000001,5808,985.06
154.6,24.9,33.2,1993-10-05,0,9.4,52.0,52.6,5819,985.12
186.8,30.9,35.8,1993-10-06,1,8.700000000000001,56.5,415.0,5824,977.37
176.3,33.9,44.0,1993-10-07,1,-1.0,49.6,1197.0,5771,982.56
177.3,35.5,45.8,1993-10-08,0,-3.4,48.2,3539.4,5740,977.4
243.6,36.8,39.6,1993-10-09,0,9.6,68.2,112.0,5883,961.11
186.0,28.9,35.8,1993-10-10,0,8.299999999999999,50.2,-7.8999999999999995,5820,977.37
206.6,33.9,41.6,1993-10-11,0,5.1,59.4,2107.4,5850,985.03
195.6,32.3,42.2,1993-10-12,1,2.6,49.0,1316.2,5783,980.0
201.3,34.7,43.6,1993-10-13,1,1.2999999999999998,58.9,2044.5,5832,982.47
184.5,33.1,43.0,1993-10-14,0,2.7,49.2,645.5,5772,982.62
217.7,39.1,47.4,1993-10-15,0,-0.8000000000000003,60.1,2304.7999999999997,5776,982.56
231.2,39.1,44.2,1993-10-16,1,0.0,65.1,2618.5,5778,997.57
165.3,29.3,37.6,1993-10-17,1,6.1,44.4,953.8000000000001,5777,972.21
201.2,35.9,40.4,1993-10-18,1,8.6,57.1,415.1,5835,987.63
191.2,33.9,41.6,1993-10-19,1,9.0,51.4,0.0,5787,959.03
219.6,33.5,42.0,1993-10-20,1,8.9,60.0,-132.3,5846,980.06
137.9,21.0,37.8,1993-10-21,1,9.8,39.5,-213.5,5783,975.08
197.1,18.8,37.0,1993-10-22,0,9.7,46.6,-59.300000000000004,5820,980.06
97.0,13.8,30.2,1993-10-23,0,13.899999999999999,29.1,0.0,5770,948.41
122.8,6.6,30.6,1993-10-24,0,18.8,32.1,0.0,5786,959.61
124.7,16.0,31.2,1993-10-25,0,20.1,34.3,0.0,5781,965.04
233.7,26.6,42.0,1993-10-26,0,15.3,44.1,0.0,5802,953.84
90.2,17.6,33.8,1993-10-27,0,6.3,34.0,-20.799999999999997,5739,956.47
171.3,12.4,31.8,1993-10-28,0,18.8,36.4,0.0,5795,959.37
50.4,17.5,32.3,1993-10-29,0,9.0,26.3,0.0,5720,948.65
27.2,18.1,24.1,1993-10-30,1,10.7,28.8,0.0,5734,956.89
173.0,33.1,42.2,1993-10-31,0,6.1,45.3,-33.8,5749,959.18
208.4,32.7,43.0,1993-11-01,0,2.3999999999999995,50.5,716.0,5725,1010.54
200.5,33.3,41.6,1993-11-02,0,8.0,51.2,-20517.5,5775,977.68
199.7,33.3,47.8,1993-11-03,0,5.0,41.7,-151.70000000000002,5740,977.83
167.1,23.8,40.6,1993-11-04,0,7.6,37.0,-58.8,5717,970.08
186.0,30.3,43.6,1993-11-05,0,4.8999999999999995,44.1,25.900000000000002,5725,987.84
154.8,20.2,36.0,1993-11-06,0,12.1,36.0,-51.3,5742,977.8
147.7,21.0,36.6,1993-11-07,0,12.0,35.0,-115.7,5755,967.42
179.1,11.6,33.2,1993-11-08,0,19.8,33.0,0.0,5796,956.74
192.0,14.6,34.8,1993-11-09,0,10.0,38.6,84.80000000000001,5755,982.77
93.7,-2.2,27.8,1993-11-10,0,17.3,29.2,-172.0,5777,980.42
101.2,-4.4,26.0,1993-11-11,0,22.8,25.7,0.0,5775,943.22
182.3,0.8,34.8,1993-11-12,0,23.9,31.3,0.0,5783,943.47
102.6,1.2,27.2,1993-11-13,0,25.2,28.2,0.0,5751,965.41
126.6,3.2,26.4,1993-11-14,0,17.0,28.4,-26.099999999999994,5777,972.79
131.0,10.4,35.6,1993-11-15,0,10.2,28.3,-60.99999999999999,5722,943.01
211.1,15.2,35.4,1993-11-16,0,19.9,38.3,0.0,5778,959.67
153.2,13.6,35.8,1993-11-17,0,14.2,31.2,0.0,5729,962.48
57.1,-4.6,25.4,1993-11-18,0,22.9,24.3,0.0,5762,929.09
179.1,14.6,33.8,1993-11-19,0,20.0,31.5,0.0,5743,967.82
179.0,26.8,39.2,1993-11-20,0,15.3,34.4,-145.4,5723,970.35
31.0,3.2,25.5,1993-11-21,0,14.0,26.3,-123.10000000000001,5724,940.26
73.6,10.2,33.0,1993-11-22,0,13.4,20.0,0.0,5700,926.16
163.9,13.0,33.8,1993-11-23,0,17.5,31.9,0.0,5760,967.73
54.1,9.0,30.2,1993-11-24,0,19.7,20.8,0.0,5720,926.77
59.1,6.8,25.0,1993-11-25,0,25.0,20.5,0.0,5710,924.0
52.4,5.8,16.9,1993-11-26,0,26.4,18.7,0.0,5713,930.1
119.3,12.8,34.6,1993-11-27,0,23.3,24.9,0.0,5727,938.52
141.1,11.0,28.8,1993-11-28,0,24.8,28.2,0.0,5757,951.98
123.8,7.6,27.8,1993-11-29,0,24.6,26.7,0.0,5759,952.04
64.0,-11.0,18.3,1993-11-30,0,29.299999999999997,26.0,0.0,5792,949.26
140.2,-2.4,30.0,1993-12-01,0,25.1,28.3,0.0,5754,984.92
144.7,-3.4,28.6,1993-12-02,0,25.2,24.4,0.0,5748,952.22
137.8,-1.4,31.0,1993-12-03,0,21.0,23.4,0.0,5714,968.09
128.2,-5.2,25.6,1993-12-04,0,29.6,23.0,0.0,5753,941.33
38.8,-9.0,18.3,1993-12-05,0,27.3,25.9,0.0,5815,954.57
31.0,-4.0,24.3,1993-12-06,0,23.799999999999997,17.3,0.0,5727,944.23
69.4,4.4,24.0,1993-12-07,0,25.9,26.3,0.0,5785,960.07
121.1,6.4,30.0,1993-12-08,0,20.3,30.6,0.0,5750,967.94
160.9,-3.2,33.6,1993-12-09,0,21.2,22.1,0.0,5705,946.76
58.2,-15.4,16.9,1993-12-10,0,27.7,19.3,0.0,5739,935.71
141.0,3.0,39.4,1993-12-11,0,23.200000000000003,22.1,0.0,5770,933.24
117.1,-0.6,37.6,1993-12-12,0,18.5,20.5,0.0,5703,938.89
99.4,-6.2,26.6,1993-12-13,0,27.0,19.8,0.0,5680,941.6
63.0,1.0,30.6,1993-12-14,0,22.0,16.3,0.0,5625,955.92
50.4,-1.2,24.7,1993-12-15,0,23.6,16.5,0.0,5675,950.15
52.4,-0.4,21.3,1993-12-16,0,26.299999999999997,15.8,0.0,5656,939.59
52.4,2.0,24.9,1993-12-17,0,22.5,18.1,0.0,5668,955.58
52.4,1.4,19.5,1993-12-18,0,25.8,17.3,0.0,5662,930.56
93.2,3.6,30.2,1993-12-19,0,23.2,17.9,0.0,5638,960.89
64.0,-1.2,25.5,1993-12-20,0,28.4,17.4,0.0,5682,955.64
91.1,-1.8,33.0,1993-12-21,0,20.6,19.7,0.0,5623,960.95
64.0,0.6,18.9,1993-12-22,0,25.2,10.4,0.0,5595,849.44
46.6,-0.8,26.5,1993-12-23,0,21.3,14.3,0.0,5596,928.12
46.6,-5.8,20.7,1993-12-24,0,20.0,16.3,0.0,5665,939.35
36.9,-7.4,25.3,1993-12-25,0,25.9,14.1,0.0,5637,904.04
40.7,-4.6,27.9,1993-12-26,0,16.1,16.5,0.0,5640,936.51
98.3,-3.6,36.6,1993-12-27,0,21.200000000000003,21.6,0.0,5717,941.79
40.7,-2.2,6.9,1993-12-28,0,18.4,12.2,0.0,5696,938.95
52.4,-12.0,31.3,1993-12-29,0,14.600000000000001,22.5,0.0,5654,908.43
67.9,9.8,28.4,1993-12-30,0,22.200000000000003,29.7,0.0,5699,955.22
60.1,5.2,27.3,1993-12-31,0,21.1,25.7,0.0,5706,960.46
66.0,12.8,30.7,1994-01-01,0,13.8,22.4,0.0,5669,994.19
56.3,4.8,18.3,1994-01-02,0,31.200000000000003,23.5,0.0,5777,949.91
62.1,4.4,29.9,1994-01-03,0,16.1,13.7,0.0,5643,944.78
118.8,13.0,43.8,1994-01-04,0,14.0,19.3,0.0,5660,949.94
110.1,2.6,43.6,1994-01-05,0,11.3,20.4,0.0,5660,955.31
144.6,20.0,45.0,1994-01-06,0,9.9,26.2,0.0,5620,965.77
183.2,22.2,41.6,1994-01-07,0,14.9,28.2,0.0,5686,960.31
112.7,-3.8,29.2,1994-01-08,0,26.0,20.5,0.0,5694,952.87
177.6,-1.4,30.8,1994-01-09,0,35.9,23.8,0.0,5763,955.73
138.1,-4.0,45.6,1994-01-10,0,11.7,17.7,0.0,5705,946.98
79.5,6.8,25.1,1994-01-11,0,20.9,13.5,0.0,5626,933.94
58.2,6.4,22.9,1994-01-12,0,20.5,20.6,0.0,5721,941.51
132.0,4.8,40.2,1994-01-13,0,19.1,25.2,0.0,5715,960.46
143.2,23.6,41.8,1994-01-14,0,15.7,29.7,0.0,5705,952.32
172.2,24.8,46.4,1994-01-15,0,7.4,28.6,0.0,5651,957.66
331.5,39.7,52.2,1994-01-16,0,9.5,46.8,0.0,5698,965.5
129.2,4.2,37.0,1994-01-17,0,19.6,25.9,0.0,5629,968.8
67.9,4.8,30.6,1994-01-18,0,26.6,18.6,0.0,5615,961.47
79.5,4.0,27.3,1994-01-19,0,25.7,14.0,0.0,5629,961.59
62.1,13.8,29.8,1994-01-20,0,30.6,18.4,0.0,5667,934.07
73.7,17.6,33.0,1994-01-21,0,27.4,18.9,0.0,5666,928.33
193.5,14.0,32.8,1994-01-22,0,34.599999999999994,32.8,0.0,5746,958.45
87.3,11.6,24.1,1994-01-23,0,33.0,19.1,0.0,5698,936.94
93.8,-15.4,23.6,1994-01-24,0,36.7,15.9,0.0,5703,950.88
75.7,-11.6,10.5,1994-01-25,0,25.3,15.4,0.0,5708,963.73
69.8,-15.8,20.9,1994-01-26,0,31.400000000000002,18.1,0.0,5750,963.67
69.2,-10.2,31.6,1994-01-27,0,27.0,20.5,0.0,5758,950.18
82.2,-12.8,28.6,1994-01-28,0,24.299999999999997,21.3,0.0,5772,944.11
137.5,12.0,36.0,1994-01-29,0,19.4,25.5,0.0,5736,978.32
233.5,20.6,52.6,1994-01-30,0,-4.0,26.1,347.6,5632,951.77
282.5,34.6,53.8,1994-01-31,0,1.0,31.8,-181.1,5628,952.13
178.7,28.4,50.2,1994-02-01,1,0.5999999999999999,32.3,41.2,5605,1007.23
138.1,26.9,41.2,1994-02-02,1,7.4,19.5,0.0,5609,970.96
60.0,-10.2,35.0,1994-02-03,0,12.8,19.3,0.0,5638,988.24
81.5,1.6,26.1,1994-02-04,0,43.5,13.9,0.0,5634,682.24
67.9,5.4,40.0,1994-02-05,0,14.8,17.0,0.0,5644,976.15
48.5,14.8,47.1,1994-02-06,0,4.1,17.6,0.0,5628,978.5
69.8,16.0,29.5,1994-02-07,0,9.899999999999999,17.7,0.0,5651,970.87
136.4,22.8,48.4,1994-02-08,0,4.2,26.9,-337.5,5670,975.69
183.2,22.0,38.8,1994-02-09,0,9.5,34.8,-37.400000000000006,5662,954.48
165.5,6.2,42.6,1994-02-10,0,11.600000000000001,28.2,0.0,5624,978.47
134.6,4.6,34.6,1994-02-11,0,19.0,24.7,0.0,5634,963.33
171.5,24.8,40.0,1994-02-12,0,19.200000000000003,31.7,0.0,5653,963.21
108.2,6.2,36.4,1994-02-13,0,7.6,28.3,-27.3,5636,985.61
169.6,5.2,39.2,1994-02-14,0,19.200000000000003,25.3,0.0,5644,938.77
198.6,30.4,46.6,1994-02-15,0,4.9,30.6,71.60000000000001,5626,980.67
280.2,33.4,50.4,1994-02-16,0,5.7,41.8,0.0,5655,990.49
155.0,23.4,35.0,1994-02-17,0,14.1,31.7,-100.0,5691,970.32
157.7,27.3,35.6,1994-02-18,0,15.399999999999999,38.9,0.0,5729,967.76
185.2,13.8,38.6,1994-02-19,0,13.1,28.1,0.0,5702,951.8
111.2,10.8,29.0,1994-02-20,0,20.5,27.4,0.0,5726,946.58
252.8,36.7,48.0,1994-02-21,0,2.6,45.0,889.1,5730,985.31
223.6,29.7,42.0,1994-02-22,0,5.9,37.5,255.2,5679,985.43
133.4,-10.2,33.6,1994-02-23,0,12.399999999999999,22.8,-59.6,5648,954.7
73.7,-16.2,31.9,1994-02-24,0,17.4,17.3,0.0,5643,893.3
79.5,-19.2,23.5,1994-02-25,0,26.1,17.5,0.0,5673,930.5
99.4,14.8,30.2,1994-02-26,0,21.0,18.2,0.0,5665,955.34
77.0,-1.2,30.0,1994-02-27,0,18.3,22.5,0.0,5676,988.17
23.3,4.8,28.7,1994-02-28,0,7.3999999999999995,18.7,96.29999999999998,5687,954.06
177.9,12.8,36.6,1994-03-01,0,11.4,32.1,-24.599999999999994,5700,1001.28
188.8,0.2,44.0,1994-03-02,0,17.5,25.9,0.0,5684,878.74
112.0,3.0,38.4,1994-03-03,0,12.2,20.1,0.0,5648,923.75
155.8,4.0,37.0,1994-03-04,0,8.0,28.9,-1.1000000000000014,5675,995.22
117.5,12.4,28.6,1994-03-05,0,17.3,26.9,-196.8,5766,967.48
123.7,17.8,35.4,1994-03-06,0,12.799999999999999,28.0,0.0,5762,985.43
144.1,16.8,40.8,1994-03-07,0,7.3,27.5,-161.7,5743,956.74
94.8,21.8,40.8,1994-03-08,0,10.5,22.4,0.0,5731,877.09
107.9,14.6,41.4,1994-03-09,0,11.899999999999999,23.7,0.0,5714,935.1
74.6,18.0,50.5,1994-03-10,0,1.5,13.2,-668.1999999999999,5679,911.61
154.7,13.6,46.4,1994-03-11,0,2.6,27.5,-227.7,5698,956.99
52.4,1.4,34.6,1994-03-12,0,9.6,18.7,0.0,5760,931.44
108.5,26.4,47.0,1994-03-13,0,-8.6,34.5,3543.1,5698,990.22
155.8,28.6,45.2,1994-03-14,0,-0.20000000000000018,34.3,2085.4,5741,982.71
195.6,13.0,47.6,1994-03-15,0,-2.4,34.6,2886.2000000000003,5766,982.59
151.8,21.8,45.0,1994-03-16,0,4.6,29.4,-50.299999999999955,5775,933.76
213.7,21.4,41.6,1994-03-17,0,9.299999999999999,47.5,-279.20000000000005,5851,966.96
146.5,19.2,48.4,1994-03-18,0,-4.6,27.1,1046.3,5769,956.16
149.9,11.0,37.8,1994-03-19,0,5.4,30.1,-130.6,5821,974.87
116.6,8.4,42.8,1994-03-20,0,-2.7,29.1,-23.0,5754,977.49
169.7,34.9,42.0,1994-03-21,0,1.0,40.5,1796.3,5785,990.16
198.4,28.0,50.8,1994-03-22,0,-5.9,34.7,3559.9,5772,977.4
319.0,38.7,54.0,1994-03-23,0,-6.8,40.2,1727.4,5750,972.21
124.3,21.0,41.8,1994-03-24,0,-1.5999999999999996,35.7,1488.3,5756,990.19
108.2,17.6,41.0,1994-03-25,1,-4.199999999999999,30.5,1428.5,5759,980.06
225.5,28.2,47.2,1994-03-26,1,-7.4,38.4,2581.3,5747,977.43
204.0,33.3,49.8,1994-03-27,0,-5.8,43.1,1938.8,5759,977.49
159.8,15.0,34.4,1994-03-28,1,8.5,34.5,-117.50000000000001,5807,967.0
325.7,37.1,53.4,1994-03-29,0,-8.6,44.2,3727.7999999999997,5739,974.81
255.6,32.4,48.0,1994-03-30,0,-5.9,43.2,7277.1,5714,982.53
154.1,23.4,40.8,1994-03-31,1,3.7,37.0,1730.5,5782,977.49
468.1,40.1,60.2,1994-04-01,1,-13.5,50.9,4427.799999999999,5768,981.22
249.8,36.7,52.6,1994-04-02,1,2.8999999999999995,40.1,-389.2,5785,939.83
327.0,35.9,56.0,1994-04-03,0,-0.30000000000000027,38.4,-89.80000000000001,5717,987.99
160.4,31.4,47.6,1994-04-04,1,3.3,48.3,798.3000000000001,5800,987.78
222.2,26.2,50.2,1994-04-05,0,-5.4,38.1,-22.6,5738,987.72
201.5,24.6,44.2,1994-04-06,0,3.9,36.7,304.1,5763,975.08
127.8,21.8,40.6,1994-04-07,0,-1.2999999999999998,32.3,1538.0,5793,972.15
106.2,22.2,37.2,1994-04-08,0,0.7999999999999998,32.2,1018.3,5743,953.32
156.6,24.4,39.6,1994-04-09,0,6.0,38.4,-99.1,5790,914.84
81.3,21.8,40.4,1994-04-10,0,3.6999999999999997,25.1,-340.8,5742,871.48
321.5,37.0,55.0,1994-04-11,0,-1.0999999999999996,38.5,-299.5,5796,945.05
60.0,21.0,42.8,1994-04-12,0,-4.8,32.9,757.9000000000001,5755,936.17
133.9,29.2,48.2,1994-04-13,0,-0.8999999999999999,32.7,186.7,5768,862.84
117.0,27.3,43.2,1994-04-14,0,6.3,31.2,-290.8,5793,947.98
180.3,32.2,49.4,1994-04-15,0,-1.3000000000000003,35.6,1825.7000000000003,5788,944.72
238.5,37.1,51.8,1994-04-16,1,-3.1,42.8,1032.2,5774,880.84
287.6,32.0,56.6,1994-04-17,0,-15.1,34.0,3109.7000000000003,5768,955.86
200.6,34.9,47.6,1994-04-18,1,3.0,48.3,315.50000000000006,5770,972.52
206.8,32.9,50.0,1994-04-19,0,-2.4,44.3,1393.9,5779,977.52
116.7,23.8,43.6,1994-04-20,1,-0.6999999999999997,39.0,1136.4,5739,987.75
191.3,28.4,48.8,1994-04-21,1,-6.7,43.7,-8.6,5780,982.47
293.7,35.1,46.0,1994-04-22,1,2.4000000000000004,57.0,-26.099999999999998,5779,982.62
274.9,37.3,48.0,1994-04-23,1,5.7,53.1,-84.9,5789,985.28
196.4,34.3,46.6,1994-04-24,1,0.20000000000000018,46.3,1498.1999999999998,5790,985.15
318.3,38.7,54.8,1994-04-25,0,-9.0,50.9,4278.0,5786,969.41
163.1,29.9,45.4,1994-04-26,1,3.7,55.8,209.10000000000002,5845,982.62
140.9,29.0,48.0,1994-04-27,0,2.0000000000000004,41.7,7.699999999999989,5811,923.93
136.2,28.2,47.0,1994-04-28,0,6.8999999999999995,36.5,0.0,5780,721.3
197.7,32.0,51.6,1994-04-29,0,-8.1,41.6,2015.1999999999998,5763,972.18
329.4,35.8,53.0,1994-04-30,0,-3.9999999999999996,50.9,1678.3,5774,964.07
174.9,30.9,47.8,1994-05-01,0,-4.7,44.5,1108.8,5765,982.24
194.2,30.5,39.6,1994-05-02,0,9.0,51.5,-78.7,5828,982.59
194.8,24.0,46.2,1994-05-03,0,0.3999999999999999,44.8,1130.2,5822,923.42
169.4,26.5,40.4,1994-05-04,0,0.0,46.0,2829.1000000000004,5841,979.75
154.6,30.1,42.2,1994-05-05,0,-9.700000000000001,50.1,3128.2999999999997,5774,984.88
168.6,28.6,43.2,1994-05-06,0,-7.0,36.0,3533.1,5780,984.94
102.6,28.4,47.6,1994-05-07,1,-15.0,41.5,6465.4,5767,979.72
150.2,30.3,41.8,1994-05-08,1,-2.6000000000000005,47.6,2595.1000000000004,5842,979.72
203.1,30.5,45.8,1994-05-09,0,9.0,49.7,0.0,5845,975.08
213.0,33.9,45.0,1994-05-10,0,0.0,58.3,1569.3,5853,992.57
256.8,33.7,46.4,1994-05-11,0,3.6000000000000005,47.9,25.80000000000001,5803,944.72
110.9,26.3,40.0,1994-05-12,0,-2.2,48.1,2680.6,5868,979.75
256.8,37.9,50.4,1994-05-13,0,-4.3,51.5,3516.7000000000003,5823,979.78
140.5,21.8,41.2,1994-05-14,0,-4.3,38.4,3209.8999999999996,5808,982.38
112.4,26.9,39.0,1994-05-15,0,-5.6,43.5,4104.1,5789,971.82
257.3,40.3,48.4,1994-05-16,1,0.10000000000000053,58.4,1113.7,5795,977.34
449.9,35.6,64.0,1994-05-17,1,-28.0,42.8,9.899999999999999,5734,979.78
229.1,27.4,51.8,1994-05-18,0,0.0,41.7,60.80000000000001,5801,995.19
186.2,33.1,48.0,1994-05-19,1,4.1,44.5,407.9,5771,982.77
285.9,37.7,46.4,1994-05-20,0,3.3999999999999995,48.4,0.0,5803,999.98
359.5,42.1,56.0,1994-05-21,0,-9.7,53.0,758.7,5744,985.09
257.1,38.1,48.0,1994-05-22,0,2.5999999999999996,59.5,775.8000000000001,5815,987.66
235.5,28.3,40.2,1994-05-23,0,4.1,54.7,1814.1,5827,977.22
307.1,43.5,51.0,1994-05-24,1,-0.2999999999999998,71.0,3167.6,5855,982.41
215.3,34.9,41.6,1994-05-25,0,2.3,58.1,891.5,5781,987.63
94.9,17.5,28.0,1994-05-26,0,12.5,37.6,0.0,5820,985.21
234.7,25.4,41.8,1994-05-27,0,4.9,57.8,702.0999999999999,5854,985.0
194.3,35.5,42.6,1994-05-28,0,0.5,53.6,-7.400000000000002,5847,971.88
208.4,36.3,45.6,1994-05-29,0,-4.300000000000001,52.9,4230.3,5811,966.38
237.4,35.0,41.4,1994-05-30,0,6.1,57.1,529.3,5881,979.78
219.1,30.5,43.8,1994-05-31,0,0.5999999999999996,56.9,1888.9,5882,969.1
294.3,44.3,50.0,1994-06-01,0,-2.5,60.7,2652.1,5838,966.13
324.5,40.1,51.6,1994-06-02,0,-4.9,48.2,4696.3,5798,920.76
520.0,45.7,60.4,1994-06-03,0,-8.100000000000001,53.1,-1.2999999999999998,5824,938.23
340.8,39.1,51.8,1994-06-04,0,-4.300000000000001,53.2,3753.0,5856,923.23
451.5,42.5,56.6,1994-06-05,0,-5.0,56.9,5105.0,5849,930.87
275.6,38.9,48.0,1994-06-06,0,3.9000000000000004,64.9,320.6,5813,990.16
177.3,27.8,47.4,1994-06-07,0,-1.2999999999999998,39.1,1659.7,5823,921.04
145.0,37.1,42.6,1994-06-08,1,3.4,47.0,694.7,5833,880.25
282.5,41.4,42.2,1994-06-09,1,3.5,66.6,2842.2999999999997,5866,915.46
237.3,38.9,46.2,1994-06-10,1,2.8999999999999995,54.2,2162.3,5792,905.49
229.9,28.4,35.2,1994-06-11,1,15.1,49.1,0.0,5802,895.14
250.9,37.5,42.6,1994-06-12,0,7.199999999999999,58.9,-19.400000000000002,5810,921.23
254.3,39.9,44.0,1994-06-13,0,4.8999999999999995,57.6,942.0,5773,949.99
256.6,39.1,41.8,1994-06-14,1,8.1,63.0,767.4,5827,938.31
235.9,37.3,39.2,1994-06-15,1,9.5,62.5,496.90000000000003,5775,947.71
308.3,39.6,40.8,1994-06-16,0,11.299999999999999,69.9,-23.60000000000001,5784,940.68
236.3,26.5,34.6,1994-06-17,0,9.6,37.9,0.0,5794,936.03
301.3,37.0,37.2,1994-06-18,0,13.700000000000001,65.5,0.0,5816,908.27
262.1,30.0,35.2,1994-06-19,0,14.899999999999999,58.5,0.0,5820,931.12
247.0,35.1,38.8,1994-06-20,0,10.9,58.7,-277.3,5792,931.12
267.1,36.4,41.8,1994-06-21,1,9.799999999999999,61.4,191.10000000000002,5845,940.65
279.7,38.0,37.4,1994-06-22,0,13.3,68.2,45.79999999999998,5871,915.82
249.8,28.9,43.0,1994-06-23,1,7.699999999999999,48.2,99.1,5822,908.16
251.7,36.3,40.8,1994-06-24,0,9.5,56.3,-20.6,5834,935.9
252.8,37.3,41.4,1994-06-25,0,6.000000000000001,51.5,53.7,5827,933.48
270.9,37.8,41.6,1994-06-26,1,9.1,66.5,80.1,5859,938.23
282.3,35.6,38.4,1994-06-27,1,9.8,63.8,5.1,5809,935.9
318.6,36.3,40.2,1994-06-28,1,9.899999999999999,62.3,14.999999999999998,5771,938.31
312.9,32.6,36.2,1994-06-29,0,11.8,52.6,261.0,5818,940.68
264.9,37.6,37.4,1994-06-30,1,10.1,76.8,-6.5,5888,987.53
222.4,38.5,42.2,1994-07-01,1,1.0,69.4,2022.6,5843,991.55
225.3,19.0,39.6,1994-07-02,1,7.9,51.1,993.1,5839,921.04
300.1,40.9,43.4,1994-07-03,1,6.7,76.5,155.0,5852,985.03
267.1,31.5,40.0,1994-07-04,0,4.8,62.2,906.6999999999999,5831,987.59
272.3,34.9,39.6,1994-07-05,1,10.899999999999999,66.8,0.0,5842,972.15
349.3,44.6,44.0,1994-07-06,1,11.100000000000001,80.4,-155.0,5906,966.6
294.4,38.0,38.8,1994-07-07,1,8.8,66.6,2005.7,5823,933.45
281.2,40.2,40.8,1994-07-08,0,9.9,64.2,720.9000000000001,5795,933.48
312.0,42.0,42.8,1994-07-09,0,8.899999999999999,70.0,243.90000000000003,5811,947.68
281.4,32.4,36.6,1994-07-10,0,11.200000000000001,62.7,6.4,5818,945.37
284.4,34.0,37.6,1994-07-11,0,11.9,58.6,718.5,5800,931.03
302.1,36.4,37.6,1994-07-12,0,12.299999999999999,60.5,-123.4,5767,930.98
253.0,32.4,36.4,1994-07-13,1,15.4,56.3,0.0,5811,903.13
221.1,35.5,41.2,1994-07-14,1,4.1,50.4,1036.7,5713,940.73
277.0,35.0,35.2,1994-07-15,0,13.3,72.7,-10.799999999999999,5867,933.42
314.9,43.9,48.0,1994-07-16,0,3.9,72.1,1918.3000000000002,5840,938.23
274.5,39.3,42.8,1994-07-17,0,7.300000000000001,64.4,1172.7,5833,938.26
268.3,38.8,40.6,1994-07-18,0,8.8,62.0,1487.3999999999999,5808,928.56
273.5,37.7,43.4,1994-07-19,0,3.8999999999999995,59.5,1187.4,5815,913.1
251.3,39.5,42.4,1994-07-20,0,5.800000000000001,64.5,806.0,5765,945.37
238.8,37.0,39.2,1994-07-21,0,13.6,61.5,0.0,5832,897.75
247.5,29.0,39.4,1994-07-22,0,11.9,58.3,-102.00000000000001,5867,921.17
243.3,36.1,41.4,1994-07-23,0,5.1,53.9,1409.8999999999999,5807,891.81
243.2,36.9,42.4,1994-07-24,0,8.1,54.8,-80.89999999999999,5860,910.82
224.0,32.8,39.4,1994-07-25,1,11.0,51.1,503.5,5861,916.01
244.5,38.7,44.8,1994-07-26,0,3.4,52.7,238.6,5824,928.54
267.6,41.9,45.4,1994-07-27,1,2.1000000000000005,64.0,5396.6,5802,930.9
268.0,42.3,44.6,1994-07-28,1,-0.5,70.6,5811.8,5812,949.99
272.5,39.7,45.0,1994-07-29,1,0.2999999999999998,61.3,4204.0,5768,947.68
281.7,37.0,39.0,1994-07-30,1,11.7,68.2,-95.1,5818,940.65
278.7,42.5,47.0,1994-07-31,0,2.8,65.1,2985.4,5795,940.65
213.9,30.7,38.8,1994-08-01,1,2.6999999999999997,57.0,2068.8,5782,989.61
240.4,34.7,39.0,1994-08-02,1,8.899999999999999,54.6,75.9,5812,921.15
309.7,41.3,44.2,1994-08-03,0,8.6,69.2,1537.4,5837,947.71
189.5,26.9,34.4,1994-08-04,0,12.200000000000001,44.1,0.0,5814,900.44
263.3,38.8,41.6,1994-08-05,0,5.0,64.3,2052.4,5829,928.4
285.0,40.2,39.8,1994-08-06,1,10.5,70.6,22.299999999999997,5880,915.82
229.6,36.5,39.0,1994-08-07,0,9.600000000000001,61.5,13.6,5849,931.06
290.7,42.9,48.8,1994-08-08,0,2.8,64.1,2917.8999999999996,5834,938.23
245.3,31.9,36.6,1994-08-09,0,12.0,54.5,-24.900000000000002,5819,905.77
286.0,39.5,43.0,1994-08-10,0,5.3,64.5,2104.0,5802,947.68
274.1,36.2,37.0,1994-08-11,1,13.299999999999999,51.4,351.3,5827,938.29
273.0,37.4,40.8,1994-08-12,0,11.0,78.4,-29336.7,5874,987.56
296.6,43.3,45.0,1994-08-13,0,3.7,78.7,1668.6000000000001,5832,952.62
260.7,33.9,41.0,1994-08-14,1,4.5,63.0,1038.1,5840,979.84
285.7,40.5,46.2,1994-08-15,0,2.5,65.9,2425.2,5775,997.57
323.2,42.8,42.2,1994-08-16,1,6.3,68.9,2279.3,5793,938.2
321.0,36.7,44.0,1994-08-17,0,9.4,56.9,10.7,5786,949.99
293.1,37.5,45.4,1994-08-18,1,2.6000000000000005,54.8,1983.1,5800,935.92
255.3,33.7,40.4,1994-08-19,0,7.1000000000000005,65.8,1377.5,5869,992.6
226.3,35.5,43.8,1994-08-20,0,1.2000000000000002,63.2,2526.5,5822,997.54
250.9,36.9,42.2,1994-08-21,0,0.9000000000000004,66.7,4249.3,5845,987.5
281.8,40.5,43.6,1994-08-22,0,4.2,71.7,755.9000000000001,5878,995.07
261.5,35.9,40.6,1994-08-23,1,5.9,65.3,1131.3999999999999,5839,987.56
243.3,37.3,42.4,1994-08-24,1,0.8999999999999995,66.3,2200.1,5789,992.6
175.3,31.1,38.0,1994-08-25,0,15.6,44.3,0.0,5740,873.58
244.4,37.1,42.2,1994-08-26,1,3.3,66.1,1700.5,5828,992.6
175.1,24.5,37.0,1994-08-27,0,-0.09999999999999964,48.7,946.5,5799,982.44
294.2,36.1,42.0,1994-08-28,0,6.8999999999999995,54.4,-5.9,5804,931.12
242.2,29.9,39.4,1994-08-29,0,7.2,45.1,690.7,5766,921.31
267.0,36.3,41.0,1994-08-30,0,8.799999999999999,53.4,93.10000000000001,5832,926.23
247.5,36.9,41.4,1994-08-31,0,8.4,59.3,558.1,5831,928.65
260.3,38.1,44.6,1994-09-01,0,0.39999999999999947,64.2,3028.1,5775,991.61
232.5,28.5,40.0,1994-09-02,0,1.9,50.7,2255.2999999999997,5785,985.06
287.0,33.1,39.4,1994-09-03,0,11.1,50.1,-58.3,5826,926.31
323.6,32.6,35.8,1994-09-04,0,11.2,68.7,5.0,5848,974.72
163.8,20.1,29.0,1994-09-05,0,9.6,44.3,15.6,5813,982.56
211.5,31.1,39.0,1994-09-06,1,3.9000000000000004,52.6,2840.6,5820,995.07
209.5,37.5,45.2,1994-09-07,1,1.2000000000000002,58.5,1929.2,5795,982.5
162.9,27.1,41.2,1994-09-08,0,-2.0,44.7,2710.9,5801,987.56
263.4,43.7,47.6,1994-09-09,0,2.2,70.1,1049.9,5816,985.03
127.9,24.1,36.4,1994-09-10,0,0.5999999999999996,43.9,1627.5,5776,982.53
206.7,31.3,38.6,1994-09-11,1,6.3999999999999995,57.7,611.0,5811,982.53
218.1,36.3,42.8,1994-09-12,0,6.0,61.1,265.5,5805,977.43
249.3,40.3,45.4,1994-09-13,0,1.8999999999999995,67.3,930.1,5809,992.6
187.4,26.5,36.0,1994-09-14,0,2.7,41.7,377.4,5797,969.41
252.1,32.1,43.4,1994-09-15,0,3.3,55.3,1034.8999999999999,5827,985.09
229.6,31.3,42.0,1994-09-16,1,2.2,51.5,1944.1,5837,979.87
229.8,33.3,39.6,1994-09-17,0,4.699999999999999,59.3,1141.3000000000002,5816,974.69
276.1,35.3,41.8,1994-09-18,0,2.1,61.9,1588.2,5813,987.56
281.8,39.3,42.8,1994-09-19,0,3.6999999999999997,73.0,1610.7,5828,986.53
186.4,31.7,43.0,1994-09-20,0,0.8999999999999995,50.1,1838.8000000000002,5825,974.59
143.6,20.3,31.4,1994-09-21,0,9.0,40.3,-34.400000000000006,5797,964.22
183.0,20.0,35.4,1994-09-22,0,5.199999999999999,39.3,328.8,5756,966.84
95.6,14.2,31.0,1994-09-23,0,6.0,37.8,-57.300000000000004,5797,964.22
147.3,22.3,34.8,1994-09-24,0,9.5,42.8,0.0,5823,972.24
162.6,27.7,37.0,1994-09-25,0,4.4,43.8,686.4,5786,964.13
189.3,32.9,40.6,1994-09-26,0,1.2999999999999998,47.1,2334.6,5775,977.31
179.3,29.5,36.6,1994-09-27,0,7.1,46.1,366.0,5800,955.86
137.1,19.7,34.4,1994-09-28,0,11.299999999999999,34.4,0.0,5792,964.46
86.6,9.6,31.6,1994-09-29,0,10.799999999999999,30.0,-439.8,5803,956.41
123.4,24.9,34.6,1994-09-30,0,6.199999999999999,46.4,-36.300000000000004,5794,982.59
49.1,16.5,31.2,1994-10-01,0,2.5,38.3,996.9,5775,993.98
181.6,31.9,44.4,1994-10-02,1,-0.8999999999999999,47.3,2275.2999999999997,5778,979.97
187.4,32.3,44.6,1994-10-03,1,-0.40000000000000036,48.5,1966.8999999999999,5779,997.57
210.0,36.5,45.4,1994-10-04,0,1.1999999999999997,54.7,1098.8,5759,995.13
241.2,39.9,48.0,1994-10-05,1,2.7,61.5,1104.3999999999999,5776,980.03
194.1,36.5,44.6,1994-10-06,0,1.9,56.8,-6.5,5759,987.72
272.1,40.3,50.8,1994-10-07,0,-3.3999999999999995,58.1,2949.3999999999996,5763,995.1
181.4,27.9,42.4,1994-10-08,0,0.5,46.1,2172.3,5777,990.16
272.1,33.1,44.6,1994-10-09,0,-0.09999999999999964,52.8,1857.2,5795,985.06
251.0,39.3,42.6,1994-10-10,0,7.6000000000000005,61.0,92.4,5792,980.06
123.2,4.6,32.2,1994-10-11,0,7.3,40.4,68.80000000000001,5783,980.06
33.4,15.5,25.4,1994-10-12,0,8.8,33.9,28.599999999999994,5784,969.65
178.9,18.2,38.8,1994-10-13,0,14.2,46.0,0.0,5845,953.6
149.7,19.0,35.0,1994-10-14,0,9.4,39.9,-84.70000000000002,5794,953.32
145.3,18.2,37.6,1994-10-15,0,3.6,36.3,697.7,5774,958.76
124.7,25.3,36.0,1994-10-16,0,11.299999999999999,39.9,0.0,5801,936.63
55.0,12.6,28.8,1994-10-17,0,16.700000000000003,27.2,0.0,5746,934.43
178.4,31.3,43.6,1994-10-18,0,11.100000000000001,38.1,0.0,5714,931.2
177.3,29.7,38.0,1994-10-19,0,13.8,47.5,0.0,5788,930.65
201.3,31.9,40.0,1994-10-20,0,9.5,54.8,-32.9,5785,958.91
153.3,31.3,43.0,1994-10-21,0,2.9999999999999996,45.8,336.4,5765,950.61
113.9,26.6,40.4,1994-10-22,0,-1.6,38.8,1341.2,5673,975.02
188.6,32.7,42.6,1994-10-23,0,4.8999999999999995,44.1,175.10000000000002,5728,967.3
179.0,27.2,40.4,1994-10-24,0,8.4,40.7,113.99999999999999,5748,972.43
214.6,33.7,43.0,1994-10-25,0,2.0,48.3,1221.2,5732,985.21
200.5,35.3,43.2,1994-10-26,0,3.8,47.6,1214.5,5747,980.15
150.7,31.3,39.6,1994-10-27,0,5.3999999999999995,39.5,321.8,5729,980.24
153.0,21.6,38.2,1994-10-28,0,8.0,32.9,-28.0,5729,953.84
125.2,19.4,34.8,1994-10-29,0,9.3,33.4,-71.5,5770,975.14
151.0,10.6,40.4,1994-10-30,0,4.0,33.6,-23.1,5742,956.38
104.5,12.4,38.8,1994-10-31,0,0.6000000000000001,34.9,774.4000000000001,5741,975.02
174.0,23.0,45.0,1994-11-01,0,3.0000000000000004,41.6,-60.1,5758,1000.02
151.0,17.4,42.2,1994-11-02,1,6.0,34.1,0.9000000000000057,5714,942.58
139.0,28.5,39.8,1994-11-03,0,9.2,36.7,0.0,5721,954.06
153.3,30.7,41.4,1994-11-04,0,1.7999999999999998,40.9,687.3000000000001,5747,887.95
62.8,16.2,34.2,1994-11-05,0,10.3,28.0,0.0,5734,940.11
175.5,33.9,43.4,1994-11-06,0,8.8,45.6,0.0,5741,934.01
122.8,29.6,46.8,1994-11-07,0,1.9000000000000001,29.9,-187.5,5659,897.26
33.0,24.2,36.7,1994-11-08,0,0.20000000000000018,25.2,167.79999999999998,5642,954.51
40.7,16.6,36.7,1994-11-09,0,6.0,18.8,0.0,5679,916.95
125.2,28.5,44.6,1994-11-10,0,-0.10000000000000009,36.9,245.4,5721,942.49
71.4,25.4,43.0,1994-11-11,0,5.0,28.1,0.0,5708,940.38
99.2,27.2,45.0,1994-11-12,0,4.0,31.8,-154.7,5695,957.02
107.9,24.2,44.6,1994-11-13,0,-0.2999999999999998,29.6,705.1999999999999,5653,972.82
49.3,13.8,37.6,1994-11-14,1,4.4,22.8,-23.0,5634,954.48
117.0,25.2,43.4,1994-11-15,0,6.6,29.4,-49.5,5647,960.04
280.6,28.6,54.8,1994-11-16,0,-2.2,30.7,-134.5,5652,954.48
144.9,21.4,44.8,1994-11-17,0,3.5,24.1,-240.5,5647,910.63
162.0,17.0,48.8,1994-11-18,0,1.4000000000000001,25.7,10.799999999999997,5640,960.04
99.0,14.0,38.6,1994-11-19,0,11.5,20.9,0.0,5605,941.51
36.3,9.8,36.2,1994-11-20,0,12.7,22.0,0.0,5651,960.46
29.1,5.8,35.9,1994-11-21,0,7.699999999999999,21.9,0.0,5668,954.73
89.3,17.6,37.4,1994-11-22,0,9.6,27.7,0.0,5671,962.72
129.1,31.3,48.6,1994-11-23,0,-2.6,35.9,598.6999999999999,5678,954.09
137.4,29.2,43.2,1994-11-24,0,5.5,32.3,23.600000000000023,5640,934.8
184.4,28.6,48.0,1994-11-25,0,3.4,38.1,-43.900000000000006,5659,985.58
48.9,10.2,35.4,1994-11-26,0,14.700000000000001,22.8,0.0,5669,968.37
154.2,9.6,38.6,1994-11-27,0,17.7,28.2,0.0,5718,970.75
99.9,8.4,35.4,1994-11-28,0,12.6,21.6,-78.8,5663,965.59
123.9,12.6,37.4,1994-11-29,0,14.7,27.7,0.0,5704,973.28
109.6,19.4,39.6,1994-11-30,1,2.9000000000000004,25.5,123.30000000000001,5652,970.35
91.9,10.8,38.4,1994-12-01,0,5.2,24.0,78.4,5634,1003.34
115.5,13.8,28.8,1994-12-02,0,17.3,23.5,-43.6,5651,970.75
72.4,7.2,37.6,1994-12-03,0,4.6000000000000005,23.4,23.800000000000004,5634,970.5
74.9,9.0,34.8,1994-12-04,0,13.1,24.2,0.0,5671,960.31
68.3,9.6,33.2,1994-12-05,0,15.7,20.6,0.0,5661,949.69
46.6,0.6,28.9,1994-12-06,0,19.6,18.5,0.0,5650,947.34
30.0,1.6,31.8,1994-12-07,0,17.2,22.0,0.0,5706,965.68
128.6,-0.4,28.4,1994-12-08,0,27.5,26.4,0.0,5723,952.5
104.9,-2.0,26.4,1994-12-09,0,24.6,23.2,0.0,5731,938.37
69.8,0.6,25.3,1994-12-10,0,25.4,17.8,0.0,5729,941.73
193.7,11.8,38.8,1994-12-11,0,21.8,29.9,0.0,5726,978.35
158.2,2.2,28.0,1994-12-12,0,31.6,27.3,0.0,5736,908.92
83.4,-10.0,9.9,1994-12-13,0,51.6,20.4,0.0,5706,875.02
50.4,-5.0,20.2,1994-12-14,0,47.3,20.6,0.0,5746,920.36
40.7,2.0,22.0,1994-12-15,0,38.9,13.4,0.0,5730,934.28
77.6,5.4,24.7,1994-12-16,0,32.3,17.4,0.0,5683,956.04
69.8,-0.4,16.3,1994-12-17,0,32.4,14.2,0.0,5701,922.59
38.8,4.2,30.3,1994-12-18,0,20.9,15.2,0.0,5616,953.38
82.8,-0.2,29.0,1994-12-19,0,26.3,17.3,0.0,5647,930.89
100.8,4.8,35.6,1994-12-20,0,27.9,16.0,0.0,5685,956.28
64.0,4.8,27.7,1994-12-21,0,18.2,13.7,0.0,5593,907.33
67.9,-0.4,24.1,1994-12-22,0,25.6,13.7,0.0,5630,937.12
67.2,2.0,38.8,1994-12-23,0,14.399999999999999,16.6,0.0,5614,953.14
112.0,4.4,37.8,1994-12-24,0,16.8,16.9,0.0,5617,928.02
128.3,1.0,36.6,1994-12-25,0,22.0,21.1,0.0,5680,915.79
87.3,-4.0,23.3,1994-12-26,0,29.1,17.9,0.0,5714,893.2
84.2,-10.6,21.2,1994-12-27,0,35.0,18.8,0.0,5734,947.53
50.4,-4.2,25.9,1994-12-28,0,24.1,18.4,0.0,5691,941.91
60.1,-1.2,23.1,1994-12-29,0,20.0,14.1,0.0,5699,949.94
89.2,1.0,32.1,1994-12-30,0,25.4,16.7,0.0,5659,961.17
132.9,7.6,40.4,1994-12-31,0,16.200000000000003,20.8,0.0,5597,971.36
141.9,8.4,38.4,1995-01-01,0,18.0,23.7,0.0,5612,980.44
71.8,3.8,31.1,1995-01-02,0,28.3,13.1,0.0,5599,896.01
141.1,4.2,37.2,1995-01-03,0,31.1,17.0,0.0,5620,954.12
75.7,5.8,32.3,1995-01-04,0,21.9,14.4,0.0,5603,961.69
112.0,7.2,40.2,1995-01-05,0,23.0,17.5,0.0,5571,925.49
48.5,6.2,38.1,1995-01-06,0,19.1,15.8,0.0,5620,928.45
221.6,17.2,42.0,1995-01-07,0,22.4,26.2,0.0,5629,952.84
82.7,17.6,33.8,1995-01-08,0,22.1,25.7,0.0,5673,909.29
131.8,30.7,43.2,1995-01-09,0,11.4,37.4,0.0,5638,985.7
143.4,23.1,35.6,1995-01-10,0,16.4,31.4,0.0,5614,965.81
117.5,13.6,34.4,1995-01-11,0,17.5,24.3,0.0,5645,955.4
144.3,28.7,41.8,1995-01-12,0,12.2,33.1,0.0,5629,970.84
154.4,27.4,42.0,1995-01-13,0,13.7,27.9,0.0,5603,965.93
89.2,17.6,34.8,1995-01-14,0,19.9,24.7,0.0,5601,961.23
60.1,20.2,39.4,1995-01-15,0,23.1,21.4,0.0,5624,959.0
52.4,6.0,30.3,1995-01-16,0,31.5,15.3,0.0,5645,833.79
71.8,18.2,28.9,1995-01-17,0,15.5,23.9,0.0,5669,944.32
158.8,29.2,44.2,1995-01-18,0,12.4,30.8,0.0,5620,958.02
54.3,2.0,33.1,1995-01-19,0,17.5,20.6,0.0,5661,966.08
150.8,19.4,44.8,1995-01-20,0,15.8,21.4,0.0,5626,968.86
123.9,10.0,34.0,1995-01-21,0,24.0,20.7,0.0,5607,948.04
95.1,-1.0,19.3,1995-01-22,0,25.9,20.0,0.0,5619,971.18
116.4,2.9,8.9,1995-01-23,0,47.6,16.3,0.0,5611,872.02
153.7,1.4,19.2,1995-01-24,0,43.8,21.2,0.0,5617,917.1
171.1,6.4,29.4,1995-01-25,0,32.5,15.7,0.0,5586,923.26
89.2,-0.6,21.7,1995-01-26,0,34.8,18.3,0.0,5669,931.66
100.9,1.0,20.3,1995-01-27,0,33.0,15.6,0.0,5652,914.11
77.6,-2.6,18.7,1995-01-28,0,45.599999999999994,16.9,0.0,5667,851.27
66.0,-0.4,20.9,1995-01-29,0,37.2,16.9,0.0,5634,937.52
81.5,-4.4,12.7,1995-01-30,0,33.5,16.4,0.0,5677,928.02
93.5,0.0,28.2,1995-01-31,0,28.5,18.8,0.0,5666,945.21
64.0,-1.4,26.9,1995-02-01,0,26.0,16.1,0.0,5640,997.96
99.1,3.4,35.4,1995-02-02,0,23.700000000000003,21.2,0.0,5647,958.57
58.6,9.2,36.0,1995-02-03,0,15.3,21.3,0.0,5644,950.06
60.1,8.8,25.5,1995-02-04,0,15.5,13.9,0.0,5612,921.52
70.7,17.2,41.8,1995-02-05,0,5.0,26.3,0.0,5639,946.61
179.4,24.2,43.0,1995-02-06,0,13.7,28.8,0.0,5651,949.69
87.3,2.4,36.9,1995-02-07,0,13.7,17.1,0.0,5651,912.28
79.9,0.4,31.8,1995-02-08,0,23.8,17.4,0.0,5657,939.59
90.0,16.8,40.6,1995-02-09,0,10.9,22.7,-499.40000000000003,5664,963.0
152.3,28.2,41.2,1995-02-10,0,19.1,29.2,0.0,5683,955.28
133.1,19.0,37.2,1995-02-11,0,5.9,30.4,101.9,5666,987.96
174.1,20.2,41.8,1995-02-12,0,11.6,31.2,0.0,5700,983.17
144.9,21.2,39.0,1995-02-13,0,6.2,28.4,-5.599999999999994,5714,975.23
189.4,32.1,46.4,1995-02-14,0,9.5,37.5,0.0,5729,948.68
161.2,24.9,40.0,1995-02-15,0,2.8,35.5,513.5,5710,985.34
224.6,27.4,43.6,1995-02-16,0,11.7,31.1,0.0,5640,935.71
127.0,13.8,38.8,1995-02-17,0,19.8,22.8,0.0,5622,909.77
320.2,25.4,54.4,1995-02-18,0,-0.8999999999999999,29.9,-111.5,5656,970.44
229.6,29.4,50.6,1995-02-19,0,-3.2,31.5,508.00000000000006,5640,977.98
204.3,14.8,36.0,1995-02-20,0,18.5,33.7,0.0,5674,983.2
158.1,25.4,37.6,1995-02-21,0,8.3,32.1,112.8,5698,980.39
201.5,28.2,46.8,1995-02-22,1,-3.6999999999999997,33.6,1133.6,5636,990.34
178.7,28.2,49.8,1995-02-23,0,-5.3999999999999995,29.5,836.9000000000001,5675,987.87
261.0,29.6,50.2,1995-02-24,0,2.2,40.7,38.599999999999994,5657,980.58
64.0,9.4,26.9,1995-02-25,0,28.9,26.4,0.0,5636,894.21
87.3,8.0,35.5,1995-02-26,0,13.399999999999999,19.4,0.0,5624,941.85
89.2,18.0,38.5,1995-02-27,1,0.9999999999999998,23.0,244.0,5611,954.51
303.4,36.5,54.2,1995-02-28,0,-0.8999999999999999,35.4,-53.89999999999999,5635,983.11
162.2,17.2,42.2,1995-03-01,0,8.3,32.8,-147.0,5669,980.07
86.3,15.6,32.6,1995-03-02,0,9.9,24.1,0.0,5664,957.23
136.1,15.2,36.4,1995-03-03,0,17.1,25.2,0.0,5683,914.26
214.9,30.3,39.2,1995-03-04,0,18.1,36.9,0.0,5713,957.35
125.1,16.8,37.0,1995-03-05,0,15.6,27.4,0.0,5690,929.58
159.7,25.4,43.8,1995-03-06,0,9.6,31.7,0.0,5757,948.87
289.3,37.9,53.4,1995-03-07,0,1.8,41.2,-210.90000000000003,5704,931.5
199.5,36.1,48.2,1995-03-08,0,11.100000000000001,41.6,0.0,5711,960.13
205.4,30.5,43.4,1995-03-09,0,10.8,40.1,0.0,5731,970.35
152.6,22.5,32.0,1995-03-10,0,16.4,33.2,0.0,5687,937.82
375.2,40.3,55.4,1995-03-11,0,3.8,41.3,-426.2,5720,957.29
230.8,29.4,46.8,1995-03-12,0,5.1,35.9,-84.6,5684,959.7
151.3,26.3,42.6,1995-03-13,0,14.0,28.3,0.0,5692,932.6
71.8,18.8,34.3,1995-03-14,0,13.8,21.2,0.0,5686,908.49
122.5,21.2,39.8,1995-03-15,0,4.8999999999999995,32.3,-169.5,5701,948.59
79.5,8.4,29.5,1995-03-16,0,0.20000000000000018,24.6,-9.099999999999998,5730,980.24
206.0,28.0,52.0,1995-03-17,0,-3.4,30.4,407.50000000000006,5685,940.11
143.6,28.4,47.0,1995-03-18,0,-0.7999999999999998,31.6,537.1,5681,959.43
121.2,30.1,43.0,1995-03-19,0,7.5,33.8,-362.79999999999995,5728,928.24
175.4,24.8,44.4,1995-03-20,0,3.6999999999999997,26.2,-217.6,5756,951.28
227.8,37.3,50.6,1995-03-21,0,2.9,40.1,-186.1,5761,950.94
202.7,35.1,48.0,1995-03-22,0,1.0,41.8,1207.1000000000001,5758,964.43
161.6,15.6,46.0,1995-03-23,0,6.0,34.0,229.5,5757,964.77
136.7,21.6,47.0,1995-03-24,0,-2.9000000000000004,31.3,1835.4,5757,975.05
160.2,35.9,46.2,1995-03-25,0,0.7999999999999998,37.9,1759.9,5766,980.15
56.3,22.4,39.0,1995-03-26,0,-0.3999999999999999,26.6,1500.3,5716,927.54
158.5,22.6,47.0,1995-03-27,1,-7.2,32.9,2350.0,5726,980.06
191.1,27.8,42.2,1995-03-28,0,8.299999999999999,34.0,-137.0,5704,977.98
146.5,28.8,47.8,1995-03-29,1,-8.6,32.0,1248.8,5667,967.09
298.2,38.9,53.0,1995-03-30,0,-7.8,40.5,1430.3,5778,953.17
306.6,38.9,52.0,1995-03-31,0,-5.7,49.5,1911.0,5754,961.41
111.2,26.6,42.6,1995-04-01,0,-6.8999999999999995,40.4,3402.6,5716,991.04
233.4,35.5,47.6,1995-04-02,0,1.9,48.1,1393.2,5746,977.52
129.7,24.4,38.8,1995-04-03,0,5.2,37.5,144.89999999999998,5748,953.63
76.0,26.5,40.2,1995-04-04,0,2.8,30.2,-65.9,5704,922.07
364.3,44.9,55.4,1995-04-05,0,2.6,45.3,-195.2,5744,915.82
174.0,28.4,48.2,1995-04-08,0,-4.4,32.9,2753.0,5749,969.59
340.3,37.2,53.8,1995-04-09,0,-4.5,47.9,3684.3,5786,987.59
130.9,30.6,49.0,1995-04-10,0,-4.699999999999999,39.6,2754.0,5773,972.15
194.3,30.0,50.2,1995-04-11,1,-9.700000000000001,37.5,-7.2,5760,972.09
301.4,42.3,54.4,1995-04-12,0,-8.1,47.7,3137.7,5753,977.43
256.6,37.7,52.0,1995-04-13,0,-2.0000000000000004,41.7,1266.1,5762,964.43
106.3,29.5,47.2,1995-04-14,1,-4.6000000000000005,36.3,1565.7,5789,980.03
193.1,24.6,54.8,1995-04-15,0,-21.5,30.5,5295.4,5682,966.75
113.5,21.0,50.6,1995-04-16,0,-0.8,25.2,-245.7,5727,913.1
138.5,28.6,50.0,1995-04-17,0,-10.8,29.3,3942.4,5722,972.18
303.0,36.3,53.0,1995-04-18,0,-6.199999999999999,39.6,3264.5,5768,972.12
388.0,40.3,57.4,1995-04-19,0,-9.200000000000001,45.8,3194.0,5780,977.37
89.3,28.4,49.2,1995-04-20,1,-11.9,32.4,4204.7,5792,882.92
171.2,27.7,42.0,1995-04-21,0,-0.3999999999999999,33.0,1138.5,5709,977.68
166.9,36.1,48.8,1995-04-22,0,1.4,40.9,1203.8,5815,956.07
107.5,25.6,42.8,1995-04-23,0,-4.9,31.5,2800.7999999999997,5773,966.81
74.9,18.2,45.0,1995-04-24,0,-10.9,28.2,326.4,5777,955.67
187.3,30.8,51.2,1995-04-25,0,-10.5,38.9,4908.2,5786,969.25
128.8,28.2,49.2,1995-04-26,0,-7.6,32.2,3206.6,5785,920.21
168.9,26.0,49.6,1995-04-27,0,-7.4,37.7,2807.4,5791,947.25
71.0,19.8,44.6,1995-04-28,0,-6.8,32.3,2374.6,5769,935.71
282.4,37.7,52.2,1995-04-29,0,-5.199999999999999,52.4,3137.6,5837,963.79
118.5,29.7,44.0,1995-04-30,1,-4.4,38.3,2993.5,5795,955.67
346.8,44.3,57.2,1995-05-01,1,-19.4,48.4,6762.3,5778,980.68
216.3,40.1,51.2,1995-05-02,0,-3.0,44.9,997.5000000000001,5830,950.24
132.3,32.3,48.2,1995-05-03,0,-6.0,44.0,2667.1,5804,969.38
293.1,40.5,53.2,1995-05-04,0,-9.399999999999999,55.1,4788.0,5832,966.35
293.0,32.8,52.8,1995-05-05,0,-7.9,44.2,3363.3,5790,963.88
183.1,30.6,46.6,1995-05-06,0,-10.299999999999999,39.7,4.800000000000001,5733,971.91
176.2,33.3,47.0,1995-05-07,0,-4.7,47.9,2320.1,5823,961.04
673.1,51.3,68.6,1995-05-08,0,-18.0,61.5,-2.0999999999999996,5764,974.53
167.4,33.7,43.6,1995-05-09,1,-0.9000000000000004,58.6,1608.7,5804,974.69
220.8,33.3,41.4,1995-05-10,0,1.4999999999999996,56.8,1758.5,5787,969.38
231.8,37.5,39.6,1995-05-11,1,9.5,65.8,-61.7,5819,977.46
278.0,40.1,44.2,1995-05-12,0,6.9,71.6,-0.19999999999999574,5791,985.15
256.9,36.3,40.4,1995-05-13,1,9.200000000000001,58.8,-87.1,5832,990.16
339.7,40.6,42.0,1995-05-14,1,10.6,70.0,-44.7,5849,945.37
321.0,37.9,41.0,1995-05-15,0,9.1,63.2,-1.8,5777,940.68
291.0,39.3,44.0,1995-05-16,0,5.4,60.3,276.7,5712,935.9
320.1,28.3,39.6,1995-05-17,0,11.700000000000001,47.0,0.0,5759,931.31
252.5,38.5,51.6,1995-05-18,0,7.4,37.1,0.0,5797,779.09
133.0,28.9,40.4,1995-05-19,0,7.0,33.4,-293.4,5798,921.04
191.9,34.9,47.4,1995-05-20,0,-4.3999999999999995,54.4,2007.4,5826,982.41
149.1,29.3,46.8,1995-05-21,0,-8.1,46.1,3696.5,5792,992.57
137.8,26.6,47.0,1995-05-22,0,-11.3,33.6,4275.8,5777,979.75
417.3,47.1,57.6,1995-05-23,0,-12.4,55.6,4398.7,5797,982.38
212.4,37.9,51.6,1995-05-24,0,-13.3,49.9,2880.7,5795,979.78
299.1,37.3,52.8,1995-05-25,0,-7.3999999999999995,55.0,3518.1,5841,979.78
451.2,46.1,58.0,1995-05-26,0,-9.1,64.4,5056.7,5832,977.1
226.1,34.9,44.0,1995-05-27,0,1.0999999999999996,52.1,1307.5,5839,971.82
293.0,36.1,51.8,1995-05-28,0,-5.6,53.9,3859.2,5845,969.07
160.3,23.8,44.0,1995-05-29,0,-4.7,46.2,5109.8,5848,979.72
64.6,15.0,34.6,1995-05-30,0,-0.09999999999999964,35.6,2384.4,5844,977.16
109.2,16.6,39.6,1995-05-31,0,-4.2,44.2,3521.0,5812,974.47
156.2,26.5,39.0,1995-06-01,0,0.8000000000000007,54.5,22.3,5835,983.34
262.8,35.7,44.4,1995-06-02,0,0.0,55.2,67.10000000000001,5872,987.47
241.1,32.8,47.8,1995-06-03,0,2.8,53.0,478.0,5810,963.97
315.0,34.6,43.0,1995-06-04,0,5.1000000000000005,57.7,2.7,5852,942.96
331.4,39.7,51.6,1995-06-05,0,-2.5999999999999996,49.4,5275.5,5819,930.84
244.1,27.2,45.0,1995-06-06,1,6.1000000000000005,50.9,2097.5,5826,908.02
359.1,42.7,47.6,1995-06-07,0,3.1999999999999993,66.5,-21.2,5833,947.68
265.2,40.7,48.2,1995-06-08,1,1.9000000000000004,55.8,2207.1,5817,915.82
293.5,44.3,48.4,1995-06-09,1,1.5,76.3,2489.6,5871,947.68
299.7,41.5,52.0,1995-06-10,1,-5.499999999999999,50.3,1332.9,5790,910.55
207.3,27.4,42.0,1995-06-11,0,11.2,41.4,-256.8,5748,854.43
258.2,36.5,39.2,1995-06-12,0,14.8,61.7,0.0,5797,905.96
208.9,31.9,38.2,1995-06-13,0,1.8999999999999995,51.2,2469.8,5812,942.98
270.1,38.1,47.2,1995-06-14,0,-0.2999999999999998,63.2,-5.3999999999999995,5862,979.78
168.6,20.7,35.4,1995-06-15,0,1.3999999999999995,48.2,-9.1,5833,971.82
282.8,40.9,50.2,1995-06-16,1,-0.10000000000000053,58.6,2886.7000000000003,5875,928.48
410.9,43.3,54.8,1995-06-17,0,-3.8999999999999995,55.4,4056.8,5809,935.84
263.7,34.1,41.0,1995-06-18,1,7.8,53.3,138.5,5807,921.17
302.1,41.3,46.2,1995-06-19,0,4.8999999999999995,62.6,2052.7,5856,913.24
316.6,44.5,50.2,1995-06-20,1,5.2,76.7,505.0,5869,985.06
223.5,34.5,40.8,1995-06-21,0,0.0,61.5,2206.5,5810,999.98
304.7,40.2,40.4,1995-06-22,1,13.0,87.4,1355.7,5919,992.6
269.3,38.9,42.8,1995-06-23,0,5.3999999999999995,58.5,1869.1,5794,949.99
293.4,37.4,40.2,1995-06-24,1,8.5,65.1,54.7,5883,938.26
248.2,38.1,40.6,1995-06-25,1,6.200000000000001,60.1,1517.8,5866,926.01
310.9,45.2,45.2,1995-06-26,0,7.199999999999999,74.9,3.400000000000002,5877,947.68
282.8,44.5,48.8,1995-06-27,0,4.9,72.3,1173.1000000000001,5874,987.53
277.3,38.0,39.8,1995-06-28,0,9.2,63.0,571.3000000000001,5863,947.68
265.8,36.1,44.8,1995-06-29,0,3.2,54.9,2577.6,5836,945.34
239.7,36.3,44.6,1995-06-30,1,-0.20000000000000018,56.9,3765.9,5802,938.2
257.7,39.1,45.0,1995-07-01,0,0.9000000000000004,62.7,-6.1000000000000005,5795,972.91
289.3,41.1,52.2,1995-07-02,1,-4.2,45.3,587.8000000000001,5711,923.7
285.9,35.0,37.4,1995-07-03,1,8.8,60.1,947.0,5801,923.56
326.2,43.9,48.6,1995-07-04,0,-2.6999999999999993,64.6,5759.799999999999,5826,928.26
278.4,39.9,45.2,1995-07-05,0,2.0,61.2,2561.1000000000004,5825,923.45
307.9,37.5,51.2,1995-07-06,0,-4.499999999999999,49.5,5582.6,5813,930.84
226.9,35.3,46.4,1995-07-07,0,-6.1,54.8,4351.3,5830,992.54
236.5,30.7,43.2,1995-07-08,0,0.09999999999999964,58.1,978.9,5851,984.97
274.5,38.5,47.0,1995-07-09,1,-0.5,58.0,4298.5,5836,947.68
294.7,39.7,51.0,1995-07-10,0,-1.8999999999999995,54.0,4155.0,5800,921.04
221.5,38.1,44.4,1995-07-11,0,5.1,54.4,1659.3,5812,910.98
319.5,43.7,50.8,1995-07-12,1,-0.40000000000000036,63.5,3952.5,5825,945.34
238.7,37.6,39.2,1995-07-13,1,10.799999999999999,63.6,187.2,5790,921.12
280.6,42.3,44.4,1995-07-14,0,2.1000000000000005,63.6,6470.8,5829,947.68
284.5,40.7,45.2,1995-07-15,1,5.000000000000001,63.4,2428.7,5846,940.65
274.8,39.0,42.6,1995-07-16,0,9.0,66.3,2309.1,5862,925.98
280.7,44.5,49.2,1995-07-17,1,-0.39999999999999947,66.2,895.8,5776,947.68
172.7,22.2,43.6,1995-07-18,0,0.9000000000000004,31.6,952.6999999999999,5751,903.18
277.5,37.5,42.8,1995-07-19,0,7.1000000000000005,60.0,2163.7,5810,940.7
308.3,43.1,47.4,1995-07-20,0,0.2999999999999998,65.4,3768.5,5835,947.68
214.9,35.5,43.4,1995-07-21,0,9.399999999999999,49.1,0.0,5789,884.37
279.8,40.7,45.4,1995-07-22,0,4.0,60.2,2590.0,5810,940.68
251.7,32.3,41.8,1995-07-23,0,5.0,46.7,1832.8,5778,938.37
302.1,43.5,47.4,1995-07-24,0,2.9000000000000004,71.1,2018.9,5809,990.13
232.7,30.7,43.4,1995-07-25,0,-0.3000000000000007,55.2,55.1,5847,985.03
313.2,43.7,51.2,1995-07-26,1,-2.3999999999999995,52.4,4285.3,5779,926.09
169.1,26.6,44.2,1995-07-27,0,-7.8999999999999995,30.8,-107.8,5758,990.19
266.7,38.7,41.4,1995-07-28,0,6.699999999999999,74.9,-2.4000000000000004,5864,987.56
246.0,38.1,48.4,1995-07-29,1,-4.6,64.0,4203.0,5824,992.6
226.8,33.7,40.8,1995-07-30,1,7.000000000000001,52.3,1150.7,5808,918.57
279.2,42.7,47.8,1995-07-31,1,3.8000000000000003,59.6,1492.3000000000002,5806,938.29
264.0,39.1,45.6,1995-08-01,1,1.4000000000000004,66.4,2095.8,5829,991.61
254.7,36.2,39.6,1995-08-02,1,8.9,55.4,148.20000000000002,5810,931.01
241.2,35.9,41.8,1995-08-03,1,4.4,56.8,2425.7000000000003,5778,945.37
351.1,45.3,51.4,1995-08-04,1,-3.4000000000000004,60.2,4928.2,5762,947.68
247.1,35.5,40.0,1995-08-05,0,7.1,56.7,1024.7,5839,933.51
183.6,32.5,36.4,1995-08-06,1,7.499999999999999,53.8,32.5,5814,933.48
279.8,37.5,42.0,1995-08-07,1,5.1,64.7,-14.2,5742,918.35
381.6,48.1,49.8,1995-08-08,0,3.0999999999999996,78.6,5975.8,5852,949.99
283.0,35.3,40.4,1995-08-09,0,10.8,58.2,-159.2,5836,911.01
249.5,31.2,38.8,1995-08-10,0,9.700000000000001,61.9,529.6999999999999,5867,972.03
247.5,39.9,45.6,1995-08-11,0,0.20000000000000018,69.5,2346.0,5831,982.41
242.4,34.7,40.6,1995-08-12,0,3.3000000000000003,63.9,2332.1,5869,977.16
287.0,37.5,54.2,1995-08-13,0,-6.2,41.0,-103.60000000000002,5755,863.91
210.8,29.9,40.6,1995-08-14,1,7.2,36.0,158.7,5760,878.16
275.4,38.6,41.4,1995-08-15,0,6.0,78.2,793.0,5872,979.78
215.2,37.1,46.8,1995-08-16,1,-2.5000000000000004,55.2,-1.2,5792,995.1
245.7,32.1,41.6,1995-08-17,1,7.999999999999999,60.8,408.90000000000003,5878,982.5
268.0,37.7,44.4,1995-08-18,0,1.0,62.0,1788.9,5815,997.54
251.4,37.7,46.2,1995-08-19,1,1.5,62.7,3062.6,5819,985.06
278.3,42.7,48.6,1995-08-20,1,-0.1999999999999993,70.7,2495.7,5797,982.47
276.9,40.3,41.8,1995-08-21,0,7.999999999999999,72.3,86.8,5840,999.98
209.7,32.1,41.4,1995-08-22,0,3.5,54.2,609.8000000000001,5807,987.59
270.0,40.0,41.6,1995-08-23,0,6.199999999999999,75.4,1747.9,5847,995.07
227.4,38.1,47.0,1995-08-24,0,-3.7,57.8,2502.2,5817,987.53
230.6,36.7,42.6,1995-08-25,0,5.7,68.8,1651.0,5794,982.47
265.6,42.9,48.0,1995-08-26,0,2.1999999999999997,75.8,2905.2000000000003,5864,987.53
213.4,31.3,39.8,1995-08-27,0,4.4,56.0,2196.3,5837,977.28
258.0,40.7,44.2,1995-08-28,0,4.1,58.7,2924.6,5815,894.42
281.7,34.9,44.2,1995-08-29,0,9.899999999999999,56.2,274.79999999999995,5841,918.65
287.2,36.1,43.6,1995-08-30,1,2.9000000000000004,53.7,478.90000000000003,5810,940.65
280.6,31.6,37.6,1995-08-31,1,11.6,55.8,166.39999999999998,5854,921.12
302.5,39.3,43.4,1995-09-01,0,2.5999999999999996,72.3,2307.2000000000003,5793,991.08
284.2,40.3,42.4,1995-09-02,0,7.9,67.6,248.59999999999997,5808,938.31
260.1,39.5,45.2,1995-09-03,0,4.3999999999999995,58.7,2416.5,5810,933.51
259.5,40.5,48.6,1995-09-04,1,-1.4000000000000004,54.9,4071.0,5796,945.34
205.8,30.9,39.0,1995-09-05,1,8.8,41.1,117.8,5733,945.43
279.1,34.7,41.0,1995-09-06,1,7.6,57.2,-5.0,5831,923.67
182.1,26.4,36.0,1995-09-07,0,11.1,53.9,2.8000000000000114,5898,979.93
231.5,38.3,42.6,1995-09-08,0,4.699999999999999,58.5,1991.4,5825,987.56
224.8,36.7,43.0,1995-09-09,1,0.40000000000000036,62.6,3095.8999999999996,5808,952.62
162.4,32.5,42.8,1995-09-10,0,-0.5,52.3,2116.0,5803,985.03
182.1,32.5,41.2,1995-09-11,0,-0.5999999999999996,53.2,2859.3,5782,985.03
239.2,39.1,44.0,1995-09-12,0,5.5,71.3,-47.300000000000004,5838,985.06
187.9,32.9,44.6,1995-09-13,1,-4.699999999999999,50.2,2814.7999999999997,5766,982.5
175.8,32.5,45.4,1995-09-14,0,-3.8,48.2,2734.0,5773,979.93
195.5,35.5,47.8,1995-09-15,1,-8.7,53.1,3572.7,5762,982.41
230.2,38.7,46.6,1995-09-16,1,-1.4000000000000004,60.8,3120.4,5794,987.59
306.6,37.5,44.8,1995-09-17,1,3.4000000000000004,63.1,1099.8000000000002,5795,995.1
306.1,39.3,43.2,1995-09-18,1,3.5,60.3,353.5,5800,997.54
304.9,42.3,49.0,1995-09-19,0,1.0999999999999996,70.1,1964.8000000000002,5809,995.07
271.1,35.9,43.2,1995-09-20,0,4.9,65.2,1395.8,5869,992.57
243.3,33.9,42.2,1995-09-21,0,5.0,60.7,818.9,5934,979.84
253.9,36.3,46.4,1995-09-22,1,0.39999999999999947,59.3,1388.1,5813,977.28
237.7,37.1,43.4,1995-09-23,1,2.1,63.3,1218.1,5845,984.97
228.6,39.3,46.4,1995-09-24,0,-0.5,64.0,2838.8999999999996,5834,995.07
269.7,41.7,46.2,1995-09-25,1,4.6,66.7,-17.3,5798,990.16
238.5,30.7,37.8,1995-09-26,1,0.30000000000000027,53.9,1451.8,5726,977.37
336.0,37.7,45.8,1995-09-27,1,3.8,57.5,267.59999999999997,5799,990.19
304.2,38.3,44.6,1995-09-28,0,0.40000000000000036,66.6,2467.9,5795,997.54
216.5,31.5,40.8,1995-09-29,0,0.7000000000000002,52.3,2605.7,5765,990.13
255.5,34.5,43.8,1995-09-30,0,1.4,57.4,1641.8,5770,985.09
226.9,31.1,38.8,1995-10-01,0,6.6,57.7,778.8,5789,996.1
258.8,28.8,48.8,1995-10-02,0,2.9999999999999996,60.8,1155.4,5818,985.06
206.0,23.0,41.2,1995-10-03,0,2.5000000000000004,48.0,2078.2000000000003,5780,992.63
231.5,37.1,47.4,1995-10-04,0,0.2999999999999998,57.8,1414.3,5794,987.63
264.8,38.7,47.6,1995-10-05,1,5.6000000000000005,63.2,222.60000000000002,5750,985.15
201.3,34.7,46.8,1995-10-06,0,-1.8000000000000003,50.8,2403.3,5791,982.5
267.7,37.7,43.6,1995-10-07,1,4.6,68.4,1301.0,5778,997.54
259.0,38.5,43.8,1995-10-08,0,7.5,69.4,664.3,5811,985.12
237.1,35.1,42.4,1995-10-09,0,4.8999999999999995,61.0,462.09999999999997,5780,995.13
222.0,40.3,48.0,1995-10-10,0,-1.0999999999999996,56.3,1996.9,5746,990.19
240.3,39.7,46.2,1995-10-11,0,1.5,66.2,1566.2,5813,997.57
176.4,32.1,45.4,1995-10-12,0,-3.9999999999999996,47.5,2352.2,5749,980.0
169.1,35.7,46.4,1995-10-13,0,-3.5000000000000004,51.8,1926.6000000000001,5761,990.19
208.5,35.7,45.8,1995-10-14,0,0.09999999999999964,54.5,2099.6,5793,982.53
149.4,30.7,42.2,1995-10-15,0,-2.3999999999999995,47.6,3293.4,5747,990.13
217.2,37.7,46.6,1995-10-16,1,1.3000000000000003,57.1,1992.1,5805,987.63
163.3,33.1,42.8,1995-10-17,1,-2.3000000000000003,57.8,2747.5,5797,992.6
177.0,32.5,48.0,1995-10-18,0,-8.3,46.3,3650.7,5733,995.13
261.0,27.4,49.6,1995-10-19,0,-0.7000000000000002,45.6,-7.2,5762,990.19
245.5,39.1,47.4,1995-10-20,1,2.3999999999999995,65.5,829.2,5797,995.13
232.1,38.3,48.0,1995-10-21,0,-1.2000000000000002,62.5,1717.2,5781,990.16
228.3,38.5,44.6,1995-10-22,0,1.3000000000000003,61.0,1873.2,5772,995.13
204.3,26.0,45.2,1995-10-23,0,-1.8999999999999995,49.5,2581.8,5754,977.43
21.3,17.3,26.9,1995-10-24,0,3.5,35.1,556.1999999999999,5744,959.03
21.3,16.9,12.7,1995-10-25,0,14.200000000000001,26.0,0.0,5733,890.85
36.2,23.7,33.0,1995-10-26,0,14.899999999999999,32.6,0.0,5795,951.31
23.3,8.8,34.3,1995-10-27,0,9.8,32.0,0.0,5736,943.16
128.8,3.0,36.6,1995-10-28,0,15.4,28.7,0.0,5798,964.74
57.8,-2.6,32.2,1995-10-29,0,10.5,27.9,0.0,5780,987.84
196.2,34.5,39.6,1995-10-30,0,11.200000000000001,59.0,0.0,5785,945.18
227.4,38.1,43.8,1995-10-31,0,5.199999999999999,58.7,-9.0,5756,987.75
261.1,40.7,47.2,1995-11-01,0,8.9,62.4,0.0,5792,993.16
159.6,31.9,39.8,1995-11-02,0,1.6999999999999997,47.3,3.3999999999999995,5725,987.78
61.3,-4.0,29.4,1995-11-03,0,17.9,32.1,0.0,5740,931.78
88.7,-5.2,30.0,1995-11-04,0,17.4,31.7,0.0,5732,943.37
144.8,6.8,38.6,1995-11-05,0,18.9,30.2,0.0,5717,938.19
157.7,7.4,39.6,1995-11-06,0,16.3,37.0,0.0,5759,948.99
212.4,17.8,46.2,1995-11-07,1,14.299999999999999,42.8,0.0,5766,951.52
173.7,34.1,43.8,1995-11-08,1,5.5,39.7,-149.4,5765,959.12
292.7,40.1,45.6,1995-11-09,0,10.4,58.8,0.0,5766,967.36
367.7,30.6,45.8,1995-11-10,0,3.1,51.5,-10.0,5803,987.63
146.6,15.8,40.4,1995-11-11,0,8.0,29.6,-189.0,5750,990.31
198.3,18.6,35.4,1995-11-12,0,12.899999999999999,33.0,0.0,5734,987.93
191.4,13.4,41.0,1995-11-13,0,11.0,32.0,0.0,5702,970.26
194.0,8.2,39.8,1995-11-14,0,10.2,32.5,0.0,5752,977.86
50.7,-1.8,28.6,1995-11-15,0,14.2,22.7,0.0,5758,977.89
170.8,27.0,43.8,1995-11-16,0,6.3,35.6,-251.9,5754,956.65
252.9,40.3,50.8,1995-11-17,0,-0.10000000000000009,51.9,376.1,5741,977.71
209.8,35.5,45.8,1995-11-18,1,2.6999999999999997,49.8,-16.700000000000003,5726,982.83
250.3,35.9,44.2,1995-11-19,0,7.2,48.5,-55.5,5733,990.31
50.4,11.0,26.9,1995-11-20,0,4.9,23.7,-3.2,5677,985.46
120.4,5.4,34.0,1995-11-21,0,9.0,29.3,-39.2,5739,959.37
86.8,3.8,33.4,1995-11-22,0,15.3,22.0,0.0,5706,940.93
94.6,15.0,38.4,1995-11-23,0,12.6,30.9,0.0,5705,954.82
138.0,30.3,44.2,1995-11-24,0,5.199999999999999,37.8,-122.29999999999998,5706,962.27
365.4,30.5,41.2,1995-11-25,0,13.5,47.8,0.0,5706,985.58
75.7,2.6,32.3,1995-11-26,0,12.600000000000001,26.0,0.0,5659,965.44
60.1,-11.6,23.9,1995-11-27,0,23.8,25.9,0.0,5697,941.6
62.1,3.6,26.5,1995-11-28,0,25.2,26.2,0.0,5756,957.84
69.8,-0.2,15.5,1995-11-29,0,25.1,18.1,0.0,5696,876.17
88.5,1.0,26.4,1995-11-30,0,28.4,23.5,0.0,5728,936.08
127.5,10.2,34.2,1995-12-01,0,24.0,24.1,0.0,5703,1000.14
130.2,5.6,32.6,1995-12-02,0,23.0,27.6,0.0,5722,944.23
104.8,6.2,29.8,1995-12-03,0,26.5,21.0,0.0,5671,936.33
83.9,-2.0,27.2,1995-12-04,0,30.9,21.6,0.0,5705,944.99
69.8,3.2,13.9,1995-12-05,0,23.799999999999997,15.2,0.0,5658,955.8
62.1,-4.4,32.0,1995-12-06,0,22.1,15.9,0.0,5670,915.54
162.7,0.6,34.2,1995-12-07,0,25.9,26.9,0.0,5711,960.59
31.0,-7.0,23.5,1995-12-08,0,20.3,15.9,0.0,5674,927.35
121.9,-0.6,38.6,1995-12-09,0,13.2,23.4,0.0,5714,957.5
161.9,11.2,42.2,1995-12-10,0,16.8,21.7,0.0,5654,952.68
52.4,13.6,25.7,1995-12-11,0,17.5,21.5,0.0,5665,915.05
138.3,18.6,31.2,1995-12-12,0,25.0,32.5,0.0,5699,946.98
143.8,18.4,44.6,1995-12-13,0,11.3,23.6,0.0,5663,938.46
56.3,-3.4,24.7,1995-12-14,0,24.2,19.8,0.0,5690,912.28
79.5,8.0,31.2,1995-12-15,0,27.200000000000003,14.3,0.0,5669,925.37
87.6,10.6,33.4,1995-12-16,0,22.2,22.2,0.0,5670,930.56
87.3,6.0,13.5,1995-12-17,0,20.4,11.9,0.0,5701,924.42
134.2,1.8,33.4,1995-12-18,0,20.4,20.4,0.0,5685,930.1
93.5,7.0,29.4,1995-12-19,0,28.4,20.1,0.0,5697,947.8
85.3,2.4,32.0,1995-12-20,0,19.700000000000003,17.0,0.0,5658,927.47
81.5,9.0,30.8,1995-12-21,0,21.3,21.5,0.0,5662,968.55
99.1,16.4,39.2,1995-12-22,0,18.0,20.5,0.0,5649,930.5
188.2,21.4,50.0,1995-12-23,0,8.5,26.0,0.0,5660,946.88
279.4,34.6,54.2,1995-12-24,0,1.6,28.5,-151.2,5610,946.76
188.0,25.8,51.6,1995-12-25,0,3.9,24.9,0.0,5619,949.75
138.9,25.4,43.6,1995-12-26,0,13.2,25.4,0.0,5613,952.53
82.1,16.0,39.0,1995-12-27,0,15.600000000000001,23.1,0.0,5641,912.19
131.3,-1.0,41.6,1995-12-28,0,16.3,17.3,0.0,5595,961.01
62.1,13.0,29.3,1995-12-29,0,14.2,19.8,0.0,5614,990.65
75.7,9.0,28.9,1995-12-30,0,16.7,18.1,0.0,5602,950.24
66.0,16.6,28.1,1995-12-31,0,12.8,20.9,0.0,5625,941.45
66.0,15.2,25.1,1996-01-01,0,19.4,27.5,0.0,5634,999.1
158.7,23.4,37.8,1996-01-02,0,15.7,32.1,0.0,5683,968.03
102.8,24.9,35.2,1996-01-03,0,14.899999999999999,29.7,0.0,5655,962.84
159.6,26.7,39.4,1996-01-04,0,11.7,32.7,0.0,5636,946.61
193.2,17.6,41.8,1996-01-05,0,8.1,34.0,99.6,5637,995.29
154.6,12.2,37.8,1996-01-06,0,15.0,20.5,0.0,5647,968.34
62.1,12.2,30.1,1996-01-07,0,17.200000000000003,22.9,0.0,5615,955.34
98.4,11.6,34.6,1996-01-08,0,17.299999999999997,27.9,0.0,5653,949.75
142.3,11.4,38.4,1996-01-09,0,17.8,21.3,0.0,5668,949.91
136.5,17.6,45.2,1996-01-10,0,13.899999999999999,19.8,0.0,5613,942.06
165.8,26.8,45.4,1996-01-11,0,6.0,29.2,-71.2,5598,941.06
176.0,20.0,42.0,1996-01-12,0,12.3,24.2,0.0,5619,963.0
71.8,5.4,30.3,1996-01-13,0,19.4,17.5,0.0,5623,942.0
96.4,8.8,33.0,1996-01-14,0,22.0,19.4,0.0,5620,950.55
211.0,25.8,45.2,1996-01-15,0,10.5,35.3,0.0,5648,975.75
252.5,27.4,48.0,1996-01-16,0,10.5,31.9,0.0,5665,960.16
213.5,36.5,49.0,1996-01-17,0,5.0,38.3,-70.3,5642,995.29
189.2,13.8,37.6,1996-01-18,0,16.2,32.5,0.0,5660,997.67
194.8,-2.0,41.4,1996-01-19,0,17.4,29.7,0.0,5624,960.89
85.4,-2.8,25.3,1996-01-20,0,21.0,24.3,0.0,5642,978.53
130.6,1.0,36.8,1996-01-21,0,17.0,18.1,0.0,5580,961.07
116.7,-5.6,36.4,1996-01-22,0,23.0,13.8,0.0,5645,936.87
95.1,6.2,29.3,1996-01-23,0,20.9,16.9,0.0,5646,955.8
108.6,3.4,28.9,1996-01-24,0,22.1,17.7,0.0,5666,942.06
79.5,0.0,33.8,1996-01-25,0,23.0,14.0,0.0,5659,897.32
112.8,16.8,33.6,1996-01-26,0,23.1,24.5,0.0,5669,955.7
108.9,-0.8,27.8,1996-01-27,0,24.0,18.9,0.0,5674,947.34
66.0,-1.2,6.7,1996-01-28,0,32.1,18.2,0.0,5738,950.39
152.2,3.6,32.2,1996-01-29,0,26.0,19.6,0.0,5676,939.19
134.7,10.4,41.2,1996-01-30,0,21.200000000000003,17.2,0.0,5643,945.3
125.0,12.4,43.0,1996-01-31,0,22.6,16.4,0.0,5630,958.88
133.8,20.8,50.6,1996-02-01,0,17.700000000000003,12.6,0.0,5563,981.77
99.8,16.6,47.6,1996-02-02,0,16.2,13.5,0.0,5611,961.23
200.0,16.6,53.4,1996-02-03,0,6.4,24.1,0.0,5632,968.61
121.2,26.0,42.6,1996-02-04,0,11.0,24.0,0.0,5611,952.53
56.3,6.2,32.7,1996-02-05,0,10.7,12.5,0.0,5616,955.34
80.3,2.4,39.8,1996-02-06,0,12.1,16.7,0.0,5603,968.49
120.5,3.6,43.4,1996-02-07,0,13.3,16.6,0.0,5624,933.24
95.0,4.4,42.4,1996-02-08,0,12.9,18.2,0.0,5628,950.0
139.2,15.6,47.2,1996-02-09,0,10.3,21.2,0.0,5606,952.59
92.5,10.0,42.4,1996-02-10,0,7.5,20.5,0.0,5597,941.51
130.8,20.6,46.2,1996-02-11,0,8.0,23.7,0.0,5633,960.37
111.6,15.8,47.0,1996-02-12,0,3.0,24.6,0.0,5606,965.56
87.1,8.4,40.4,1996-02-13,0,9.0,22.0,0.0,5627,935.65
56.3,-3.0,27.3,1996-02-14,0,18.6,23.8,0.0,5714,965.74
95.2,3.8,36.6,1996-02-15,0,18.8,24.9,0.0,5684,978.53
118.5,15.6,34.8,1996-02-16,0,16.4,21.9,0.0,5650,960.43
162.6,13.0,35.8,1996-02-17,0,23.0,28.2,0.0,5736,957.72
79.8,5.6,32.0,1996-02-18,0,18.4,25.8,0.0,5716,932.72
85.4,0.8,29.9,1996-02-19,1,16.7,18.1,0.0,5679,965.81
267.8,33.8,54.4,1996-02-20,0,-14.600000000000001,30.6,1672.2,5637,990.28
242.9,29.2,51.2,1996-02-21,0,-4.800000000000001,32.7,1291.6,5659,977.89
144.9,25.2,40.2,1996-02-22,0,5.7,33.4,20.0,5656,997.63
248.1,36.7,51.6,1996-02-23,0,-6.7,37.8,-2.2,5684,990.28
123.6,3.6,41.4,1996-02-24,1,9.6,22.3,0.0,5695,962.69
179.9,30.9,49.0,1996-02-25,1,0.8000000000000003,37.4,381.30000000000007,5707,990.37
218.1,36.7,48.8,1996-02-26,0,1.3,44.1,6.0,5715,959.61
335.3,33.8,54.6,1996-02-27,0,1.1,39.3,15.399999999999977,5723,983.02
311.2,19.8,54.0,1996-02-28,0,6.199999999999999,28.4,0.0,5678,917.47
139.3,4.2,38.4,1996-02-29,0,12.4,30.6,0.0,5753,983.05
48.5,-0.8,26.3,1996-03-01,0,17.799999999999997,18.5,0.0,5673,977.55
71.2,-1.0,33.8,1996-03-02,0,18.1,21.7,0.0,5738,965.56
139.0,4.4,39.6,1996-03-03,0,10.9,25.2,0.0,5713,965.29
93.2,24.0,49.8,1996-03-04,0,-4.0,26.5,618.7,5661,957.11
294.5,34.8,54.8,1996-03-05,0,-0.3999999999999999,33.9,56.900000000000006,5630,951.89
164.5,31.4,48.4,1996-03-06,0,8.1,33.4,0.0,5712,943.37
137.6,24.2,47.0,1996-03-07,0,-0.6999999999999997,29.5,1257.1,5668,956.68
209.4,29.4,46.8,1996-03-08,0,6.7,34.9,0.0,5756,964.74
67.9,0.6,36.5,1996-03-09,0,-0.5,16.3,300.6,5712,953.81
70.0,23.7,35.6,1996-03-10,0,9.0,27.8,-191.9,5751,956.68
154.2,25.8,43.6,1996-03-11,0,2.4000000000000004,29.8,1178.1999999999998,5727,980.27
136.5,8.2,41.4,1996-03-12,0,2.5,26.7,540.8,5743,930.71
133.9,14.8,42.2,1996-03-13,0,-2.7,24.9,1736.5,5748,961.72
134.5,23.6,44.2,1996-03-14,0,0.2999999999999998,26.5,829.2,5721,961.96
210.9,30.6,49.8,1996-03-15,0,-4.9,36.7,1783.1,5728,980.09
104.4,10.2,35.0,1996-03-16,0,2.8,28.5,1777.1999999999998,5770,974.87
102.8,25.2,43.2,1996-03-17,0,-5.5,30.4,2902.7999999999997,5728,964.31
124.5,27.3,45.4,1996-03-18,0,-7.7,31.8,-63.0,5749,966.93
98.2,17.6,38.2,1996-03-19,0,2.5,26.8,766.8000000000001,5733,927.54
211.7,31.9,50.0,1996-03-20,0,-2.0999999999999996,39.5,1119.8000000000002,5774,980.12
148.4,29.3,46.4,1996-03-21,1,-4.5,40.3,310.5,5718,995.1
163.5,28.8,49.4,1996-03-22,1,-4.199999999999999,32.5,1774.5,5748,956.16
225.7,32.9,50.4,1996-03-23,0,2.0,39.4,237.0,5770,945.45
97.5,24.8,43.8,1996-03-24,0,-6.5,27.7,2567.9,5711,961.69
117.0,22.8,41.6,1996-03-25,1,-9.8,28.4,3622.1000000000004,5686,958.79
144.2,26.3,40.0,1996-03-26,0,-1.8000000000000003,39.1,1990.4,5746,977.46
179.4,22.1,35.8,1996-03-27,0,-0.09999999999999964,41.1,2968.3,5761,979.97
162.4,29.1,44.4,1996-03-28,0,-6.300000000000001,33.9,-5.2,5713,980.06
115.0,22.8,40.8,1996-03-29,0,-6.8999999999999995,35.5,3066.2000000000003,5766,979.97
145.2,26.0,47.8,1996-03-30,0,-8.7,36.5,2218.3,5780,972.06
252.7,26.8,53.4,1996-03-31,0,-14.8,36.8,3591.0,5749,963.94
85.4,22.1,33.3,1996-04-01,0,-7.699999999999999,33.3,1410.1,5725,972.44
93.7,12.2,44.0,1996-04-02,0,-3.2,28.5,496.7,5697,975.2
46.6,13.0,35.1,1996-04-03,0,-6.0,28.2,1590.2,5696,985.18
64.0,5.8,34.5,1996-04-04,0,-2.7,29.2,1849.8,5725,974.87
44.6,9.4,36.5,1996-04-05,0,-5.1,20.9,2229.7,5714,964.31
114.8,25.8,46.4,1996-04-06,0,-7.5,30.2,1697.0,5731,964.25
57.6,16.6,38.2,1996-04-07,0,4.5,24.8,358.59999999999997,5743,939.5
176.8,29.5,44.4,1996-04-08,0,3.6,36.5,421.00000000000006,5768,908.46
103.0,21.6,44.4,1996-04-09,0,-8.2,26.6,2767.5,5732,944.56
95.9,23.0,42.4,1996-04-10,1,-11.1,31.6,3110.3,5736,966.72
105.2,31.1,50.8,1996-04-11,0,-15.899999999999999,28.3,794.7,5718,964.19
54.7,22.8,46.8,1996-04-12,0,-2.3,24.3,254.8,5721,931.02
32.9,10.0,42.6,1996-04-13,0,-8.1,29.2,2992.2000000000003,5759,961.44
29.1,15.4,34.3,1996-04-14,0,-8.9,29.3,3583.4,5741,969.47
187.7,32.2,51.2,1996-04-15,0,-4.8,38.3,1105.1,5764,953.32
80.4,14.8,41.0,1996-04-16,0,-1.4000000000000004,27.8,1754.4,5749,958.91
70.5,17.0,40.2,1996-04-17,0,-4.300000000000001,28.9,2208.7000000000003,5765,953.14
64.0,8.8,38.9,1996-04-18,0,6.1,25.0,0.0,5786,844.44
206.2,33.3,45.2,1996-04-19,0,-1.2999999999999998,44.5,2710.7000000000003,5831,974.62
130.9,20.8,42.6,1996-04-20,0,-0.5,40.8,2360.7999999999997,5850,982.44
111.7,31.3,46.4,1996-04-21,1,-10.5,36.1,4913.8,5767,966.63
136.3,33.1,47.6,1996-04-22,0,-8.700000000000001,44.5,3738.6,5825,982.41
230.2,34.9,50.4,1996-04-23,1,-7.4,51.5,3810.6,5790,982.44
180.5,33.1,50.6,1996-04-24,1,-0.5999999999999996,41.5,126.30000000000001,5766,950.91
187.1,30.5,48.4,1996-04-25,1,-1.4,47.8,538.6999999999999,5774,990.25
501.0,46.7,61.4,1996-04-26,0,-4.7,48.1,916.1999999999999,5678,982.93
365.5,39.9,54.6,1996-04-27,1,-1.6,47.9,687.6999999999999,5731,985.34
321.4,37.3,52.6,1996-04-28,0,-7.1000000000000005,47.5,1949.2,5770,990.16
332.2,37.1,49.2,1996-04-29,0,7.3999999999999995,54.5,-68.7,5797,977.58
227.0,31.5,40.8,1996-04-30,1,7.9,49.8,-10.900000000000002,5797,995.13
268.3,33.5,47.0,1996-05-01,0,-0.6000000000000005,53.1,-5.2,5832,992.57
424.5,45.5,54.2,1996-05-02,0,6.3,62.9,-247.2,5890,985.15
159.3,29.4,48.0,1996-05-03,0,-10.2,43.1,3629.4,5767,977.22
90.6,22.4,41.0,1996-05-04,0,-4.5,40.1,1282.8,5804,985.0
183.3,33.5,48.0,1996-05-05,0,-0.6000000000000005,55.9,1045.1999999999998,5908,992.6
98.6,26.7,41.4,1996-05-06,0,-5.300000000000001,45.5,2568.2,5799,992.6
155.7,27.7,40.8,1996-05-07,0,0.39999999999999947,47.3,1635.8999999999999,5809,979.87
175.1,15.4,40.4,1996-05-08,0,10.1,40.7,0.0,5816,969.8
287.1,29.2,52.4,1996-05-09,0,-2.4000000000000004,28.2,427.50000000000006,5782,822.85
67.9,18.8,44.3,1996-05-10,0,-21.0,24.9,9478.0,5788,925.62
162.9,20.6,41.0,1996-05-11,0,-3.7,38.0,346.40000000000003,5861,979.72
157.2,27.9,44.4,1996-05-12,0,-3.9,44.6,1761.7,5790,985.03
153.4,26.5,43.8,1996-05-13,0,-6.800000000000001,45.1,4704.8,5820,979.78
173.0,32.7,48.2,1996-05-14,1,-6.2,40.4,4003.2,5802,899.86
142.7,31.7,49.6,1996-05-15,0,-11.799999999999999,44.6,4360.400000000001,5826,969.16
284.3,38.7,50.4,1996-05-16,0,-2.5000000000000004,55.5,3857.1,5848,982.35
309.4,37.5,53.0,1996-05-17,1,-7.6,56.9,4258.3,5836,987.47
219.0,35.3,48.6,1996-05-18,0,-5.800000000000001,55.0,3765.3,5815,969.16
226.1,34.7,52.2,1996-05-19,1,-1.6999999999999997,36.1,650.9,5777,972.4
149.2,30.1,45.6,1996-05-20,0,1.4000000000000004,38.6,290.79999999999995,5780,956.16
150.1,29.5,44.8,1996-05-21,0,-1.1999999999999997,43.9,696.8,5771,958.85
114.9,27.3,43.6,1996-05-22,0,-5.6,39.4,2105.4,5780,972.03
127.9,27.9,39.0,1996-05-23,0,-2.5999999999999996,45.0,2680.4,5760,985.03
146.2,26.1,37.0,1996-05-24,0,-1.4000000000000004,39.3,8.5,5794,982.44
170.7,30.9,42.6,1996-05-25,0,-0.5,48.8,3588.4,5856,979.72
197.6,29.9,44.2,1996-05-26,0,-1.5,52.1,4768.1,5876,979.63
227.0,34.1,44.2,1996-05-27,0,2.5,38.8,1871.3,5860,873.99
111.6,26.8,44.4,1996-05-28,0,-4.5,28.0,3150.7000000000003,5764,849.63
279.1,33.9,47.8,1996-05-29,1,1.1999999999999993,49.6,4101.2,5859,910.3
301.4,32.1,48.4,1996-05-30,0,-3.0,41.6,-52.699999999999996,5861,888.55
314.1,35.3,50.2,1996-05-31,0,3.4000000000000004,55.1,220.6,5800,980.09
281.0,26.8,46.8,1996-06-01,1,-3.5000000000000004,52.7,-1.5,5847,995.52
467.0,41.9,55.8,1996-06-02,1,-5.1000000000000005,63.3,-14.0,5828,979.78
141.7,26.5,43.4,1996-06-03,1,-2.1999999999999997,46.5,2.1999999999999997,5792,985.15
188.7,28.2,49.0,1996-06-04,1,-1.0999999999999996,44.3,1234.7,5808,958.76
184.6,27.7,38.6,1996-06-05,1,6.9,45.6,-134.20000000000002,5809,985.24
256.7,35.1,52.6,1996-06-06,1,5.3999999999999995,47.1,-604.8,5868,950.76
231.9,35.9,48.8,1996-06-07,1,-3.7,58.1,2296.5,5840,992.57
219.4,35.3,43.4,1996-06-08,1,4.5,50.7,257.5,5776,985.18
171.6,31.9,41.0,1996-06-09,1,2.6000000000000005,58.1,723.8000000000001,5818,985.06
157.6,30.7,42.4,1996-06-10,1,2.2,47.6,693.3,5791,972.18
252.8,38.5,47.0,1996-06-11,0,0.6000000000000005,64.6,1816.5,5834,985.0
237.7,39.9,49.4,1996-06-12,0,0.5,62.6,1585.7,5834,982.53
209.6,33.9,41.6,1996-06-13,0,4.800000000000001,57.0,1505.9,5854,985.03
177.1,22.2,38.2,1996-06-14,0,-0.40000000000000036,40.8,1635.3,5775,979.93
160.8,19.6,36.4,1996-06-15,0,1.5,40.2,1454.8000000000002,5815,972.0
259.2,29.9,38.2,1996-06-16,0,8.700000000000001,48.1,9.5,5824,933.48
269.7,40.3,45.0,1996-06-25,1,6.3999999999999995,59.7,1233.6000000000001,5867,894.42
252.3,39.3,42.8,1996-06-26,0,2.1999999999999997,67.5,2771.2,5842,984.94
388.8,49.5,53.4,1996-06-27,0,3.9000000000000004,86.9,-16.69999999999999,5897,974.66
255.6,40.5,46.0,1996-06-28,0,-0.2999999999999998,70.3,1929.2,5833,984.97
255.6,39.5,40.6,1996-06-29,0,6.4,65.3,1399.2,5821,931.01
296.7,41.7,43.0,1996-06-30,1,2.8,67.6,3744.9,5820,949.99
295.0,40.1,45.4,1996-07-01,0,2.6,67.7,1130.8000000000002,5800,978.94
223.2,31.5,40.8,1996-07-02,0,8.5,53.0,-74.2,5845,982.56
267.7,40.7,45.8,1996-07-03,1,0.20000000000000018,69.0,2554.6,5851,982.35
252.9,38.7,44.6,1996-07-04,1,-0.7999999999999998,69.5,3113.7,5839,982.35
234.2,34.3,41.2,1996-07-05,0,6.3,64.7,335.40000000000003,5824,990.16
253.2,38.1,43.2,1996-07-06,0,4.199999999999999,60.9,1552.1,5804,933.48
321.6,38.4,44.4,1996-07-07,1,10.1,77.6,342.7,5896,992.6
254.3,33.5,39.4,1996-07-08,0,8.2,65.8,281.90000000000003,5853,979.93
272.2,38.3,47.2,1996-07-09,0,-0.9000000000000004,67.5,11.400000000000002,5835,995.07
236.0,33.1,44.0,1996-07-10,0,2.3000000000000003,58.9,1611.7,5837,982.44
277.3,41.7,44.4,1996-07-11,0,4.4,64.2,2651.7000000000003,5819,947.68
319.6,45.5,49.4,1996-07-12,0,3.2,66.2,1751.8,5836,947.68
226.5,28.7,39.6,1996-07-13,1,7.699999999999999,54.7,391.09999999999997,5879,992.6
275.3,41.7,46.6,1996-07-14,0,1.4000000000000004,75.7,2284.4,5839,969.16
283.7,39.5,45.4,1996-07-15,0,5.0,71.0,689.5,5861,985.06
286.7,36.3,43.4,1996-07-16,1,5.0,71.9,-3.8999999999999986,5841,987.56
255.8,35.7,44.6,1996-07-17,0,0.7000000000000002,64.9,2381.3,5869,992.57
235.0,32.5,40.2,1996-07-18,0,6.199999999999999,62.5,994.5000000000001,5867,979.87
285.0,37.1,46.6,1996-07-19,1,2.2,59.5,3556.7999999999997,5842,942.96
237.0,29.9,39.0,1996-07-20,0,9.3,52.1,12.0,5806,947.71
267.4,37.9,41.8,1996-07-21,0,9.3,59.7,-93.5,5814,894.83
307.0,38.0,40.8,1996-07-22,0,6.199999999999999,63.8,20.2,5819,950.01
296.2,39.7,43.0,1996-07-23,0,4.1,65.2,2499.3,5802,947.68
287.0,40.0,40.6,1996-07-24,0,6.2,65.5,4.8,5782,949.99
327.7,41.4,42.6,1996-07-25,0,6.5,72.7,1153.9,5780,942.98
297.5,42.1,43.8,1996-07-26,0,5.8,72.5,1722.2,5819,928.45
276.1,38.9,41.8,1996-07-27,0,4.3,60.8,1610.3999999999999,5771,940.68
278.4,40.9,44.6,1996-07-28,1,4.3999999999999995,61.8,-24.200000000000003,5828,910.71
296.4,46.4,48.4,1996-07-29,1,8.3,69.3,1139.5,5883,935.84
262.8,42.3,45.2,1996-07-30,1,5.800000000000001,62.5,1109.6,5808,923.56
269.1,42.5,46.4,1996-07-31,1,1.7000000000000002,64.6,2991.2000000000003,5781,915.82
270.5,41.3,45.4,1996-08-01,0,4.9,75.4,479.59999999999997,5826,991.11
272.9,41.5,42.8,1996-08-02,1,6.2,69.1,1828.8000000000002,5831,942.98
261.9,40.5,42.8,1996-08-03,1,6.6,67.9,435.8,5801,933.48
247.3,39.5,41.8,1996-08-04,0,8.299999999999999,66.2,518.3,5802,947.71
250.4,38.7,44.4,1996-08-05,0,4.3,59.8,690.5,5809,938.31
254.0,40.7,42.8,1996-08-06,0,6.0,63.4,0.2,5799,949.99
281.9,37.9,38.6,1996-08-07,0,6.1000000000000005,65.0,2276.4,5778,949.99
265.1,37.1,39.6,1996-08-08,0,10.4,59.1,46.599999999999994,5777,938.42
259.9,42.7,45.6,1996-08-09,0,2.8,67.6,1911.4,5820,949.99
225.9,32.9,40.0,1996-08-10,0,2.8000000000000003,57.0,743.6999999999999,5825,995.07
286.0,38.3,44.2,1996-08-11,0,6.1,71.8,496.20000000000005,5865,992.6
249.5,34.7,46.6,1996-08-12,0,1.1000000000000005,65.3,1480.5,5858,987.56
218.2,29.7,40.2,1996-08-13,0,1.7000000000000002,56.1,1160.4,5811,985.0
244.2,34.7,42.8,1996-08-14,0,4.8,52.6,1688.6,5814,949.99
211.9,38.5,44.0,1996-08-15,0,3.1,63.7,966.9,5846,985.03
271.6,40.5,43.4,1996-08-16,0,4.4,73.0,1190.3,5823,992.6
246.8,36.5,45.4,1996-08-17,1,1.6999999999999997,61.7,2154.8,5809,990.13
244.3,36.7,42.8,1996-08-18,1,3.4999999999999996,66.2,1069.4,5850,987.56
269.1,41.7,44.2,1996-08-19,0,5.2,75.6,594.7,5828,992.63
247.6,36.3,42.8,1996-08-20,1,4.7,60.9,432.9,5804,987.63
249.9,40.9,45.2,1996-08-21,1,4.2,67.7,618.3,5790,997.57
136.2,17.6,33.0,1996-08-22,1,5.2,38.5,228.7,5767,999.98
220.3,34.3,42.8,1996-08-23,1,4.0,56.4,969.1,5803,995.13
171.6,26.1,38.6,1996-08-24,1,0.2999999999999998,41.2,1931.8999999999999,5745,995.13
257.2,36.7,46.6,1996-08-25,1,-0.10000000000000053,66.2,1653.4,5836,992.6
239.9,34.7,41.8,1996-08-26,1,4.8,57.8,22.2,5847,987.59
281.6,36.5,42.6,1996-08-27,1,6.5,64.2,426.40000000000003,5841,982.53
296.8,36.5,41.0,1996-08-28,0,8.2,67.2,-0.09999999999999964,5827,990.13
251.8,38.3,45.8,1996-08-29,0,0.9000000000000004,70.5,3437.6,5879,984.94
263.1,30.5,44.0,1996-08-30,0,2.9000000000000004,59.3,1592.3999999999999,5854,995.07
291.1,33.9,46.6,1996-08-31,0,4.199999999999999,59.1,607.8,5846,977.34
244.8,38.3,46.2,1996-09-01,0,-0.5999999999999996,63.1,1339.3,5823,993.48
204.4,28.3,41.2,1996-09-02,0,1.2999999999999998,54.8,1071.3,5814,987.59
181.6,30.7,45.0,1996-09-03,1,-1.0999999999999996,53.4,1521.8,5806,987.59
233.1,35.7,44.2,1996-09-04,1,-1.0,62.8,2653.4,5816,985.0
275.5,37.9,44.0,1996-09-05,0,10.700000000000001,66.0,-151.10000000000002,5850,985.12
250.8,38.9,46.8,1996-09-06,1,2.5999999999999996,63.8,1245.4,5815,990.13
197.6,29.9,38.8,1996-09-07,1,5.8,54.9,502.80000000000007,5830,985.06
208.5,37.5,45.8,1996-09-08,0,0.40000000000000036,61.9,1075.5,5806,979.97
161.9,29.7,45.0,1996-09-09,1,-2.9000000000000004,44.9,1506.6999999999998,5779,977.37
222.4,37.9,47.4,1996-09-10,0,-2.8,59.0,1781.3999999999999,5799,987.56
198.4,28.4,45.0,1996-09-11,1,0.2999999999999998,49.9,1568.9,5814,977.28
219.6,35.1,40.2,1996-09-12,1,8.3,62.4,63.19999999999999,5869,979.93
206.1,31.9,45.4,1996-09-13,1,-3.4000000000000004,51.6,3485.4,5796,982.41
206.1,36.3,45.2,1996-09-14,1,-3.5000000000000004,54.7,2233.7,5813,969.16
290.8,39.3,50.6,1996-09-15,0,-7.1000000000000005,55.5,5923.8,5837,928.23
218.6,32.1,44.6,1996-09-16,0,3.8999999999999995,46.4,1004.5000000000001,5823,900.08
297.7,45.3,51.0,1996-09-17,1,-5.000000000000001,54.5,3866.6,5796,942.98
305.2,45.9,47.8,1996-09-18,0,0.39999999999999947,75.2,2481.8,5859,949.99
249.1,37.7,48.2,1996-09-19,0,3.0999999999999996,45.8,463.40000000000003,5824,859.49
199.7,11.4,43.2,1996-09-20,0,-1.7000000000000002,34.8,1524.9,5757,979.97
220.9,24.8,40.0,1996-09-21,0,1.6,49.2,932.3,5798,972.03
253.4,34.3,42.6,1996-09-22,1,4.1000000000000005,55.4,877.7,5807,974.72
244.7,35.1,45.2,1996-09-23,1,4.4,60.1,77.9,5832,974.81
173.9,28.9,42.4,1996-09-24,0,0.9000000000000004,57.3,1852.3999999999999,5811,979.93
194.6,34.3,41.6,1996-09-25,1,4.3,59.0,877.1,5833,977.37
214.7,38.7,48.4,1996-09-26,0,-6.0,58.6,2604.1,5774,985.0
216.4,37.1,42.4,1996-09-27,1,-0.6000000000000005,63.5,2167.9,5787,995.1
336.3,42.7,53.0,1996-09-28,1,-7.5,60.0,1030.3,5761,995.1
237.1,35.5,42.0,1996-09-29,0,4.199999999999999,60.2,912.1,5814,995.1
251.4,34.1,46.6,1996-09-30,1,-0.39999999999999947,57.7,1544.3999999999999,5796,997.54
226.4,37.5,45.2,1996-10-01,0,4.3,63.4,837.2,5881,1000.05
178.9,23.0,39.8,1996-10-02,0,1.0000000000000004,41.0,1258.8,5794,969.41
238.7,39.1,45.4,1996-10-03,1,5.3,63.5,656.4000000000001,5823,990.16
243.1,39.9,44.6,1996-10-04,1,1.2000000000000002,65.7,2114.1,5816,995.07
292.8,38.9,44.4,1996-10-05,1,6.6,67.0,1035.3999999999999,5856,995.07
257.3,39.7,48.0,1996-10-06,0,-1.1000000000000005,62.2,2124.7,5799,990.13
139.2,20.5,31.0,1996-10-07,0,8.9,33.2,87.89999999999999,5749,982.74
146.7,23.1,30.2,1996-10-08,0,11.700000000000001,41.0,112.10000000000001,5780,990.22
133.8,23.9,35.0,1996-10-09,0,9.2,31.4,-21.6,5718,956.68
184.6,27.7,42.2,1996-10-10,0,7.1,37.2,0.0,5752,975.14
134.7,9.8,34.4,1996-10-11,0,11.9,29.7,-51.8,5721,959.52
187.0,14.2,39.6,1996-10-12,0,9.0,36.4,-67.39999999999999,5748,967.3
145.7,4.4,34.8,1996-10-13,0,8.0,38.1,34.5,5771,977.55
142.4,30.1,38.2,1996-10-14,0,6.3,36.1,27.60000000000001,5766,964.43
205.5,29.2,51.0,1996-10-15,0,-1.4,33.0,105.29999999999998,5730,967.45
185.3,34.7,43.6,1996-10-16,0,2.8999999999999995,39.8,362.1,5754,972.37
99.8,20.4,38.6,1996-10-17,0,1.3999999999999995,29.5,315.1,5738,959.03
101.6,19.0,38.0,1996-10-18,0,4.4,30.1,-47.099999999999994,5739,972.52
111.2,18.6,37.0,1996-10-19,0,9.1,32.0,0.0,5771,964.68
100.1,16.8,35.6,1996-10-20,0,6.6000000000000005,36.6,-70.10000000000001,5752,982.8
157.7,21.2,37.4,1996-10-21,0,8.4,36.7,-26.0,5735,975.14
182.7,14.0,39.8,1996-10-22,0,10.100000000000001,36.2,0.0,5778,972.55
189.0,8.0,40.2,1996-10-23,0,8.9,34.6,-66.9,5758,964.65
90.8,2.8,38.4,1996-10-24,0,3.4000000000000004,32.0,-4.599999999999994,5764,977.68
110.1,21.0,37.4,1996-10-25,0,6.1,33.7,65.69999999999999,5746,972.46
198.0,36.1,48.8,1996-10-26,0,2.8,47.4,838.4999999999999,5803,964.43
270.2,41.7,46.6,1996-10-27,0,4.5,66.0,1072.3,5790,987.69
319.1,44.1,49.0,1996-10-28,0,5.3,66.6,82.8,5793,999.98
271.7,34.3,40.6,1996-10-29,0,13.100000000000001,61.9,0.0,5822,997.6
258.4,33.1,46.2,1996-10-30,0,11.1,49.5,-264.20000000000005,5776,990.34
141.2,20.0,32.0,1996-10-31,0,8.8,38.3,21.7,5763,999.98
41.7,8.6,23.0,1996-11-01,0,10.6,23.7,0.1,5771,1007.98
172.2,19.2,33.4,1996-11-02,0,15.4,37.5,0.0,5783,990.31
166.5,14.4,37.0,1996-11-03,0,15.2,35.5,0.0,5793,982.93
192.3,38.9,47.6,1996-11-04,0,1.0999999999999996,46.1,744.3000000000001,5755,995.16
199.0,37.1,48.4,1996-11-05,0,-3.1,46.6,1717.5,5722,982.68
208.0,38.1,45.0,1996-11-06,0,3.6999999999999997,51.6,907.4,5775,980.09
89.9,24.3,33.6,1996-11-07,0,7.4,39.2,-31.700000000000003,5758,975.05
165.9,32.7,40.0,1996-11-08,0,7.0,40.8,53.9,5737,975.14
196.1,34.1,39.0,1996-11-09,0,15.100000000000001,44.1,-227.9,5822,956.47
228.9,18.4,42.4,1996-11-10,0,11.1,41.4,-61.5,5756,956.62
68.3,-0.2,28.8,1996-11-11,0,13.8,22.4,0.0,5737,962.57
46.6,1.4,21.3,1996-11-12,0,19.299999999999997,17.9,0.0,5680,946.58
60.6,2.2,27.8,1996-11-13,0,16.9,18.4,0.0,5715,973.28
52.4,5.6,24.9,1996-11-14,0,17.8,20.8,0.0,5718,965.41
108.5,1.8,23.0,1996-11-15,0,27.6,21.2,0.0,5761,940.9
87.2,1.8,24.4,1996-11-16,0,26.6,24.6,0.0,5751,960.13
91.5,8.2,33.2,1996-11-17,0,20.9,18.9,0.0,5696,946.98
66.1,6.2,31.8,1996-11-18,0,20.3,17.9,0.0,5707,938.58
19.4,-2.6,21.7,1996-11-19,0,28.6,23.8,0.0,5787,960.43
34.8,-10.2,30.0,1996-11-20,0,15.9,25.5,0.0,5751,975.57
40.7,-8.6,26.1,1996-11-21,0,17.6,17.2,0.0,5695,952.13
94.1,-5.2,36.0,1996-11-22,0,12.8,21.2,0.0,5718,965.35
90.2,-7.2,31.0,1996-11-23,0,24.7,18.6,0.0,5728,965.71
141.6,5.8,35.6,1996-11-24,0,20.6,23.0,0.0,5693,968.28
115.3,-0.2,31.4,1996-11-25,0,21.2,20.7,0.0,5729,938.31
95.1,6.0,38.0,1996-11-26,0,13.3,20.1,0.0,5666,960.37
60.1,1.6,26.1,1996-11-27,0,18.700000000000003,15.3,0.0,5693,941.51
50.4,6.4,34.7,1996-11-28,0,12.3,19.7,0.0,5656,975.88
69.8,2.0,31.5,1996-11-29,0,15.700000000000001,18.3,0.0,5671,960.53
70.2,6.0,35.6,1996-11-30,0,14.600000000000001,22.0,0.0,5701,973.31
44.6,-4.0,11.1,1996-12-01,0,33.5,19.4,0.0,5757,989.28
99.3,8.6,35.0,1996-12-02,0,25.4,29.3,0.0,5730,935.65
243.8,35.7,46.4,1996-12-03,0,15.2,44.9,0.0,5760,940.38
162.5,33.3,44.8,1996-12-04,0,12.9,42.1,0.0,5727,943.53
184.1,37.7,45.8,1996-12-05,0,15.8,48.3,0.0,5757,946.37
180.5,27.4,45.6,1996-12-06,0,15.3,36.4,0.0,5690,920.58
186.4,20.0,37.0,1996-12-07,0,23.0,31.7,0.0,5730,943.86
69.8,12.4,15.9,1996-12-08,0,33.3,20.9,0.0,5685,936.94
56.3,10.2,29.2,1996-12-09,0,35.5,18.4,0.0,5669,931.93
123.4,16.2,34.4,1996-12-10,0,38.5,26.0,0.0,5713,888.2
48.5,4.2,29.8,1996-12-11,0,33.2,17.5,0.0,5674,971.57
58.2,4.0,28.8,1996-12-12,0,22.0,17.8,-4286.5,5719,847.7
56.3,6.4,22.1,1996-12-13,0,35.5,16.0,0.0,5691,951.07
64.0,3.2,22.3,1996-12-14,0,31.6,18.2,0.0,5688,966.42
83.4,8.6,29.7,1996-12-15,0,24.5,16.8,0.0,5660,950.64
75.7,2.8,24.3,1996-12-16,0,30.299999999999997,17.5,0.0,5675,942.31
64.0,1.6,14.9,1996-12-17,0,36.599999999999994,16.2,0.0,5667,937.76
79.5,-3.2,27.5,1996-12-18,0,25.1,20.8,0.0,5682,953.02
64.8,-8.6,26.2,1996-12-19,0,26.799999999999997,21.1,0.0,5721,941.79
42.7,-10.6,25.7,1996-12-20,0,26.4,16.5,0.0,5638,933.82
143.8,0.8,31.8,1996-12-21,0,29.4,29.4,0.0,5745,935.71
115.1,2.6,35.4,1996-12-22,0,23.6,20.1,0.0,5649,942.12
148.9,1.2,33.0,1996-12-23,0,26.7,22.2,0.0,5667,947.59
110.9,-0.8,33.8,1996-12-24,0,24.3,19.1,0.0,5656,950.42
32.0,-4.8,28.8,1996-12-25,0,26.200000000000003,16.8,0.0,5675,942.18
89.2,8.4,33.8,1996-12-26,0,25.9,23.0,0.0,5694,963.67
75.5,-1.8,28.0,1996-12-27,0,26.299999999999997,19.3,0.0,5719,952.65
92.5,0.2,33.0,1996-12-28,0,19.9,17.4,0.0,5659,947.43
64.0,-2.0,27.3,1996-12-29,0,23.5,14.1,0.0,5664,925.0
69.8,-3.6,25.3,1996-12-30,0,24.6,14.3,0.0,5656,945.08
104.3,1.8,36.2,1996-12-31,0,17.4,19.1,0.0,5655,941.85
104.2,3.2,36.0,1997-01-01,0,17.9,20.3,0.0,5650,989.15
136.8,6.2,36.4,1997-01-02,0,20.0,19.1,0.0,5632,950.18
46.6,-1.2,21.1,1997-01-03,0,27.799999999999997,11.6,0.0,5633,942.52
33.0,3.0,31.5,1997-01-04,0,20.6,13.3,0.0,5604,950.73
38.8,-0.6,29.7,1997-01-05,0,19.9,14.1,0.0,5623,942.18
76.5,4.2,31.6,1997-01-06,0,25.2,14.3,0.0,5594,928.45
103.0,4.2,31.8,1997-01-07,0,22.6,17.4,0.0,5603,958.42
81.5,-0.4,24.5,1997-01-08,0,20.4,13.0,0.0,5606,930.65
93.7,9.2,34.4,1997-01-09,0,19.3,23.6,0.0,5651,908.92
73.7,6.6,24.3,1997-01-10,0,18.0,19.9,0.0,5624,947.37
69.8,18.4,30.1,1997-01-11,0,22.799999999999997,20.9,0.0,5652,944.99
108.2,24.4,41.8,1997-01-12,0,14.3,27.5,0.0,5637,924.55
108.1,8.3,46.0,1997-01-13,0,15.1,22.1,0.0,5590,939.59
116.4,8.6,43.8,1997-01-14,0,12.7,18.4,0.0,5577,918.78
130.3,26.8,46.2,1997-01-15,0,8.0,27.6,0.0,5617,963.12
310.7,30.4,54.2,1997-01-16,0,2.1999999999999997,28.7,-1.3,5588,992.97
83.4,19.9,42.3,1997-01-17,0,5.6,15.9,0.0,5548,933.49
56.3,3.2,37.3,1997-01-18,0,22.4,15.6,0.0,5612,920.12
60.1,1.6,29.7,1997-01-19,0,24.1,12.3,0.0,5607,948.41
103.8,17.4,44.2,1997-01-20,0,20.0,19.8,0.0,5619,958.82
162.6,26.3,39.2,1997-01-21,0,12.2,34.0,0.0,5622,999.98
142.1,13.4,19.0,1997-01-22,0,31.5,22.8,0.0,5559,971.33
130.0,11.9,23.8,1997-01-23,0,34.400000000000006,18.3,0.0,5594,929.09
120.3,7.2,16.9,1997-01-24,0,39.5,18.4,0.0,5613,940.51
93.1,-3.0,17.1,1997-01-25,0,37.4,17.5,0.0,5622,951.22
79.5,-4.6,17.9,1997-01-26,0,39.2,16.2,0.0,5620,923.72
66.0,-4.0,18.1,1997-01-27,0,37.900000000000006,15.3,0.0,5648,948.56
91.2,12.4,19.1,1997-01-28,0,25.9,16.3,0.0,5646,939.71
91.2,7.4,36.4,1997-01-29,0,17.3,17.8,0.0,5603,961.14
150.4,12.6,39.4,1997-01-30,0,21.3,22.7,0.0,5641,958.36
127.4,20.0,45.2,1997-01-31,1,2.6,27.3,-52.6,5615,968.06
183.9,23.0,38.2,1997-02-01,0,15.4,29.2,0.0,5649,996.02
122.0,6.4,22.6,1997-02-02,0,35.3,23.0,0.0,5644,950.55
147.9,5.4,26.4,1997-02-03,0,29.0,18.7,-257.90000000000003,5602,958.15
178.0,21.8,34.6,1997-02-04,0,17.4,32.5,0.0,5644,973.25
143.0,6.4,36.0,1997-02-05,0,12.2,26.0,1.6000000000000014,5597,992.94
175.2,10.1,25.4,1997-02-06,0,26.8,26.7,-106.8,5618,938.46
97.0,-9.2,3.9,1997-02-07,0,46.7,19.6,0.0,5614,945.57
100.9,-11.0,6.9,1997-02-08,0,45.2,19.5,0.0,5613,948.41
89.2,2.7,10.9,1997-02-09,0,43.3,22.4,0.0,5617,931.66
157.8,8.6,35.6,1997-02-10,0,15.299999999999999,32.0,-54.300000000000004,5654,965.44
226.5,16.8,35.4,1997-02-11,0,16.8,37.8,-19.599999999999994,5692,987.99
83.4,-8.0,17.3,1997-02-12,0,33.8,20.6,0.0,5664,928.02
81.5,-1.8,8.3,1997-02-13,0,36.0,17.1,0.0,5651,940.2
83.4,-0.8,28.1,1997-02-14,0,23.3,20.8,0.0,5697,971.24
159.7,9.6,28.2,1997-02-15,0,27.0,24.7,0.0,5699,958.11
146.4,15.0,33.6,1997-02-16,0,29.1,25.4,0.0,5713,816.73
221.8,26.8,38.6,1997-02-17,0,11.100000000000001,33.6,-22.699999999999996,5737,975.27
181.2,14.2,37.2,1997-02-18,0,25.1,29.4,0.0,5738,895.77
268.0,26.2,50.6,1997-02-19,0,7.199999999999999,37.2,0.0,5672,975.66
214.1,29.9,44.6,1997-02-20,0,6.3999999999999995,34.9,-78.89999999999999,5653,985.64
135.0,27.4,45.4,1997-02-21,0,0.9000000000000001,29.2,243.4,5630,983.11
237.9,31.0,51.6,1997-02-22,0,7.2,32.5,0.0,5643,952.41
66.0,17.2,31.3,1997-02-23,0,3.5,20.2,121.5,5598,983.23
48.5,6.6,29.3,1997-02-24,0,16.1,18.9,0.0,5638,957.84
102.1,28.2,47.6,1997-02-25,0,-1.1,29.9,13.0,5719,990.43
294.9,35.5,54.2,1997-02-26,0,-3.4,29.0,537.9,5646,970.38
117.8,28.0,47.0,1997-02-27,0,-0.7,30.0,409.3,5643,983.08
136.5,21.2,49.8,1997-02-28,0,-9.4,30.7,1724.1,5661,985.34
273.1,27.0,52.0,1997-03-01,0,2.8,40.9,33.69999999999999,5722,997.23
188.1,16.8,48.0,1997-03-02,0,0.8000000000000003,38.4,-34.3,5714,997.6
79.9,6.4,39.6,1997-03-03,0,-0.7000000000000002,22.9,-3.8000000000000003,5680,985.43
254.7,31.4,54.0,1997-03-04,0,-1.8,27.0,664.9000000000001,5682,945.82
69.2,24.6,46.8,1997-03-05,0,-11.9,27.4,3089.8999999999996,5672,987.75
151.4,26.2,52.4,1997-03-06,0,-12.2,30.1,3035.6000000000004,5660,995.16
323.5,34.6,57.4,1997-03-07,0,-7.4,32.1,1671.5,5700,933.82
99.4,15.4,42.4,1997-03-08,0,-3.7,28.4,1565.7,5724,974.99
62.5,13.4,33.6,1997-03-09,0,2.4,22.1,1018.3,5694,953.81
116.2,26.0,46.6,1997-03-10,0,-4.5,26.4,1584.5,5698,948.07
188.0,31.4,51.4,1997-03-11,0,-7.300000000000001,29.3,3207.2,5677,969.83
159.8,33.1,49.0,1997-03-12,0,-1.2999999999999998,32.8,1583.3,5749,947.92
107.4,29.8,47.8,1997-03-13,1,-5.8999999999999995,32.0,2388.7000000000003,5728,961.72
115.3,21.6,51.0,1997-03-14,0,-9.2,31.5,2523.7,5740,972.4
131.6,28.2,49.6,1997-03-15,0,-5.5,33.1,1123.3,5739,959.12
272.3,36.7,54.6,1997-03-16,0,-12.6,45.0,4012.7,5757,979.97
184.7,32.2,49.2,1997-03-17,0,-6.9,32.5,3127.0,5703,961.59
158.6,26.4,48.4,1997-03-18,0,-8.6,29.7,2349.1,5680,959.03
178.8,30.4,46.6,1997-03-19,0,-1.1,36.7,2284.6,5722,945.02
150.4,29.0,46.4,1997-03-20,0,-10.100000000000001,36.7,4757.8,5699,969.56
405.7,41.3,57.8,1997-03-21,0,-11.5,49.6,3710.2,5753,987.63
413.2,33.4,57.8,1997-03-22,1,-17.2,43.5,4620.9,5696,992.6
312.7,34.8,54.2,1997-03-23,1,-5.0,35.2,1225.2,5693,977.77
273.6,34.0,52.6,1997-03-24,0,-5.7,42.5,2009.7,5713,985.24
230.1,16.8,51.2,1997-03-25,0,-1.0999999999999999,30.2,486.40000000000003,5661,962.33
189.1,27.4,45.0,1997-03-26,0,8.5,38.9,-183.10000000000002,5749,970.05
157.3,27.0,50.0,1997-03-27,0,-9.0,32.8,2338.8999999999996,5663,982.8
96.7,15.0,46.6,1997-03-28,1,-5.5,27.2,2276.7,5658,982.8
160.2,22.8,47.6,1997-03-29,1,-4.0,30.5,1612.9,5698,987.75
174.8,27.6,52.0,1997-03-30,1,-6.3,31.0,836.5999999999999,5692,967.51
319.6,36.2,56.0,1997-03-31,0,0.2999999999999998,32.0,-54.0,5680,972.98
145.9,23.2,44.8,1997-04-01,1,3.4999999999999996,40.5,53.10000000000002,5741,990.71
128.7,36.5,47.6,1997-04-02,1,-4.9,41.1,1550.3,5703,980.24
183.1,27.6,43.0,1997-04-03,0,2.7,42.9,262.09999999999997,5707,980.33
336.7,36.5,55.8,1997-04-04,0,-4.6000000000000005,42.2,381.90000000000003,5714,970.02
276.5,34.4,54.6,1997-04-05,0,-6.8,36.9,1105.4,5682,964.65
309.1,35.4,57.4,1997-04-06,1,-15.700000000000001,31.6,2690.4,5630,977.71
295.0,36.6,56.2,1997-04-07,0,-10.0,30.8,1835.1,5653,934.07
58.7,24.4,48.2,1997-04-08,1,-6.8,26.0,1303.0,5636,970.26
219.5,32.9,52.8,1997-04-09,1,-2.5,35.3,687.9000000000001,5698,972.76
464.9,45.1,62.2,1997-04-10,0,-8.200000000000001,44.1,936.5,5633,987.93
126.3,29.8,50.8,1997-04-11,1,-2.6,26.9,292.20000000000005,5620,962.75
342.5,42.1,56.6,1997-04-12,1,-0.20000000000000018,43.5,553.5,5685,970.32
120.0,21.8,40.2,1997-04-13,1,3.1999999999999997,26.3,-22.0,5639,967.7
106.8,28.3,44.4,1997-04-14,1,3.0,33.5,256.4,5683,980.48
170.1,32.1,49.8,1997-04-15,1,1.8,38.7,13.699999999999989,5729,956.77
103.7,21.6,39.8,1997-04-16,0,5.1000000000000005,32.1,105.9,5721,959.4
158.2,28.2,47.6,1997-04-17,0,-0.19999999999999973,33.6,451.59999999999997,5727,953.84
334.8,40.1,55.8,1997-04-18,0,-11.5,45.1,3963.0,5747,982.56
14.0,19.8,44.6,1997-04-19,0,-1.8000000000000003,20.6,677.9,5703,931.08
299.9,30.8,58.4,1997-04-20,0,-14.399999999999999,26.4,2670.8999999999996,5740,953.41
97.1,23.0,48.6,1997-04-21,1,-9.4,30.2,3653.8999999999996,5711,969.68
334.5,40.7,57.4,1997-04-22,0,-11.9,41.6,4209.4,5733,950.42
77.8,26.2,45.2,1997-04-23,0,-11.299999999999999,32.5,4159.3,5709,987.66
241.1,35.9,54.6,1997-04-24,0,-12.1,36.3,2615.5,5707,985.24
193.2,26.6,53.2,1997-04-25,1,-15.7,36.7,5075.099999999999,5699,977.43
173.0,30.9,47.0,1997-04-26,0,7.0,34.9,-418.2,5731,906.66
252.0,34.9,52.0,1997-04-27,1,-6.8,46.0,2647.4,5763,985.15
470.0,39.0,60.4,1997-04-28,1,-10.7,51.9,3490.5,5756,990.19
218.0,32.0,50.2,1997-04-29,0,-4.199999999999999,41.7,2738.7999999999997,5771,980.0
185.1,31.2,51.4,1997-04-30,1,-11.0,40.8,4039.5,5740,982.53
154.0,28.2,45.2,1997-05-01,0,-1.4999999999999996,44.2,1585.8,5806,996.5
252.4,37.3,52.0,1997-05-02,0,-8.899999999999999,49.5,-4.7,5745,985.12
159.3,28.8,46.2,1997-05-03,1,-4.8999999999999995,38.2,2131.1,5771,972.15
301.3,39.7,54.8,1997-05-04,0,-12.100000000000001,41.0,3313.4,5729,958.6
382.8,40.7,56.4,1997-05-05,0,-7.1000000000000005,58.4,2107.1,5809,969.41
261.1,38.9,52.6,1997-05-06,1,-7.0,47.7,1866.5,5804,974.66
222.0,37.5,43.4,1997-05-07,1,3.7,53.0,1009.3,5783,917.53
145.3,32.3,47.8,1997-05-08,0,-7.7,39.2,1674.8999999999999,5720,982.62
150.8,28.5,44.6,1997-05-09,0,1.5999999999999996,35.6,284.79999999999995,5771,967.09
467.9,44.7,63.4,1997-05-10,0,-23.5,39.8,1296.5,5714,977.28
144.6,25.6,40.0,1997-05-11,0,-3.6999999999999997,40.6,3311.5,5798,984.97
68.2,16.6,37.8,1997-05-12,0,-8.399999999999999,29.9,0.7000000000000011,5747,969.19
319.3,34.6,53.6,1997-05-13,0,-10.6,47.1,5089.4,5789,971.91
123.8,19.8,40.8,1997-05-14,0,-5.6,35.8,4317.3,5790,979.81
110.2,24.9,39.8,1997-05-15,1,-0.3000000000000007,42.4,1936.6999999999998,5840,971.94
202.8,31.7,51.0,1997-05-16,0,-9.899999999999999,41.7,3701.8,5798,952.8
213.4,31.4,51.4,1997-05-17,0,-3.4999999999999996,40.8,634.2,5763,950.61
202.6,30.8,51.2,1997-05-18,0,-8.3,42.9,2886.1,5781,979.93
151.5,21.2,38.6,1997-05-19,0,-7.1,34.9,1767.3999999999999,5772,888.19
369.8,34.4,54.6,1997-05-20,0,-11.5,39.3,5268.599999999999,5750,928.34
60.1,15.0,34.7,1997-05-21,0,-13.6,18.7,4568.400000000001,5773,920.85
85.3,21.2,41.6,1997-05-22,1,-12.7,43.5,4086.7,5798,971.88
107.0,26.9,45.6,1997-05-23,1,-14.6,43.5,5660.900000000001,5791,971.79
181.1,27.2,47.6,1997-05-24,1,2.6999999999999997,39.0,-199.4,5782,977.65
183.6,32.7,46.8,1997-05-25,1,3.6999999999999997,43.3,-196.5,5794,964.58
316.7,36.3,52.0,1997-05-26,0,3.9000000000000004,48.2,-102.1,5789,956.38
289.4,32.9,54.0,1997-05-27,1,-6.6,52.4,1468.8000000000002,5801,987.66
248.7,30.9,50.0,1997-05-28,1,-5.199999999999999,50.1,1707.5,5815,977.28
293.8,39.9,52.6,1997-05-29,1,-2.3,54.7,1797.1000000000001,5805,982.56
194.9,29.7,46.4,1997-05-30,0,7.0,39.4,-251.4,5786,977.71
197.8,23.2,46.0,1997-05-31,0,-5.0,44.2,-3.9,5791,985.0
151.9,30.9,45.2,1997-06-01,0,-4.4,41.3,1956.1000000000001,5807,974.95
195.9,36.9,47.6,1997-06-02,1,-6.9,56.4,3838.1,5858,982.28
319.3,41.3,52.0,1997-06-03,0,5.3,53.0,134.3,5847,977.46
176.1,35.5,46.0,1997-06-04,0,-2.1999999999999997,44.7,1907.2,5732,985.15
190.1,34.7,43.8,1997-06-05,0,-3.8000000000000003,49.8,3220.2,5801,984.94
359.0,46.9,55.6,1997-06-06,0,-14.5,63.0,6468.8,5816,977.01
183.8,36.3,43.8,1997-06-07,0,-2.9999999999999996,54.9,3418.2,5842,974.44
214.7,38.7,47.4,1997-06-08,0,-5.9,53.3,3861.3,5798,977.16
142.5,34.3,49.0,1997-06-09,1,-9.4,51.6,3180.7,5842,931.72
321.0,40.3,53.6,1997-06-10,0,-5.9,59.1,2145.9,5827,972.0
156.4,30.7,44.6,1997-06-11,0,-2.2,47.6,1255.2,5788,974.78
234.3,35.5,45.8,1997-06-12,1,-1.0999999999999996,59.6,2253.7,5850,977.16
215.9,30.9,45.0,1997-06-13,1,-8.100000000000001,54.8,4549.9,5804,982.28
222.1,30.5,40.8,1997-06-14,0,3.1,55.6,1065.5,5815,985.03
248.9,35.3,46.0,1997-06-15,1,1.4000000000000004,58.0,1.2000000000000002,5814,987.56
195.3,35.9,49.0,1997-06-16,0,-4.4,51.3,2599.4,5818,961.07
242.5,38.1,49.2,1997-06-17,0,-1.7000000000000002,54.2,2297.8999999999996,5842,879.95
207.2,37.3,47.6,1997-06-18,1,3.3,46.6,355.8,5826,843.45
228.8,37.3,46.2,1997-06-19,1,3.1000000000000005,63.7,378.70000000000005,5836,985.09
247.1,40.1,47.0,1997-06-20,1,1.9999999999999996,62.1,674.7,5800,969.47
243.3,37.3,46.4,1997-06-21,0,-4.800000000000001,58.6,3034.9,5796,971.82
288.9,40.3,50.8,1997-06-22,0,-4.5,67.9,2861.0,5834,992.57
255.7,38.7,46.0,1997-06-23,0,6.0,50.3,310.4,5806,900.36
256.5,43.9,47.8,1997-06-24,0,-1.5,61.8,4320.5,5800,935.73
246.7,36.1,40.6,1997-06-25,0,6.499999999999999,56.8,1182.0,5796,923.56
347.5,42.1,44.8,1997-06-26,0,0.20000000000000018,70.5,3613.3,5782,947.68
440.4,35.5,39.0,1997-06-27,0,10.2,58.4,145.20000000000002,5681,949.99
359.2,38.9,44.0,1997-06-28,0,1.2000000000000002,56.5,1543.8,5719,933.45
404.4,42.3,43.4,1997-06-29,1,1.7000000000000002,67.4,3659.1,5741,949.99
128.6,27.5,32.4,1997-06-30,1,4.800000000000001,51.3,701.9,5790,888.93
239.4,39.9,48.0,1997-07-01,0,-4.2,63.0,2715.2000000000003,5769,974.89
275.4,40.9,45.4,1997-07-02,0,5.499999999999999,62.0,657.9,5790,935.9
283.7,41.1,43.0,1997-07-03,0,4.3,41.2,163.0,5794,947.68
232.8,32.5,40.8,1997-07-04,1,9.1,49.2,-17130.7,5786,900.58
222.1,30.0,33.8,1997-07-05,0,13.299999999999999,56.8,-16.6,5807,911.01
251.9,38.3,43.2,1997-07-06,1,5.199999999999999,57.8,961.6,5784,935.95
260.2,36.9,42.8,1997-07-07,1,7.0,53.4,320.09999999999997,5778,935.98
282.7,40.3,44.6,1997-07-08,1,1.2999999999999998,61.1,2990.1,5829,947.68
320.9,43.3,44.2,1997-07-09,0,2.2,67.0,4162.900000000001,5834,928.34
245.1,33.7,42.4,1997-07-10,0,-0.40000000000000036,44.6,1586.8,5709,913.54
318.1,36.7,41.6,1997-07-11,1,6.0,56.1,-43.2,5789,886.43
298.8,40.7,45.6,1997-07-12,1,6.8999999999999995,58.3,42.0,5808,886.43
237.8,40.3,45.2,1997-07-13,1,0.5999999999999996,53.7,3243.3,5830,913.04
273.1,37.1,45.6,1997-07-14,1,3.1999999999999997,61.1,1233.6000000000001,5830,977.28
253.7,36.9,41.4,1997-07-15,1,2.5,59.7,4479.900000000001,5842,928.32
256.1,36.7,43.4,1997-07-16,1,0.8999999999999995,60.0,3642.7,5815,949.99
251.7,34.7,44.0,1997-07-17,1,1.8999999999999995,49.0,2520.8,5797,930.92
267.7,39.1,49.8,1997-07-18,1,2.5,49.1,1220.4,5773,900.52
262.8,37.3,44.6,1997-07-19,0,5.0,68.6,-42.5,5860,985.03
255.5,40.3,44.6,1997-07-20,0,5.500000000000001,61.5,1520.8,5812,947.71
286.9,41.3,44.2,1997-07-21,0,6.5,65.7,0.3,5817,949.99
306.2,43.9,45.8,1997-07-22,1,4.700000000000001,72.9,3521.6,5895,913.07
248.4,38.9,47.4,1997-07-23,1,-0.10000000000000053,68.2,12.5,5821,995.1
254.8,36.9,44.6,1997-07-24,1,1.2999999999999998,66.9,1588.7,5860,987.53
262.3,39.5,45.8,1997-07-25,1,1.2999999999999998,69.6,2763.5,5839,984.97
188.8,33.7,39.6,1997-07-26,1,1.7999999999999998,58.9,1663.0,5842,977.16
276.3,41.3,45.2,1997-07-27,0,4.6,62.6,1800.4,5845,907.99
300.3,41.2,42.2,1997-07-28,0,4.4,81.6,5163.7,5922,947.65
304.7,36.5,41.8,1997-07-29,0,4.9,58.5,1919.1000000000001,5822,913.18
322.0,37.9,42.4,1997-07-30,0,6.0,58.6,-9.9,5786,923.56
291.2,33.1,38.2,1997-07-31,0,9.7,56.8,18.1,5782,928.65
298.7,39.9,45.0,1997-08-01,0,4.4,71.8,413.9,5828,975.91
248.2,34.3,39.6,1997-08-02,1,5.6000000000000005,55.5,925.1999999999999,5809,933.42
313.9,44.3,46.8,1997-08-03,1,5.699999999999999,74.7,1628.5,5874,923.43
231.5,33.3,41.4,1997-08-04,0,3.4000000000000004,50.8,841.0999999999999,5740,928.65
357.8,41.1,43.0,1997-08-05,0,3.0999999999999996,71.6,1663.1,5782,947.68
350.6,38.0,38.8,1997-08-06,1,6.4,62.8,2265.1000000000004,5840,947.68
213.8,32.1,38.2,1997-08-07,0,5.4,58.7,1406.0,5845,977.22
251.7,40.5,44.6,1997-08-08,1,4.4,68.3,1977.0,5862,984.97
231.5,37.3,41.4,1997-08-09,1,4.2,63.0,1358.7,5845,977.19
210.9,36.1,41.0,1997-08-10,1,6.1,68.3,391.6,5863,985.03
204.7,35.5,40.6,1997-08-11,1,1.2999999999999998,66.7,2074.9,5828,987.53
239.7,34.7,44.4,1997-08-12,1,3.4,59.3,1089.6,5818,995.1
315.8,42.7,45.6,1997-08-13,0,9.5,85.2,-153.39999999999998,5894,995.1
293.3,41.7,42.4,1997-08-14,1,9.1,81.3,950.9,5854,999.98
213.8,36.3,42.8,1997-08-15,1,4.1,61.9,1318.9,5844,987.59
242.6,36.0,39.2,1997-08-16,0,10.9,67.9,-0.8999999999999999,5868,995.1
241.6,40.1,47.2,1997-08-17,0,0.7000000000000002,60.2,3939.2,5848,910.57
248.7,34.9,41.4,1997-08-18,0,0.40000000000000036,59.5,4227.5,5867,918.1
263.8,36.5,44.4,1997-08-19,1,3.0,52.6,2522.6000000000004,5835,891.65
309.0,40.1,43.8,1997-08-20,0,3.5999999999999996,60.7,2072.6,5787,940.68
327.2,38.5,44.2,1997-08-21,1,8.1,73.1,289.6,5861,985.06
288.4,31.9,38.8,1997-08-22,1,7.5,66.0,422.1,5852,977.28
251.5,32.9,37.8,1997-08-23,1,10.299999999999999,65.2,-124.30000000000001,5853,982.56
227.7,39.7,48.8,1997-08-24,1,-2.0,63.2,3178.7,5845,979.84
225.8,39.9,46.4,1997-08-25,0,-2.9000000000000004,62.1,3443.2999999999997,5810,984.97
296.6,43.5,48.4,1997-08-26,1,-3.0999999999999996,62.6,5552.200000000001,5814,942.93
252.7,39.1,42.4,1997-08-27,0,10.4,55.0,0.0,5838,875.33
268.0,35.1,42.0,1997-08-28,1,7.700000000000001,53.2,932.1999999999999,5846,877.59
318.4,33.9,39.8,1997-08-29,0,4.699999999999999,59.5,1721.2,5811,949.99
272.4,31.5,38.6,1997-08-30,0,16.2,50.4,0.0,5824,911.26
275.1,40.7,44.6,1997-08-31,1,1.0,70.5,1992.8999999999999,5827,995.07
282.1,41.2,42.8,1997-09-01,1,7.8999999999999995,68.1,1119.2,5883,989.48
210.5,29.9,40.2,1997-09-02,0,3.5,52.5,934.6,5847,982.38
287.3,40.5,48.4,1997-09-03,0,5.8,78.9,1042.8,5904,979.87
213.9,33.5,43.4,1997-09-04,1,0.7000000000000002,53.8,1372.2,5826,969.31
177.8,31.9,43.2,1997-09-05,1,-1.1,50.8,2757.9,5805,972.03
197.6,33.3,41.6,1997-09-06,0,1.2000000000000002,55.9,2313.5,5794,979.93
316.6,44.1,51.4,1997-09-07,0,-2.8999999999999995,67.3,1043.1,5802,987.59
287.2,39.9,42.6,1997-09-08,0,6.6,71.0,4.0,5810,997.57
251.2,33.3,42.8,1997-09-09,0,3.6,59.8,657.5,5799,987.66
232.3,35.3,43.6,1997-09-10,0,2.3999999999999995,56.5,1446.6999999999998,5779,985.09
222.1,31.9,40.4,1997-09-11,1,6.2,56.1,-8.799999999999999,5815,990.16
221.7,35.1,43.0,1997-09-12,1,4.9,53.9,1957.8000000000002,5831,974.75
204.7,37.3,48.4,1997-09-13,1,-3.8000000000000003,53.5,3635.7000000000003,5777,979.97
200.1,28.6,48.8,1997-09-14,1,-3.4,48.1,1362.8,5777,987.66
235.4,38.5,45.8,1997-09-15,1,6.300000000000001,66.8,629.6,5845,987.63
181.2,33.7,45.4,1997-09-16,0,-2.5999999999999996,50.3,2794.5,5812,982.44
206.7,31.7,39.6,1997-09-17,0,5.199999999999999,56.1,1238.0,5853,985.0
237.1,34.5,43.2,1997-09-18,0,1.7000000000000002,57.9,1910.5,5844,982.44
267.9,36.5,43.6,1997-09-19,1,5.0,62.3,810.8000000000001,5849,985.03
213.1,33.9,41.2,1997-09-20,1,3.6,53.7,1239.7,5848,972.0
224.9,36.7,42.6,1997-09-21,1,0.8000000000000007,62.7,2274.2,5825,995.07
158.6,27.5,41.2,1997-09-22,1,1.6,44.7,1514.8,5801,979.97
204.3,33.7,43.8,1997-09-23,0,0.5,53.7,2137.5,5838,977.25
290.5,43.7,49.4,1997-09-24,0,1.2999999999999998,73.3,2827.2,5851,995.07
193.3,27.3,40.6,1997-09-25,0,2.9999999999999996,48.9,581.4,5833,982.5
292.0,38.3,42.4,1997-09-26,0,7.0,70.8,531.0,5819,990.16
239.8,32.9,40.8,1997-09-27,1,11.9,45.1,0.0,5777,895.71
207.5,26.4,44.4,1997-09-28,1,-2.5999999999999996,38.7,2213.4,5768,985.09
229.0,33.9,45.2,1997-09-29,1,2.9,54.6,1043.9,5812,987.63
193.9,34.1,45.6,1997-09-30,1,-3.5999999999999996,50.0,1904.8999999999999,5777,979.93
182.9,29.7,43.2,1997-10-01,0,4.699999999999999,42.0,130.39999999999998,5757,996.65
183.9,21.0,45.2,1997-10-02,0,-2.2,37.0,1270.0,5732,974.9
167.9,30.1,44.6,1997-10-03,0,4.4,40.2,-23.900000000000006,5753,950.85
80.4,12.8,37.0,1997-10-04,0,1.3999999999999995,28.6,587.6999999999999,5712,969.83
71.6,12.0,37.2,1997-10-05,0,1.6999999999999997,28.2,408.9,5753,969.68
162.0,20.0,41.6,1997-10-06,0,3.4,35.5,491.70000000000005,5749,972.31
66.1,2.2,27.8,1997-10-07,0,9.0,23.9,-21.900000000000006,5762,967.09
171.3,19.2,41.8,1997-10-08,1,3.0,33.9,474.5,5778,972.27
193.8,21.6,44.2,1997-10-09,0,-1.2000000000000002,37.0,1623.1000000000001,5718,972.27
160.3,29.5,43.4,1997-10-10,0,5.4,37.0,-32.400000000000006,5761,967.27
128.4,22.0,41.4,1997-10-11,1,0.9000000000000004,34.0,1222.9,5742,972.34
193.3,29.4,45.4,1997-10-12,0,0.7000000000000002,42.6,1780.8000000000002,5772,974.87
284.2,29.0,52.8,1997-10-13,0,-4.300000000000001,40.0,1534.7,5709,977.62
118.0,18.6,36.6,1997-10-14,0,2.9999999999999996,32.0,708.0,5729,972.4
163.1,30.9,41.2,1997-10-15,0,0.9000000000000004,38.6,1936.9,5733,990.22
241.9,29.6,48.8,1997-10-16,0,-3.5999999999999996,45.6,3276.7,5785,913.65
153.6,16.0,41.6,1997-10-17,0,3.9999999999999996,32.2,278.5,5731,950.91
120.6,13.6,35.6,1997-10-18,0,5.6,31.8,1.8999999999999915,5736,959.18
214.1,19.8,39.8,1997-10-19,0,9.0,37.5,-60.9,5753,975.11
187.2,-1.8,38.4,1997-10-20,0,9.7,32.4,0.0,5756,956.5
221.4,24.2,44.8,1997-10-21,0,8.5,41.7,0.0,5766,969.99
169.5,22.0,42.4,1997-10-22,0,3.3,31.9,402.3,5742,959.09
190.6,21.6,46.2,1997-10-23,0,3.3000000000000003,36.3,438.8,5756,972.46
46.6,20.4,37.1,1997-10-24,0,1.5,28.1,271.6,5713,951.22
111.1,22.4,39.2,1997-10-25,0,4.0,30.1,185.0,5714,951.1
56.3,4.4,26.7,1997-10-26,0,10.9,24.6,0.0,5717,954.15
126.8,7.6,39.4,1997-10-27,0,7.1,28.9,-74.89999999999999,5703,964.92
141.2,13.0,40.4,1997-10-28,0,8.1,27.0,0.0,5721,956.99
335.6,37.1,52.6,1997-10-29,0,1.0,53.5,629.9,5757,982.77
135.7,24.8,43.2,1997-10-30,0,1.0,38.1,379.5,5739,950.76
164.1,26.7,39.0,1997-10-31,0,11.4,41.2,-267.4,5758,962.05
40.7,3.0,32.3,1997-11-01,0,8.8,27.5,0.0,5734,992.54
74.3,16.0,33.6,1997-11-02,0,10.9,27.6,0.0,5732,937.15
182.3,30.9,44.8,1997-11-03,0,4.8999999999999995,38.5,-33.3,5722,982.86
101.2,3.2,34.2,1997-11-04,0,12.3,23.5,0.0,5754,948.75
33.0,-5.8,21.5,1997-11-05,0,14.3,20.5,0.0,5744,919.6
100.5,20.2,40.2,1997-11-06,0,9.1,29.7,0.0,5722,962.33
58.3,12.2,37.6,1997-11-07,0,4.3999999999999995,32.9,212.50000000000003,5733,969.99
34.4,5.2,31.2,1997-11-08,1,11.9,21.9,0.0,5730,934.25
99.6,23.0,40.0,1997-11-09,0,3.0,29.9,372.1,5714,956.5
187.6,34.9,49.4,1997-11-10,0,-2.3,39.5,656.1,5689,990.31
295.0,30.2,54.8,1997-11-11,0,-7.5,36.8,454.6,5707,980.24
126.2,22.6,42.6,1997-11-12,1,0.6000000000000001,32.4,660.9,5700,977.71
152.2,28.4,44.6,1997-11-13,0,-1.9999999999999996,33.6,1113.8,5680,972.52
155.0,33.1,41.0,1997-11-14,0,9.1,44.3,-104.10000000000001,5726,990.37
96.0,15.8,34.4,1997-11-15,0,9.7,29.3,-79.5,5679,962.51
138.6,10.8,37.2,1997-11-16,0,13.299999999999999,30.6,0.0,5746,959.67
83.9,4.6,36.0,1997-11-17,0,8.8,22.2,0.0,5698,948.99
58.2,1.0,27.7,1997-11-18,0,21.4,16.4,0.0,5705,944.17
76.9,6.8,36.4,1997-11-19,0,8.4,19.1,0.0,5652,913.8
197.2,35.3,47.2,1997-11-20,0,2.1999999999999997,44.8,474.49999999999994,5685,962.11
157.0,19.6,45.8,1997-11-21,0,4.800000000000001,35.2,-82.5,5672,978.04
127.8,20.8,41.0,1997-11-22,0,8.2,28.9,0.0,5702,965.16
137.0,22.1,36.0,1997-11-23,0,15.1,32.0,0.0,5719,949.02
226.4,31.9,47.6,1997-11-24,0,6.7,36.5,0.0,5717,967.67
185.4,26.0,41.4,1997-11-25,0,5.0,32.6,234.10000000000002,5712,961.96
205.5,35.5,48.2,1997-11-26,0,6.3,41.6,-155.0,5734,970.11
186.9,24.6,42.6,1997-11-27,0,7.9,35.5,-153.1,5719,954.09
159.9,26.7,43.0,1997-11-28,0,3.5999999999999996,39.8,120.89999999999999,5712,962.11
196.5,24.4,40.6,1997-11-29,0,18.0,31.6,0.0,5717,911.03
118.3,19.6,37.2,1997-11-30,0,18.9,27.7,0.0,5722,901.84
235.1,35.1,45.2,1997-12-01,0,15.899999999999999,51.0,0.0,5725,987.73
177.7,28.1,40.0,1997-12-02,0,9.1,40.7,-204.6,5717,980.48
142.1,19.8,37.8,1997-12-03,0,18.4,31.5,0.0,5711,968.19
81.5,14.6,34.1,1997-12-04,0,19.200000000000003,20.5,0.0,5691,924.21
133.2,25.3,40.4,1997-12-05,0,15.5,28.8,0.0,5689,955.0
133.5,18.0,46.0,1997-12-06,0,8.3,28.2,0.0,5686,973.13
94.8,6.2,27.6,1997-12-07,0,25.2,24.5,0.0,5742,894.82
138.4,7.0,38.6,1997-12-08,0,13.4,23.3,0.0,5695,952.07
151.7,24.6,43.0,1997-12-09,0,7.9,31.8,0.0,5706,943.22
213.1,30.5,39.4,1997-12-10,0,12.6,44.4,0.0,5698,983.14
69.8,18.7,28.9,1997-12-11,0,14.8,32.8,0.0,5659,968.28
54.3,15.5,27.5,1997-12-12,0,24.5,31.0,0.0,5662,953.11
40.7,19.7,19.1,1997-12-13,0,21.0,30.2,0.0,5653,960.8
185.1,29.5,42.6,1997-12-14,0,12.899999999999999,36.4,0.0,5646,973.31
177.3,8.8,41.6,1997-12-15,0,9.7,28.5,-4.100000000000001,5659,985.67
42.7,-6.8,23.5,1997-12-16,0,24.799999999999997,18.4,0.0,5676,973.65
77.6,-12.8,25.9,1997-12-17,0,22.2,18.6,0.0,5657,968.67
101.5,22.2,36.2,1997-12-18,0,14.4,31.1,0.0,5641,965.74
120.8,1.0,29.8,1997-12-19,0,26.299999999999997,22.8,0.0,5679,947.53
108.6,-5.2,23.1,1997-12-20,0,31.2,18.2,0.0,5679,945.14
135.3,-3.0,26.2,1997-12-21,0,29.4,23.7,0.0,5701,950.15
71.8,-5.0,12.3,1997-12-22,0,34.8,18.8,0.0,5644,964.1
66.0,-6.0,17.3,1997-12-23,0,38.0,23.0,0.0,5709,958.82
79.5,-2.4,17.3,1997-12-24,0,33.3,17.3,0.0,5645,966.51
75.7,-0.8,23.9,1997-12-25,0,36.9,17.0,0.0,5650,959.03
66.0,-1.0,21.3,1997-12-26,0,30.7,13.1,0.0,5653,937.06
85.4,-3.8,20.5,1997-12-27,0,30.0,12.9,0.0,5639,937.0
105.6,10.8,24.0,1997-12-28,0,34.9,20.7,0.0,5669,942.37
218.6,31.5,37.4,1997-12-29,0,25.0,37.1,0.0,5704,944.23
98.6,18.6,33.4,1997-12-30,0,21.1,21.6,0.0,5639,930.44
198.7,29.9,37.0,1997-12-31,0,15.700000000000001,37.9,0.0,5686,943.53
198.3,7.6,35.0,1998-01-01,0,25.8,23.8,0.0,5690,983.95
97.0,-12.0,12.7,1998-01-02,0,32.3,15.8,0.0,5644,956.22
102.8,7.2,35.4,1998-01-03,0,32.8,16.5,0.0,5666,964.28
54.3,-1.8,19.7,1998-01-04,0,36.0,21.5,0.0,5720,964.04
66.0,3.4,24.3,1998-01-05,0,30.700000000000003,16.8,0.0,5676,964.13
85.4,6.8,24.7,1998-01-06,0,25.9,13.4,0.0,5630,951.03
69.7,-0.2,26.0,1998-01-07,0,35.400000000000006,17.5,0.0,5658,948.41
79.5,-1.4,19.9,1998-01-08,0,32.0,16.5,0.0,5686,981.28
93.1,-4.6,21.1,1998-01-09,0,37.099999999999994,18.2,0.0,5698,988.51
186.3,5.8,37.6,1998-01-10,0,33.0,21.8,0.0,5699,986.13
83.4,-2.4,24.3,1998-01-11,0,36.5,18.7,0.0,5699,986.16
100.9,-4.2,29.5,1998-01-12,0,29.2,18.3,0.0,5650,981.37
127.3,8.8,28.8,1998-01-13,0,27.2,22.3,0.0,5675,973.65
98.9,-8.8,21.9,1998-01-14,0,24.9,22.2,0.0,5663,936.02
98.3,1.0,24.8,1998-01-15,0,33.8,18.1,0.0,5676,947.95
165.2,7.8,34.2,1998-01-16,0,12.8,26.1,0.0,5687,988.02
58.2,-11.6,24.3,1998-01-17,1,25.200000000000003,17.5,0.0,5676,947.22
164.7,29.1,41.8,1998-01-18,0,17.2,38.1,0.0,5673,938.46
216.4,33.3,46.2,1998-01-19,0,13.3,34.0,0.0,5612,978.53
139.4,17.8,32.0,1998-01-20,0,26.2,27.1,0.0,5689,957.99
243.5,33.7,44.6,1998-01-21,0,18.6,40.5,0.0,5637,990.68
97.0,13.5,16.9,1998-01-22,0,28.299999999999997,28.3,0.0,5650,978.65
67.9,19.7,28.6,1998-01-23,0,33.0,23.0,0.0,5659,974.04
97.0,18.7,27.1,1998-01-24,0,28.700000000000003,24.0,0.0,5660,956.22
105.9,20.3,30.4,1998-01-25,0,29.9,30.9,0.0,5722,944.78
166.3,31.2,45.8,1998-01-26,0,13.5,33.9,0.0,5634,947.13
115.7,27.3,41.6,1998-01-27,0,11.8,33.1,0.0,5646,985.76
193.6,29.6,47.8,1998-01-28,0,5.5,33.6,0.0,5658,954.61
133.6,28.6,46.2,1998-01-29,0,9.399999999999999,32.3,0.0,5649,965.62
177.5,30.1,43.2,1998-01-30,0,16.4,34.1,0.0,5669,970.9
124.4,16.3,33.0,1998-01-31,0,15.399999999999999,27.4,0.0,5665,968.25
150.4,17.4,38.2,1998-02-01,0,21.8,29.1,0.0,5675,999.17
93.4,5.8,26.4,1998-02-02,0,27.9,24.1,0.0,5700,963.3
81.5,16.0,35.7,1998-02-03,1,8.1,22.9,0.0,5650,960.28
357.9,39.2,55.6,1998-02-04,0,3.8000000000000003,33.6,-122.70000000000002,5634,962.72
142.5,9.6,38.2,1998-02-05,0,9.9,19.2,0.0,5623,965.53
93.6,3.8,31.8,1998-02-06,0,22.9,17.2,0.0,5605,945.21
132.7,11.0,44.2,1998-02-07,0,5.8,25.7,0.0,5618,943.95
103.8,21.6,40.6,1998-02-08,0,15.0,26.0,0.0,5622,971.02
72.7,10.8,39.4,1998-02-09,0,13.3,17.4,0.0,5594,918.87
60.1,5.2,33.1,1998-02-10,0,18.0,18.5,0.0,5623,942.18
21.3,-1.2,19.5,1998-02-11,0,28.8,21.8,0.0,5701,947.53
89.4,-11.8,31.8,1998-02-12,0,23.0,21.9,0.0,5670,952.87
76.3,-13.4,27.4,1998-02-13,0,26.0,20.9,0.0,5668,958.15
47.0,-14.6,23.0,1998-02-14,0,28.200000000000003,22.9,0.0,5707,947.28
142.8,3.4,28.2,1998-02-15,0,29.3,25.9,0.0,5749,955.03
179.5,23.2,34.8,1998-02-16,0,19.6,25.5,0.0,5705,946.46
153.4,27.7,37.4,1998-02-17,1,8.7,34.2,74.69999999999999,5707,951.13
126.7,21.6,36.2,1998-02-18,0,8.6,29.5,18.5,5697,964.89
221.0,35.3,46.2,1998-02-19,0,3.0999999999999996,45.2,442.2,5671,982.89
174.1,19.0,47.4,1998-02-20,0,-5.3,31.4,699.7,5655,995.19
120.7,10.6,31.8,1998-02-21,0,15.8,25.5,-56.099999999999994,5661,946.27
50.9,12.6,33.8,1998-02-22,0,7.1,24.7,-12.399999999999999,5650,975.57
166.3,24.7,36.4,1998-02-23,0,14.799999999999999,32.5,0.0,5716,957.14
183.3,16.0,44.4,1998-02-24,1,3.8999999999999995,36.7,125.49999999999999,5710,980.3
205.3,26.2,42.2,1998-02-25,0,7.300000000000001,35.6,-41.5,5746,967.27
251.5,27.6,39.8,1998-02-26,0,10.4,41.3,53.8,5727,977.77
181.3,18.8,39.6,1998-02-27,0,5.8999999999999995,30.8,0.3000000000000007,5689,975.3
106.2,6.2,29.8,1998-02-28,0,20.1,26.8,0.0,5717,926.38
100.0,5.4,29.4,1998-03-01,0,15.600000000000001,25.4,0.0,5684,980.51
125.4,5.6,37.4,1998-03-02,0,11.100000000000001,23.8,-65.2,5642,946.67
54.3,-2.0,26.7,1998-03-03,0,17.5,17.8,0.0,5696,924.06
50.4,0.4,24.9,1998-03-04,0,16.6,17.0,0.0,5702,929.76
64.0,7.4,33.7,1998-03-05,0,7.0,16.4,0.0,5691,916.95
56.3,12.8,37.9,1998-03-06,0,3.9000000000000004,23.4,-388.7,5721,946.0
220.1,31.4,49.8,1998-03-07,0,1.2,39.4,35.19999999999999,5683,967.67
198.5,11.4,30.6,1998-03-08,0,25.0,31.9,0.0,5701,914.6
96.3,-1.4,28.0,1998-03-09,0,23.299999999999997,22.0,0.0,5702,968.37
75.7,4.8,24.1,1998-03-10,0,12.9,24.0,0.0,5690,970.47
352.8,38.9,53.2,1998-03-11,1,-3.5,45.8,769.3,5698,977.68
140.0,10.4,40.0,1998-03-12,1,1.2000000000000002,32.4,523.8000000000001,5747,980.18
168.8,28.7,43.6,1998-03-13,1,6.6000000000000005,33.3,-178.20000000000002,5717,959.58
199.1,28.2,48.0,1998-03-14,0,3.0999999999999996,35.7,-1.0999999999999943,5680,980.48
64.0,12.8,29.9,1998-03-15,0,10.8,22.1,0.0,5694,954.57
149.0,17.2,43.4,1998-03-16,0,6.4,25.8,0.0,5723,940.38
153.9,21.4,39.2,1998-03-17,0,12.0,29.6,0.0,5745,954.36
115.2,22.6,40.6,1998-03-18,0,6.8,25.5,0.0,5671,887.8
143.9,19.2,47.6,1998-03-19,0,-1.6,24.5,601.8000000000001,5653,943.1
147.2,14.4,37.2,1998-03-20,0,5.1000000000000005,31.7,448.49999999999994,5709,956.56
156.7,23.4,39.4,1998-03-21,0,8.1,29.9,-261.7,5754,951.13
209.8,30.5,41.4,1998-03-22,1,0.30000000000000027,39.3,2230.7999999999997,5769,974.84
339.4,32.3,47.2,1998-03-23,1,4.8,41.3,6.5,5746,939.71
591.5,39.9,55.8,1998-03-24,0,2.0,53.8,467.09999999999997,5748,980.27
181.8,8.4,40.8,1998-03-25,0,6.5,33.7,-72.5,5732,982.86
79.5,3.6,30.5,1998-03-26,0,15.1,19.4,0.0,5693,962.81
143.0,23.8,46.2,1998-03-27,0,3.5,26.7,-55.2,5663,967.79
85.2,15.8,42.0,1998-03-28,1,3.4,24.2,-43.2,5656,948.87
187.7,34.7,49.6,1998-03-29,1,0.5,36.2,1033.5,5721,962.05
285.2,40.1,50.2,1998-03-30,0,1.9,48.1,593.4,5711,995.22
309.2,39.5,45.6,1998-03-31,0,15.6,49.2,0.0,5755,990.43
135.0,5.8,30.4,1998-04-01,0,22.200000000000003,26.5,0.0,5753,1005.3
38.8,1.0,15.9,1998-04-02,0,15.7,22.0,-312.3,5737,967.7
121.3,12.0,41.8,1998-04-03,1,9.9,29.1,-299.3,5736,964.98
86.7,8.8,40.2,1998-04-04,0,7.9,20.0,-317.5,5725,951.4
164.1,28.1,41.0,1998-04-05,0,9.9,40.1,0.0,5748,970.11
181.0,32.8,47.8,1998-04-06,0,-6.1,39.2,3562.7,5741,974.78
113.8,25.8,41.6,1998-04-07,0,-7.7,33.6,3060.0,5732,990.19
273.2,21.6,50.8,1998-04-08,1,-4.300000000000001,47.6,3191.7999999999997,5796,982.5
205.2,27.4,52.4,1998-04-09,1,-13.6,33.6,4898.4,5746,977.34
481.7,42.3,57.0,1998-04-10,0,8.4,54.2,-489.5,5832,964.68
272.2,33.7,47.8,1998-04-11,0,3.9,43.4,205.8,5832,966.93
165.0,25.5,39.0,1998-04-12,0,2.2,39.6,1275.8000000000002,5827,972.06
226.2,34.3,49.4,1998-04-13,0,-2.7,44.7,2055.8,5833,982.5
205.3,37.5,50.4,1998-04-14,1,-9.5,56.0,2927.6,5801,979.87
326.0,36.9,54.2,1998-04-15,0,-9.8,50.3,2586.7,5805,966.6
210.7,32.7,44.2,1998-04-16,0,12.3,46.1,0.0,5824,795.18
304.1,33.6,56.2,1998-04-17,0,-14.5,30.3,3321.8,5667,964.43
159.0,25.6,44.2,1998-04-18,0,-4.1,32.6,2644.7999999999997,5733,969.5
134.4,18.0,40.2,1998-04-19,0,-3.8000000000000003,30.4,3253.7,5730,982.5
134.5,21.8,42.4,1998-04-20,1,-2.1000000000000005,35.4,1010.0000000000001,5793,972.03
171.8,24.6,47.0,1998-04-21,0,-7.800000000000001,40.7,-2.0999999999999996,5774,966.6
278.7,36.7,50.8,1998-04-22,1,-5.800000000000001,47.8,3118.5,5825,971.91
209.0,25.2,47.6,1998-04-23,1,-0.5,42.4,1662.5,5781,980.06
64.0,15.8,41.5,1998-04-24,0,-5.0,23.7,1040.3,5758,964.52
213.0,34.9,50.0,1998-04-25,1,-0.5,43.0,1040.7,5762,980.18
235.0,33.7,50.2,1998-04-26,0,-4.2,48.2,20.5,5762,987.63
187.6,28.7,45.2,1998-04-27,1,4.3999999999999995,41.7,-244.49999999999997,5779,942.37
59.9,3.8,37.2,1998-04-28,0,-4.1,26.9,2371.9,5732,974.81
192.5,26.4,46.4,1998-04-29,0,5.3,41.1,135.89999999999998,5798,961.72
187.1,34.1,46.6,1998-04-30,1,1.2000000000000002,47.1,2152.7,5826,979.97
184.6,29.5,46.8,1998-05-01,1,-3.6000000000000005,44.2,2778.9,5841,978.51
218.1,35.3,51.0,1998-05-02,1,-0.5,40.6,333.19999999999993,5737,959.24
413.3,43.7,57.2,1998-05-03,0,-1.4,53.7,1385.1000000000001,5807,938.77
396.6,41.3,55.8,1998-05-04,0,2.3000000000000003,47.5,368.5,5800,977.65
397.1,40.9,55.8,1998-05-05,0,-10.0,59.1,3105.0,5791,979.81
309.5,40.3,51.8,1998-05-06,1,0.3999999999999999,46.1,1139.0,5757,982.68
229.4,36.9,46.6,1998-05-07,1,1.4000000000000004,62.3,1569.8,5859,987.56
237.6,35.1,48.8,1998-05-08,0,-1.9,53.9,1617.5,5780,980.06
155.2,27.4,49.2,1998-05-09,0,-2.1999999999999997,35.1,1228.7,5777,961.69
390.1,38.9,55.0,1998-05-10,0,-0.8999999999999999,53.6,667.1,5803,941.97
203.7,36.7,46.2,1998-05-11,0,2.7,49.6,225.50000000000003,5779,944.96
417.3,44.5,56.4,1998-05-12,0,-4.800000000000001,58.7,2038.1,5775,982.56
162.9,18.2,45.2,1998-05-13,0,-3.2,38.8,1475.8,5804,966.69
121.2,23.0,41.2,1998-05-14,0,-2.4999999999999996,39.0,1965.6999999999998,5789,961.17
143.4,35.1,42.8,1998-05-15,1,-4.8,49.6,3010.1,5793,971.91
226.3,40.5,49.4,1998-05-16,0,-3.1999999999999997,50.9,2219.3999999999996,5814,979.84
196.5,36.9,44.0,1998-05-17,0,5.0,57.2,713.9,5809,980.0
232.7,34.3,44.8,1998-05-18,0,4.3,58.9,232.60000000000002,5856,985.06
234.9,34.9,38.4,1998-05-19,0,9.299999999999999,50.2,-91.49999999999999,5821,846.69
280.5,41.3,43.6,1998-05-20,0,9.4,56.9,-22.69999999999999,5773,850.45
240.4,39.5,47.8,1998-05-21,0,0.5,44.8,1602.3000000000002,5842,817.88
234.9,38.2,45.0,1998-05-22,0,3.0999999999999996,62.6,1780.9,5917,969.01
225.1,34.1,47.0,1998-05-23,0,-4.9,44.3,0.39999999999999997,5891,947.65
210.9,29.6,48.0,1998-05-24,1,-0.8999999999999995,40.1,26.1,5872,949.99
389.7,44.1,53.2,1998-05-25,1,-5.999999999999999,71.1,-34.5,5868,966.26
364.7,33.0,53.6,1998-05-26,1,-8.3,50.7,2277.9,5775,963.91
464.8,33.2,53.0,1998-05-27,0,-0.9000000000000004,56.9,6.800000000000001,5902,949.99
332.8,29.8,51.0,1998-05-28,0,-7.299999999999999,45.3,10.2,5858,949.99
244.5,24.9,43.6,1998-05-29,0,0.6999999999999993,46.9,3761.4,5877,910.13
258.4,34.9,50.0,1998-05-30,0,-7.699999999999999,41.6,5495.6,5852,930.73
152.4,23.0,45.0,1998-05-31,0,-5.5,37.2,1.0,5856,945.32
60.0,5.4,38.0,1998-06-01,0,-11.6,30.0,8.100000000000001,5797,978.64
175.0,28.1,46.0,1998-06-02,0,-4.4,37.6,4489.0,5858,918.13
135.9,26.3,43.0,1998-06-03,1,-3.6999999999999997,35.1,7.1000000000000005,5793,949.99
230.9,30.9,46.6,1998-06-04,0,-1.5,60.2,2854.8999999999996,5903,966.2
307.5,43.5,52.2,1998-06-05,0,2.9000000000000004,64.4,229.0,5889,972.09
265.9,37.5,50.8,1998-06-06,0,-0.6999999999999993,63.3,1080.9,5879,963.79
140.3,26.5,42.6,1998-06-07,0,-1.7000000000000002,49.7,1593.0,5847,952.74
303.4,38.1,48.6,1998-06-08,0,-1.8999999999999995,51.7,4264.5,5902,930.68
198.2,39.9,49.2,1998-06-09,1,-1.7000000000000002,51.9,1776.5,5859,879.89
190.6,37.3,46.2,1998-06-10,0,-4.1,44.5,4917.2,5858,912.85
481.7,49.9,58.2,1998-06-11,1,-11.6,76.4,8288.3,5948,949.99
244.2,43.7,45.8,1998-06-12,0,5.1,78.3,1252.8,5927,977.16
219.7,41.7,47.6,1998-06-13,1,-4.7,67.5,-6.4,5836,971.82
357.3,40.9,51.4,1998-06-14,1,-3.5,67.8,0.40000000000000036,5842,979.78
295.1,35.7,41.8,1998-06-15,0,4.8,69.2,-0.20000000000000018,5892,979.78
205.6,28.1,39.6,1998-06-16,0,-0.2999999999999998,48.5,2442.3999999999996,5791,974.62
166.8,27.3,40.8,1998-06-17,1,-1.0,44.4,1661.7,5827,974.53
238.5,36.5,42.2,1998-06-18,1,2.8,66.2,1705.3,5873,974.44
184.3,23.8,41.0,1998-06-19,1,-1.5,44.0,1813.5,5840,969.13
219.3,29.5,42.8,1998-06-20,1,5.199999999999999,44.4,320.09999999999997,5854,883.16
274.4,42.3,44.8,1998-06-21,1,8.9,65.2,-4.299999999999997,5814,928.7
314.3,43.5,47.6,1998-06-22,0,2.5,70.1,2341.2000000000003,5860,947.68
258.6,36.1,43.0,1998-06-23,0,5.5,60.0,1364.4,5838,930.95
293.7,42.6,42.6,1998-06-24,1,7.6,70.0,2372.8,5830,947.68
301.0,44.3,45.8,1998-06-25,0,1.7000000000000002,72.1,2870.7000000000003,5835,947.68
263.2,39.5,41.8,1998-06-26,0,3.5,61.4,3329.5,5832,947.68
272.5,39.5,44.8,1998-06-27,0,5.3,63.8,622.3,5821,918.54
239.5,34.7,41.8,1998-06-28,0,7.9,52.9,-56.0,5814,911.01
286.1,40.0,40.2,1998-06-29,0,7.4,67.8,1849.0,5862,949.99
254.8,35.9,42.2,1998-06-30,0,4.8,57.0,905.1999999999999,5800,947.71
276.9,34.4,40.2,1998-07-01,1,9.799999999999999,73.2,108.9,5928,975.16
306.4,35.8,40.4,1998-07-02,0,8.200000000000001,62.7,63.0,5835,947.68
260.6,34.4,38.6,1998-07-03,0,9.799999999999999,56.3,-20.700000000000003,5838,908.13
297.6,42.5,44.2,1998-07-04,0,8.4,69.5,-2.4,5816,935.95
289.9,41.9,42.8,1998-07-05,1,5.0,73.0,1565.8,5838,949.99
250.1,36.3,41.6,1998-07-06,0,8.6,56.2,-14.0,5785,905.9
283.1,39.4,38.8,1998-07-07,1,14.5,69.8,0.0,5845,903.05
222.8,36.7,41.0,1998-07-08,0,10.700000000000001,54.9,-181.3,5828,856.41
274.3,39.0,41.4,1998-07-09,0,5.000000000000001,66.7,3826.4,5832,949.99
255.3,37.6,40.0,1998-07-10,0,10.0,56.8,-146.89999999999998,5858,886.05
251.8,36.5,41.0,1998-07-11,0,7.8999999999999995,57.3,907.4,5796,913.43
212.6,31.7,38.8,1998-07-12,1,14.899999999999999,47.6,0.0,5780,867.04
247.4,30.9,40.2,1998-07-13,1,4.6,58.5,935.3,5840,974.66
267.7,36.3,43.0,1998-07-14,1,0.1999999999999993,64.1,2681.4,5845,977.13
275.0,42.7,45.4,1998-07-15,1,1.5999999999999996,79.4,1393.6000000000001,5845,992.57
240.4,38.3,42.6,1998-07-16,1,4.6,66.0,643.7,5828,987.63
305.4,39.5,43.4,1998-07-17,0,10.399999999999999,70.1,-100.19999999999999,5860,990.13
268.3,40.1,43.6,1998-07-18,1,6.5,74.9,-62.10000000000001,5850,995.1
316.0,40.9,44.4,1998-07-19,0,5.3,78.7,497.19999999999993,5881,979.78
266.9,37.1,43.6,1998-07-20,1,4.199999999999999,67.2,1034.7,5849,979.87
253.0,37.5,47.6,1998-07-21,0,-4.0,60.6,3049.6,5812,977.22
307.7,42.3,49.0,1998-07-22,0,1.2999999999999998,75.1,1822.1999999999998,5868,992.57
310.1,45.5,48.6,1998-07-23,1,-1.9000000000000004,82.4,-9.0,5853,982.28
252.9,38.1,44.8,1998-07-24,1,1.8000000000000007,64.2,2233.2999999999997,5873,974.5
262.9,36.9,44.0,1998-07-25,0,9.399999999999999,55.0,51.10000000000002,5881,868.52
231.1,35.3,45.4,1998-07-26,0,2.5999999999999996,57.2,1844.4,5840,910.63
209.0,34.7,45.8,1998-07-27,0,0.10000000000000053,50.7,2321.9,5854,905.19
269.2,39.1,42.0,1998-07-28,0,3.3,74.9,1730.6000000000001,5842,984.97
270.3,35.5,41.4,1998-07-29,0,6.7,53.8,-4.8,5856,926.09
271.3,31.9,37.6,1998-07-30,0,6.499999999999999,63.7,9.5,5861,987.53
315.5,45.5,49.6,1998-07-31,0,-3.1999999999999997,73.5,2658.0,5837,979.75
230.7,28.9,40.8,1998-08-01,0,1.0,58.4,2035.6,5847,984.31
257.4,31.7,40.8,1998-08-02,0,1.6000000000000005,62.1,1665.8,5842,977.16
229.8,33.5,42.4,1998-08-03,1,0.0,61.3,2815.0,5828,984.97
252.3,36.9,39.6,1998-08-04,1,4.3,70.1,1478.2,5823,977.22
258.1,38.9,43.6,1998-08-05,0,4.800000000000001,58.5,1238.8999999999999,5865,897.11
245.9,41.1,44.0,1998-08-06,0,4.0,64.4,961.5,5817,935.84
270.2,38.7,41.0,1998-08-07,0,7.1000000000000005,66.2,1170.1,5866,949.99
247.5,34.4,39.0,1998-08-08,1,5.5,66.6,1933.7,5867,992.57
245.1,34.3,42.8,1998-08-09,0,6.9,52.3,-13.0,5830,931.09
234.7,31.5,40.2,1998-08-10,0,0.40000000000000036,61.0,2286.7000000000003,5856,963.58
242.5,31.9,39.8,1998-08-11,1,9.0,47.0,-17.4,5784,908.65
239.4,33.4,39.0,1998-08-12,1,12.5,53.2,-184.9,5854,894.83
287.9,43.7,46.0,1998-08-13,0,0.2999999999999998,69.0,3135.9,5819,945.34
286.7,39.7,42.2,1998-08-14,0,5.499999999999999,61.3,1859.8000000000002,5827,915.9
310.3,38.3,44.2,1998-08-15,0,2.6,75.1,2172.1,5863,992.57
208.2,31.3,40.4,1998-08-16,1,2.1000000000000005,54.8,2111.7000000000003,5820,992.6
213.9,35.3,44.4,1998-08-17,0,-3.1000000000000005,58.3,3219.9,5800,997.54
211.9,36.7,41.8,1998-08-18,0,2.3,65.0,2126.2,5819,987.59
212.9,33.5,40.6,1998-08-19,0,5.9,55.4,757.6,5818,979.97
245.6,38.9,40.4,1998-08-20,0,8.2,73.2,-22.199999999999996,5851,985.06
144.7,23.9,37.0,1998-08-21,0,4.1,49.2,-22.200000000000003,5799,966.84
223.9,33.1,42.4,1998-08-22,0,3.1,60.4,876.6999999999999,5837,969.28
253.7,36.5,43.2,1998-08-23,1,2.9,71.7,1481.9,5842,992.57
248.4,39.7,46.6,1998-08-24,0,0.8000000000000007,72.6,-27.8,5858,987.53
267.7,40.9,45.6,1998-08-25,0,5.1,81.0,685.3,5882,982.44
225.4,32.9,38.4,1998-08-26,0,7.5,67.6,128.2,5871,977.28
236.5,34.3,36.4,1998-08-27,1,9.299999999999999,64.8,122.69999999999999,5820,982.53
153.1,22.1,36.4,1998-08-28,0,1.1999999999999997,41.4,997.1,5803,974.69
313.1,42.9,43.4,1998-08-29,1,7.0,88.8,241.90000000000003,5882,985.0
228.3,35.7,44.6,1998-08-30,1,-2.5,57.5,2447.9,5783,977.25
231.2,37.1,42.2,1998-08-31,0,1.1999999999999993,72.2,1853.4,5847,995.07
263.0,37.3,40.0,1998-09-01,0,7.799999999999999,71.5,1.4000000000000001,5866,996.09
213.1,27.9,38.2,1998-09-02,1,6.0,55.2,-53.400000000000006,5856,985.03
258.8,33.5,42.2,1998-09-03,0,0.7999999999999998,63.2,2361.4,5832,982.41
227.9,33.9,45.2,1998-09-04,0,-3.6999999999999997,54.8,4538.2,5790,985.0
279.3,39.5,44.6,1998-09-05,1,3.6999999999999997,71.6,1803.1,5838,995.07
213.4,33.9,40.6,1998-09-06,0,6.5,63.9,25.69999999999999,5860,990.13
237.4,36.5,40.8,1998-09-07,0,6.9,71.2,432.4,5831,990.13
278.5,37.9,40.0,1998-09-08,0,10.0,73.0,-72.2,5847,995.13
268.8,39.3,41.8,1998-09-09,0,6.8,73.9,8.5,5819,990.16
261.1,39.7,48.2,1998-09-10,0,0.40000000000000036,66.0,2542.3,5835,992.6
285.1,40.5,44.6,1998-09-11,1,7.2,72.5,142.79999999999998,5826,985.12
274.1,38.3,44.4,1998-09-12,0,2.5,70.7,1220.6,5819,995.1
273.6,36.9,45.0,1998-09-13,0,4.3999999999999995,60.9,582.9,5818,979.97
257.2,36.1,44.6,1998-09-14,0,5.6,61.5,680.2,5829,987.66
202.4,27.5,35.6,1998-09-15,0,10.2,53.0,0.0,5849,977.37
235.5,30.9,40.0,1998-09-16,0,6.3,55.1,103.79999999999998,5854,979.87
154.7,27.3,38.0,1998-09-17,0,-1.6000000000000005,49.4,2491.3,5792,971.91
181.7,29.9,39.0,1998-09-18,0,4.1,50.2,871.9,5817,979.93
209.2,29.7,39.8,1998-09-19,0,3.7,50.9,1121.2,5834,974.66
207.3,32.9,43.6,1998-09-20,1,-1.0,54.2,1777.7,5822,987.56
206.7,30.9,40.0,1998-09-21,1,3.1,56.1,1181.7,5815,979.87
181.7,25.9,38.6,1998-09-22,1,0.7999999999999998,52.5,2080.1,5818,985.0
182.0,28.7,40.6,1998-09-23,0,1.7000000000000002,57.0,1274.8,5835,982.44
166.7,30.9,42.6,1998-09-24,0,-1.6999999999999997,49.1,2510.2,5811,979.87
172.5,34.7,48.0,1998-09-25,0,-4.3,45.2,2454.1,5806,969.41
145.7,26.9,40.6,1998-09-26,1,-2.8,42.9,3067.1,5781,977.28
154.7,27.5,37.6,1998-09-27,1,3.8999999999999995,43.7,1498.6000000000001,5830,958.33
188.8,34.5,43.6,1998-09-28,0,3.3,54.2,431.70000000000005,5823,966.75
184.0,34.5,42.6,1998-09-29,1,4.1,56.3,786.5,5799,982.59
201.2,35.7,43.8,1998-09-30,1,3.3,59.2,488.4,5817,979.97
191.6,34.7,43.0,1998-10-01,1,3.3999999999999995,63.1,781.9,5824,997.05
152.9,28.1,40.4,1998-10-02,1,2.1999999999999997,46.8,1115.7,5771,977.46
278.1,43.7,50.2,1998-10-03,1,3.6,73.5,-177.70000000000002,5892,985.03
218.2,32.7,42.6,1998-10-04,0,3.8000000000000003,49.7,480.29999999999995,5770,977.46
172.9,30.9,39.8,1998-10-05,0,2.3,54.6,908.0999999999999,5783,990.16
148.4,24.9,39.0,1998-10-06,0,2.9,40.5,-6.800000000000001,5799,974.78
276.2,19.4,47.6,1998-10-07,0,4.5,56.1,920.0999999999999,5856,979.87
164.8,20.2,38.8,1998-10-08,0,4.6,41.6,942.6,5812,977.37
218.0,33.7,44.8,1998-10-09,0,2.7,46.5,3004.0,5822,958.36
120.7,24.5,35.6,1998-10-10,0,0.2999999999999998,45.5,1540.9,5801,974.66
98.6,17.2,38.8,1998-10-11,0,-3.0,35.2,1970.1000000000001,5794,972.03
172.9,29.9,42.4,1998-10-12,0,1.9999999999999996,47.8,1670.3999999999999,5819,977.31
132.2,21.2,37.8,1998-10-13,1,0.5999999999999996,37.0,1194.3,5803,952.87
179.7,28.9,40.8,1998-10-14,0,3.5,46.3,644.0999999999999,5813,977.37
244.6,37.7,43.2,1998-10-15,0,3.9,65.5,1434.8999999999999,5815,987.63
250.5,38.9,43.0,1998-10-16,0,4.2,65.8,805.6,5781,995.13
245.1,37.3,47.8,1998-10-17,0,2.3000000000000003,65.4,1294.3000000000002,5823,990.13
278.1,40.1,47.4,1998-10-18,0,4.5,67.1,1802.3,5860,995.07
182.1,32.1,39.2,1998-10-19,1,18.5,38.6,0.0,5812,842.4
257.2,36.1,44.2,1998-10-20,0,1.0,66.1,1911.0,5843,997.54
197.8,30.7,38.0,1998-10-21,0,5.2,53.8,858.8,5808,985.12
202.0,28.7,39.2,1998-10-22,0,4.8999999999999995,45.3,715.5999999999999,5792,977.43
209.1,28.0,42.2,1998-10-23,0,3.8,49.8,86.5,5804,979.97
176.8,30.7,35.2,1998-10-24,0,9.1,46.7,162.1,5777,982.62
214.3,34.7,44.8,1998-10-25,0,2.5000000000000004,51.1,1121.1,5785,980.06
184.2,22.8,40.2,1998-10-26,0,6.4,39.8,309.4,5799,969.62
180.3,29.2,45.2,1998-10-27,0,-0.8000000000000003,40.5,1834.6999999999998,5769,961.44
34.9,8.8,23.9,1998-10-28,0,12.399999999999999,22.7,0.0,5777,945.45
107.3,28.5,38.2,1998-10-29,0,14.899999999999999,39.7,0.0,5794,939.9
244.6,40.9,46.2,1998-10-30,0,6.7,66.1,-27.200000000000003,5778,982.74
209.6,35.5,45.0,1998-10-31,0,4.2,53.1,20.299999999999997,5733,995.16
186.0,30.5,43.0,1998-11-01,0,6.6,48.9,-63.599999999999994,5768,999.61
119.4,29.9,43.4,1998-11-02,0,-2.9999999999999996,42.3,-24.1,5733,972.4
45.8,11.0,34.8,1998-11-03,0,4.7,29.5,-98.5,5730,961.96
115.4,22.4,33.6,1998-11-04,0,12.7,42.3,-116.00000000000001,5768,953.66
135.1,18.2,36.8,1998-11-05,0,15.799999999999999,36.2,0.0,5773,951.22
27.2,13.4,27.1,1998-11-06,0,11.0,30.2,0.0,5786,951.22
36.9,13.4,18.3,1998-11-07,0,16.2,28.9,0.0,5755,951.31
68.1,12.0,31.0,1998-11-08,0,12.2,32.1,0.0,5774,953.84
126.6,15.4,34.8,1998-11-09,1,12.5,31.5,0.0,5764,959.34
141.0,25.9,39.2,1998-11-10,0,3.9000000000000004,40.0,548.5999999999999,5754,974.96
121.5,19.1,31.0,1998-11-11,0,13.7,36.7,0.0,5764,967.42
156.3,30.5,45.6,1998-11-12,0,4.300000000000001,38.2,-23.80000000000001,5750,972.58
103.1,22.8,36.8,1998-11-13,0,10.7,33.1,-187.1,5736,972.76
31.0,6.8,26.7,1998-11-14,0,15.9,26.5,0.0,5768,962.33
231.8,20.0,45.0,1998-11-15,0,14.3,49.2,0.0,5799,942.86
288.0,34.3,45.0,1998-11-16,0,14.899999999999999,58.5,0.0,5814,959.24
204.4,27.3,40.6,1998-11-17,0,7.6,45.4,-9.200000000000001,5782,990.25
201.5,27.9,36.4,1998-11-18,0,12.100000000000001,44.1,-261.7,5808,980.15
188.9,20.4,47.4,1998-11-19,0,-0.40000000000000036,34.9,-36.599999999999994,5744,975.05
114.6,21.8,40.2,1998-11-20,0,0.6000000000000001,36.4,239.5,5766,972.4
139.9,28.3,41.0,1998-11-21,1,8.5,44.1,0.0,5773,964.65
287.2,29.5,37.2,1998-11-22,0,9.700000000000001,47.3,56.0,5752,999.98
248.7,30.5,39.0,1998-11-23,0,13.7,51.0,-99.1,5766,997.6
86.8,4.6,31.2,1998-11-24,0,14.2,26.5,0.0,5733,970.23
42.7,9.0,24.5,1998-11-25,0,21.7,24.7,0.0,5762,934.8
78.1,4.4,26.4,1998-11-26,0,25.9,23.8,0.0,5773,954.79
27.2,1.4,-0.7,1998-11-27,0,35.599999999999994,21.4,0.0,5790,946.91
25.2,1.6,15.5,1998-11-28,0,27.8,23.8,0.0,5762,960.04
21.3,6.2,11.7,1998-11-29,0,21.6,18.2,0.0,5717,946.61
23.3,6.0,22.5,1998-11-30,0,18.5,23.9,0.0,5754,975.66
50.4,6.8,22.3,1998-12-01,0,25.299999999999997,20.3,0.0,5730,985.08
62.1,5.4,23.9,1998-12-02,0,19.8,18.6,0.0,5739,949.26
40.7,0.4,25.8,1998-12-03,0,28.200000000000003,14.7,0.0,5740,947.04
36.9,-4.0,21.2,1998-12-04,0,35.8,14.9,0.0,5768,915.24
62.1,-5.4,21.4,1998-12-05,0,37.5,13.1,0.0,5756,927.84
52.4,-4.0,19.7,1998-12-06,0,29.3,14.0,0.0,5750,936.08
41.2,-4.2,26.2,1998-12-07,0,27.6,20.7,0.0,5781,938.64
106.8,5.4,37.6,1998-12-08,0,14.799999999999999,22.2,0.0,5736,957.5
95.0,-1.4,24.6,1998-12-09,0,26.0,20.0,0.0,5740,935.41
100.8,5.4,32.4,1998-12-10,0,13.7,20.5,0.0,5687,960.07
129.7,-3.8,28.2,1998-12-11,0,16.2,21.3,0.0,5715,960.01
116.4,-4.6,29.2,1998-12-12,0,19.8,20.5,0.0,5681,946.67
127.4,-4.4,21.8,1998-12-13,0,28.5,22.3,0.0,5687,970.69
57.6,-6.4,26.2,1998-12-14,0,21.4,19.1,0.0,5719,952.07
46.6,-7.0,25.3,1998-12-15,0,25.6,18.4,0.0,5730,935.71
40.7,-3.0,22.3,1998-12-16,0,21.0,13.4,0.0,5667,941.51
64.0,-2.6,29.8,1998-12-17,0,23.200000000000003,11.8,0.0,5675,938.83
71.8,-4.6,22.7,1998-12-18,0,26.0,13.5,0.0,5674,936.33
36.9,1.2,36.3,1998-12-19,0,10.4,15.5,0.0,5606,952.77
44.6,-3.8,8.1,1998-12-20,0,25.9,12.8,0.0,5690,947.43
31.0,-2.8,24.9,1998-12-21,0,19.5,16.2,0.0,5695,965.9
60.1,-1.0,30.3,1998-12-22,0,21.0,15.3,0.0,5668,953.05
67.9,-7.8,24.7,1998-12-23,0,25.2,15.9,0.0,5682,955.58
93.8,-5.0,30.4,1998-12-24,0,22.3,17.8,0.0,5670,955.49
67.9,-1.6,26.1,1998-12-25,0,17.4,14.4,0.0,5659,936.2
60.1,-4.4,20.5,1998-12-26,0,24.7,15.1,0.0,5683,936.39
48.5,-9.6,18.3,1998-12-27,0,28.4,16.0,0.0,5721,930.56
42.7,-3.6,12.5,1998-12-28,0,25.299999999999997,12.2,0.0,5681,928.12
56.3,-6.0,18.7,1998-12-29,0,29.5,12.0,0.0,5666,945.51
44.6,-8.2,19.5,1998-12-30,0,31.2,13.7,0.0,5680,945.51
64.0,-5.0,28.3,1998-12-31,0,28.700000000000003,16.4,0.0,5670,950.64
64.0,-3.6,30.5,1999-01-01,0,27.4,19.0,0.0,5653,992.02
52.4,-7.4,28.0,1999-01-02,0,25.9,11.9,0.0,5644,921.98
36.9,-12.8,18.3,1999-01-03,0,34.7,16.6,0.0,5746,933.7
27.2,-8.4,26.5,1999-01-04,0,26.2,18.8,0.0,5702,966.05
33.0,-9.4,22.3,1999-01-05,0,32.0,18.2,0.0,5724,960.89
33.0,-5.0,19.7,1999-01-06,0,28.799999999999997,16.1,0.0,5712,958.11
48.5,-9.8,24.3,1999-01-07,0,18.799999999999997,20.7,0.0,5684,955.0
100.9,7.2,33.3,1999-01-08,0,18.2,20.9,0.0,5639,952.68
140.3,14.4,46.6,1999-01-09,0,8.5,19.9,0.0,5614,952.53
93.1,4.6,34.7,1999-01-10,0,15.7,15.0,0.0,5561,944.87
42.7,0.6,14.1,1999-01-11,0,32.1,14.6,0.0,5600,971.6
52.4,0.8,31.6,1999-01-12,0,31.0,11.7,0.0,5630,943.22
62.1,4.4,9.5,1999-01-13,0,24.5,13.3,0.0,5624,950.82
85.4,2.2,19.9,1999-01-14,0,23.1,14.9,0.0,5629,961.07
54.3,1.2,22.5,1999-01-15,0,22.0,17.1,0.0,5673,918.96
67.9,4.2,18.9,1999-01-16,0,25.3,14.4,0.0,5639,925.49
71.8,4.4,35.0,1999-01-17,0,23.4,15.4,0.0,5633,948.01
52.4,-2.6,27.6,1999-01-18,0,33.099999999999994,13.7,0.0,5659,963.94
66.0,-3.2,24.1,1999-01-19,0,26.5,13.1,0.0,5663,961.56
64.0,2.6,39.2,1999-01-20,0,25.5,12.4,0.0,5651,916.85
64.0,7.0,41.6,1999-01-21,0,20.5,14.0,0.0,5683,955.92
75.7,9.4,37.7,1999-01-22,0,15.100000000000001,13.6,0.0,5666,928.18
62.1,6.6,33.8,1999-01-23,0,24.0,13.3,0.0,5661,939.32
78.3,-0.8,25.0,1999-01-24,0,33.6,21.1,0.0,5731,952.87
56.3,-1.0,21.5,1999-01-25,0,24.6,16.3,0.0,5691,930.1
67.9,-4.6,15.3,1999-01-26,0,37.9,17.2,0.0,5712,945.08
77.6,-9.8,5.3,1999-01-27,0,43.900000000000006,18.1,0.0,5735,948.04
73.7,-2.6,22.6,1999-01-28,0,40.2,15.0,0.0,5708,953.48
93.1,0.2,21.1,1999-01-29,0,31.3,16.2,0.0,5722,955.7
79.5,0.8,26.7,1999-01-30,0,24.5,17.8,0.0,5671,921.37
70.2,4.0,27.4,1999-01-31,0,31.700000000000003,18.7,0.0,5701,913.01
68.4,0.2,33.0,1999-02-01,0,24.4,17.7,0.0,5656,983.93
67.9,-1.4,23.5,1999-02-02,0,34.5,14.5,0.0,5696,934.46
42.7,6.0,38.4,1999-02-03,0,20.8,15.9,0.0,5696,912.43
78.2,14.2,41.2,1999-02-04,0,14.2,23.8,0.0,5692,929.82
36.9,9.6,32.9,1999-02-05,0,14.3,16.7,0.0,5702,888.9
73.7,19.1,29.7,1999-02-06,0,18.299999999999997,19.1,0.0,5671,936.2
71.8,17.1,28.3,1999-02-07,0,19.7,19.4,0.0,5673,941.79
38.8,3.4,37.6,1999-02-08,0,23.9,16.1,0.0,5700,922.07
31.0,7.0,31.7,1999-02-09,0,13.9,18.3,0.0,5682,944.23
58.2,19.2,37.3,1999-02-10,0,9.1,28.1,0.0,5694,932.02
33.0,5.8,28.9,1999-02-11,0,15.5,18.8,0.0,5703,943.86
56.4,21.2,42.2,1999-02-12,0,9.7,25.9,0.0,5705,943.65
150.8,20.8,45.4,1999-02-14,0,7.199999999999999,28.3,0.0,5712,954.61
81.1,13.0,38.2,1999-02-15,0,9.6,27.5,0.0,5715,957.38
40.7,15.2,32.1,1999-02-16,0,14.0,24.9,0.0,5707,944.17
50.4,11.8,33.6,1999-02-17,0,17.1,24.8,0.0,5725,932.39
73.6,13.4,33.8,1999-02-18,0,17.700000000000003,23.7,0.0,5709,949.51
89.2,5.4,30.1,1999-02-19,0,19.7,19.9,0.0,5736,938.13
96.6,15.8,38.4,1999-02-20,0,9.9,24.6,0.0,5696,943.47
117.1,11.6,34.2,1999-02-21,0,20.6,25.2,0.0,5723,943.74
108.7,3.8,43.8,1999-02-22,0,5.7,21.0,-222.9,5626,935.23
46.0,-8.0,36.6,1999-02-23,0,15.3,21.4,0.0,5749,949.36
132.6,13.0,41.0,1999-02-24,0,2.6999999999999997,27.9,971.4000000000001,5743,975.14
82.7,15.4,39.4,1999-02-25,0,4.2,29.4,225.5,5750,987.87
105.6,14.8,44.4,1999-02-26,0,-1.2000000000000002,23.9,1301.0,5743,942.28
111.5,21.6,48.4,1999-02-27,0,-4.5,23.8,1047.0,5688,933.82
168.9,22.4,49.2,1999-02-28,0,7.6000000000000005,23.9,0.0,5685,940.84
66.0,17.2,42.9,1999-03-01,0,3.7,17.2,-344.0,5650,962.52
54.3,9.8,36.1,1999-03-02,0,12.1,16.4,0.0,5664,908.58
50.4,6.0,33.5,1999-03-03,0,12.5,17.7,0.0,5689,944.17
86.3,5.8,37.0,1999-03-04,0,16.0,22.6,0.0,5727,952.13
70.1,0.6,28.6,1999-03-05,0,20.1,23.3,0.0,5774,959.92
66.0,0.2,24.3,1999-03-06,0,19.200000000000003,23.5,0.0,5799,972.76
85.4,-11.8,28.9,1999-03-07,0,19.299999999999997,22.0,0.0,5806,937.73
79.5,9.0,30.7,1999-03-08,0,17.2,23.5,0.0,5777,919.75
81.5,3.6,25.3,1999-03-09,0,17.7,20.8,0.0,5822,970.14
42.7,15.8,33.9,1999-03-10,0,6.800000000000001,23.7,-285.7,5784,964.68
103.2,26.9,41.0,1999-03-11,0,-3.4999999999999996,31.5,1576.0,5755,980.06
230.5,35.1,51.4,1999-03-12,0,-5.3,38.6,1113.5,5774,974.87
94.0,22.4,39.6,1999-03-13,0,2.9,31.5,43.400000000000006,5770,977.62
122.6,21.0,35.6,1999-03-14,0,16.8,26.3,0.0,5711,914.05
107.7,22.0,39.8,1999-03-15,0,9.8,24.9,0.0,5671,929.37
69.6,-3.0,29.2,1999-03-16,0,7.699999999999999,27.5,72.69999999999999,5731,972.46
167.7,21.6,32.2,1999-03-17,0,16.9,35.8,0.0,5790,980.27
102.4,20.7,31.6,1999-03-18,0,8.1,35.6,214.5,5797,982.59
109.1,17.2,30.8,1999-03-19,0,5.8,35.0,1987.3000000000002,5806,982.53
54.8,-1.6,24.6,1999-03-20,0,14.9,21.7,0.0,5751,956.77
122.5,15.2,37.6,1999-03-21,0,13.2,28.0,0.0,5765,951.52
90.2,13.0,40.0,1999-03-22,0,-3.5999999999999996,24.6,1213.3999999999999,5704,977.58
129.2,14.8,44.8,1999-03-23,0,-4.8999999999999995,28.1,925.8,5723,987.75
118.8,15.6,44.6,1999-03-24,0,-9.5,33.5,2.1999999999999997,5715,985.12
64.0,10.8,33.5,1999-03-25,1,-0.5,24.0,1326.3,5725,969.62
236.4,32.6,49.4,1999-03-26,0,-6.699999999999999,40.1,-10.2,5753,974.69
83.3,20.0,43.4,1999-03-27,0,-10.2,26.6,2247.7,5759,979.97
162.6,17.0,44.6,1999-03-28,0,0.5,24.8,274.79999999999995,5747,959.18
71.6,6.8,37.2,1999-03-29,0,6.800000000000001,21.9,1353.8,5699,999.98
79.6,10.0,35.0,1999-03-30,0,3.5,28.6,1927.8,5766,980.12
207.5,25.2,42.6,1999-03-31,0,4.8999999999999995,42.9,1476.6999999999998,5799,987.69
147.5,17.6,43.2,1999-04-01,0,-1.8999999999999995,31.9,2650.8999999999996,5778,995.09
62.9,11.6,38.2,1999-04-02,0,-1.1,25.0,1896.1000000000001,5819,979.97
38.8,9.4,38.7,1999-04-03,0,-2.5,23.1,1354.8000000000002,5804,980.0
115.3,25.6,47.2,1999-04-04,0,-6.3,29.5,5.5,5747,982.65
86.7,24.4,48.8,1999-04-05,0,-5.8,24.6,1513.2,5773,972.24
45.0,14.6,49.6,1999-04-06,0,-15.5,27.0,3181.8,5743,990.16
69.2,19.0,46.2,1999-04-07,0,-11.299999999999999,28.5,2373.9,5740,972.15
44.6,20.0,39.3,1999-04-08,1,-8.4,33.6,2554.7,5765,979.97
264.6,24.0,54.8,1999-04-09,0,-9.9,32.5,1330.3,5727,959.09
253.8,37.7,50.2,1999-04-10,0,-1.0,50.6,613.8000000000001,5775,987.75
242.2,33.6,50.6,1999-04-11,0,-2.0,51.4,1293.0,5805,979.97
195.6,19.2,44.2,1999-04-12,0,-2.0000000000000004,42.9,2220.1,5777,987.63
174.9,32.1,47.8,1999-04-13,0,-7.699999999999999,45.0,3413.3,5766,979.9
201.4,33.5,44.8,1999-04-14,0,0.20000000000000018,49.3,1556.6000000000001,5821,992.6
272.0,31.6,53.2,1999-04-15,0,-9.600000000000001,42.7,2584.6,5802,969.28
64.7,9.2,35.6,1999-04-16,0,-2.3000000000000003,30.9,1717.4,5803,972.0
119.6,8.2,39.6,1999-04-17,0,-3.5999999999999996,35.9,3099.6,5767,979.87
230.1,26.0,45.0,1999-04-18,0,1.3000000000000003,43.7,925.4,5813,977.28
97.5,9.4,29.0,1999-04-19,0,4.800000000000001,29.2,2439.9,5783,974.62
66.0,10.2,28.7,1999-04-20,0,5.0,34.4,1553.9,5811,969.41
54.3,19.5,31.5,1999-04-21,0,1.9,30.3,1749.7,5802,982.5
110.0,23.9,34.4,1999-04-22,0,6.4,35.2,-41.7,5828,977.4
208.3,27.8,45.0,1999-04-23,0,2.6000000000000005,47.0,2735.5,5862,966.57
100.8,15.2,36.4,1999-04-24,0,7.5,22.6,-270.09999999999997,5804,860.04
206.9,28.0,47.4,1999-04-25,0,-2.9,42.8,-14.0,5834,961.04
112.5,21.6,41.2,1999-04-26,0,1.8000000000000003,20.1,1069.6,5830,880.66
156.0,23.4,45.0,1999-04-27,0,-0.40000000000000036,29.6,1845.2999999999997,5860,891.7
95.0,19.0,40.0,1999-04-28,0,-0.6000000000000005,35.4,2532.4,5863,979.78
146.0,19.8,44.2,1999-04-29,0,-4.6,39.3,2946.3,5836,963.7
104.7,14.0,43.4,1999-04-30,1,-6.800000000000001,35.6,3810.7000000000003,5837,974.5
75.7,13.6,40.1,1999-05-01,1,-11.5,36.3,2.3000000000000007,5796,956.46
424.5,34.2,55.6,1999-05-02,0,-10.9,49.1,3157.7,5786,963.76
241.1,33.9,50.8,1999-05-03,0,3.8,55.0,-263.79999999999995,5911,944.53
124.5,17.6,46.4,1999-05-04,0,-5.8,33.8,1761.6,5841,955.64
232.7,30.7,48.2,1999-05-05,0,3.0999999999999996,52.9,-251.90000000000003,5872,953.14
305.0,36.3,51.2,1999-05-06,0,-5.4,40.0,4261.1,5806,933.4
310.1,34.3,52.8,1999-05-07,0,-5.199999999999999,36.8,3403.6,5819,920.98
216.4,29.8,50.0,1999-05-08,1,-3.4000000000000004,34.4,2924.6,5814,910.82
163.1,31.3,46.2,1999-05-09,0,6.0,51.5,-429.09999999999997,5857,944.9
124.2,19.6,42.4,1999-05-10,1,4.8,33.8,-196.7,5773,967.3
222.5,35.5,46.8,1999-05-11,0,-0.5,56.0,1729.3000000000002,5806,982.47
190.1,30.5,44.8,1999-05-12,0,5.6,45.4,115.79999999999998,5773,985.28
183.4,31.5,44.4,1999-05-13,1,-1.4000000000000004,44.2,1790.4,5774,977.37
283.8,32.6,52.2,1999-05-14,1,-10.0,45.6,3522.5,5752,966.6
255.6,31.7,44.6,1999-05-15,0,-0.6000000000000001,50.4,1712.8,5753,995.1
188.3,26.4,44.4,1999-05-16,0,5.7,38.2,-9.0,5785,985.24
280.5,40.3,50.2,1999-05-17,0,-7.499999999999999,53.5,3414.4,5742,987.56
232.5,39.5,45.6,1999-05-18,0,10.299999999999999,61.3,-341.6,5855,969.65
193.1,29.3,42.8,1999-05-19,1,3.8999999999999995,47.9,400.4,5814,972.15
155.2,27.9,41.0,1999-05-20,0,2.3,48.0,382.0,5791,985.12
337.9,44.3,53.0,1999-05-21,0,-0.19999999999999973,67.1,1999.0,5810,969.53
187.3,32.5,38.8,1999-05-22,1,10.0,46.2,-40.49999999999999,5810,895.03
212.9,29.1,41.0,1999-05-23,0,0.6000000000000005,46.8,4071.4999999999995,5873,925.73
224.4,36.7,44.2,1999-05-24,0,11.200000000000001,52.6,0.0,5812,881.38
299.9,45.7,47.2,1999-05-25,1,7.5,66.7,1106.0,5859,926.04
274.4,44.1,47.0,1999-05-26,0,-1.9000000000000004,62.9,5420.9,5835,949.99
278.9,40.9,42.8,1999-05-27,0,7.5,63.3,852.9,5812,940.7
296.7,41.5,43.0,1999-05-28,1,5.3,64.0,1878.9,5821,949.99
289.6,36.3,41.6,1999-05-29,0,9.0,55.1,217.9,5750,938.37
197.0,15.8,37.2,1999-05-30,0,8.1,30.7,323.3,5758,880.83
171.1,25.0,47.0,1999-05-31,0,10.2,25.9,0.0,5800,731.96
362.7,39.9,57.0,1999-06-01,0,-16.5,47.0,5549.4,5819,983.88
263.5,37.7,51.2,1999-06-02,1,-10.299999999999999,50.0,3960.9,5829,963.55
152.4,35.7,47.4,1999-06-03,1,-6.3,56.1,2322.7,5815,979.84
263.9,39.7,49.8,1999-06-04,0,1.7999999999999998,59.9,584.8000000000001,5800,972.15
158.6,32.5,44.0,1999-06-05,0,-1.5,53.9,1652.2,5800,979.9
87.3,0.2,31.4,1999-06-06,1,2.1999999999999997,44.9,1091.3,5832,985.0
191.4,24.5,36.8,1999-06-07,0,5.6,41.5,1339.8999999999999,5821,910.74
223.9,39.9,47.6,1999-06-08,1,-5.2,53.5,4953.8,5845,904.91
221.1,36.5,46.0,1999-06-09,0,5.3999999999999995,48.3,97.39999999999998,5818,859.87
266.9,40.9,43.8,1999-06-10,1,3.7,62.2,2611.0,5835,947.68
368.7,39.9,46.2,1999-06-11,0,0.5999999999999996,56.9,1588.5,5741,949.99
269.2,32.3,40.0,1999-06-12,0,3.3,54.6,821.1999999999999,5783,985.12
269.7,41.1,45.8,1999-06-13,0,3.4,66.3,1963.8,5831,979.87
150.9,27.7,37.4,1999-06-14,0,-0.20000000000000018,45.8,2018.5,5825,984.94
207.5,34.1,41.6,1999-06-15,1,4.4,51.1,2080.2000000000003,5847,918.43
289.1,36.4,41.2,1999-06-16,1,5.1000000000000005,63.4,2399.0,5872,949.99
268.2,27.8,35.2,1999-06-17,0,15.6,48.1,0.0,5854,877.92
314.7,33.6,38.8,1999-06-18,0,5.200000000000001,58.2,3468.7000000000003,5843,947.68
263.1,34.7,41.8,1999-06-19,1,2.1999999999999997,62.0,2171.8,5825,985.0
254.9,34.3,39.8,1999-06-20,0,8.9,67.5,-7.300000000000011,5872,985.06
237.9,38.4,39.2,1999-06-21,0,7.7,62.4,1177.6,5847,910.63
238.8,34.5,40.2,1999-06-22,0,20.8,55.6,0.0,5796,842.49
286.5,35.7,39.0,1999-06-23,0,4.7,61.6,2028.0,5800,928.51
300.2,39.3,40.0,1999-06-24,0,7.300000000000001,66.2,19.5,5805,950.01
269.8,38.9,45.2,1999-06-25,1,4.0,52.7,1222.3,5761,949.99
279.2,34.5,40.8,1999-06-26,0,8.0,51.1,3.3,5783,947.71
263.6,36.1,44.4,1999-06-27,0,5.3999999999999995,53.5,660.6,5799,910.98
243.5,33.0,37.0,1999-06-28,0,7.3999999999999995,65.4,1102.5,5853,992.57
230.7,39.5,43.2,1999-06-29,0,1.6999999999999997,67.6,-5.0,5807,979.9
254.3,38.5,42.6,1999-06-30,1,5.4,74.1,719.5,5887,977.16
299.0,46.3,49.6,1999-07-01,1,2.5000000000000004,79.3,708.6,5853,976.29
251.5,36.3,44.2,1999-07-02,1,8.200000000000001,55.6,-124.80000000000001,5836,877.72
254.2,40.5,46.6,1999-07-03,1,2.1000000000000005,56.1,1207.0,5822,894.37
172.5,32.5,40.8,1999-07-04,0,-0.2999999999999998,53.3,1045.6000000000001,5759,995.1
236.3,32.7,39.6,1999-07-05,0,6.6,61.3,1432.8,5836,992.6
210.0,35.7,42.8,1999-07-06,0,-1.4000000000000004,58.3,3381.4,5810,984.97
238.8,37.5,38.8,1999-07-07,0,6.8,65.9,230.1,5828,992.63
277.0,38.8,40.6,1999-07-08,0,11.4,73.9,-105.1,5882,979.93
244.3,38.5,44.0,1999-07-09,1,0.20000000000000018,62.1,2599.2,5817,971.94
261.2,35.5,40.4,1999-07-10,1,9.700000000000001,58.9,-34.7,5836,935.92
319.3,45.1,46.4,1999-07-11,1,5.1,69.2,204.1,5840,949.99
267.9,37.9,42.6,1999-07-12,1,7.499999999999999,60.1,30.700000000000003,5814,894.75
312.3,40.1,42.6,1999-07-13,0,7.3,64.9,236.4,5805,928.62
275.5,36.2,37.4,1999-07-14,0,11.9,62.0,77.1,5791,940.65
308.4,38.8,40.0,1999-07-15,0,7.6,67.1,17.599999999999998,5866,945.34
256.2,37.5,44.6,1999-07-16,0,-0.2999999999999998,55.4,3234.1,5815,933.31
245.2,31.5,39.8,1999-07-17,1,5.200000000000001,53.4,1897.3999999999999,5834,928.48
254.3,38.1,41.2,1999-07-18,1,6.2,73.4,794.6,5853,979.87
292.8,36.4,40.0,1999-07-19,1,9.6,63.0,1.2000000000000028,5870,920.95
260.7,36.5,42.6,1999-07-20,1,9.1,56.9,9.800000000000004,5786,918.89
248.5,36.3,41.6,1999-07-21,1,8.200000000000001,60.2,417.2,5819,940.73
245.6,36.5,41.6,1999-07-22,0,11.0,58.6,0.0,5835,889.45
258.6,36.9,42.4,1999-07-23,0,7.6,57.9,254.9,5833,900.08
249.2,38.3,43.6,1999-07-24,0,2.2,62.1,3602.8,5825,945.32
275.4,40.5,46.0,1999-07-25,0,3.6,55.7,1529.8,5781,928.56
286.2,40.3,43.0,1999-07-26,0,4.499999999999999,64.2,2512.2000000000003,5846,923.37
321.9,37.9,41.8,1999-07-27,0,5.000000000000001,61.8,1440.8,5785,947.68
339.2,40.1,44.4,1999-07-28,0,3.2,67.2,3374.7000000000003,5826,938.18
301.1,38.8,39.2,1999-07-29,1,10.5,66.2,128.39999999999998,5838,935.84
214.2,34.3,46.2,1999-07-30,1,1.0,46.7,2039.6000000000001,5755,949.99
203.7,30.6,36.4,1999-07-31,1,14.7,53.0,0.0,5844,881.02
278.9,41.7,45.8,1999-08-01,0,1.9,72.2,1408.6000000000001,5841,971.0
235.7,33.3,41.6,1999-08-02,1,11.6,49.2,-286.3,5819,892.56
241.5,32.3,38.0,1999-08-03,1,12.4,52.1,0.0,5780,900.69
230.1,30.5,38.6,1999-08-04,1,11.9,53.5,0.0,5835,928.7
218.1,32.1,38.6,1999-08-05,1,11.0,53.3,0.0,5831,903.02
223.7,35.3,41.6,1999-08-06,0,6.4,53.4,83.10000000000001,5759,908.51
294.9,34.3,40.4,1999-08-07,0,9.899999999999999,56.2,13.2,5745,949.99
239.0,32.5,38.4,1999-08-08,0,7.8999999999999995,52.9,516.0,5760,947.71
262.7,36.2,38.0,1999-08-09,0,10.6,58.7,-36.5,5833,918.59
260.6,37.9,43.2,1999-08-10,1,1.7999999999999998,66.2,2265.4,5825,985.0
230.2,32.3,43.2,1999-08-11,1,1.8999999999999995,55.4,2562.4,5831,977.25
241.0,37.5,41.6,1999-08-12,1,9.1,51.4,-114.6,5806,881.02
268.5,37.1,43.4,1999-08-13,1,7.999999999999999,55.5,-18.19999999999999,5806,889.4
196.3,33.7,41.4,1999-08-14,0,8.3,45.2,-74.2,5731,887.39
225.1,34.9,40.0,1999-08-15,0,8.5,60.8,42.0,5802,997.57
238.6,34.7,40.2,1999-08-16,0,9.299999999999999,63.3,-92.6,5849,990.16
229.3,33.9,39.8,1999-08-17,1,7.4,59.7,5.300000000000004,5821,987.66
202.8,29.9,39.2,1999-08-18,1,3.5,59.4,2975.9,5828,995.07
250.7,39.1,43.6,1999-08-19,1,4.9,71.9,1363.2,5845,982.47
242.6,37.5,43.4,1999-08-20,1,3.5,69.0,1576.7,5833,987.56
218.2,34.1,41.0,1999-08-21,0,0.5999999999999996,61.0,1976.8999999999999,5822,987.53
249.8,38.5,45.2,1999-08-22,0,-0.40000000000000036,66.2,2405.2,5828,984.97
218.6,32.1,43.0,1999-08-23,0,2.4999999999999996,58.5,1692.8,5860,985.0
177.9,23.2,38.0,1999-08-24,0,3.7,47.2,1724.1000000000001,5832,992.6
210.6,29.1,38.0,1999-08-25,0,4.8999999999999995,55.9,-4.300000000000001,5833,979.87
202.4,30.3,40.0,1999-08-26,1,0.5,54.2,2080.4,5802,977.25
206.6,31.5,38.8,1999-08-27,1,5.5,58.6,395.7,5821,979.93
174.5,31.5,40.6,1999-08-28,0,0.40000000000000036,50.4,1710.3999999999999,5784,977.34
226.7,34.9,40.2,1999-08-29,0,5.4,65.3,991.4000000000001,5835,979.87
215.4,31.3,40.0,1999-08-30,0,2.4000000000000004,57.2,2081.2,5817,992.6
217.9,30.3,42.0,1999-08-31,1,-2.4000000000000004,50.2,1107.0,5778,985.03
248.7,33.5,40.0,1999-09-01,0,5.4,61.7,895.0,5840,992.6
263.1,29.1,39.0,1999-09-02,0,7.799999999999999,58.8,491.9,5863,985.03
210.8,27.5,38.4,1999-09-03,1,1.3999999999999995,48.7,1540.1,5800,977.28
259.5,37.7,41.2,1999-09-04,0,4.800000000000001,67.3,2634.4,5829,992.6
228.8,35.7,46.8,1999-09-05,0,-3.4,57.2,3048.7,5785,995.1
202.4,32.7,43.0,1999-09-06,0,-1.6000000000000005,56.0,1975.7,5801,985.03
197.0,31.5,45.2,1999-09-07,1,-5.6000000000000005,52.5,3613.5,5769,985.0
221.6,32.2,37.2,1999-09-08,1,8.9,69.0,-74.5,5886,985.0
265.8,36.9,47.0,1999-09-09,1,1.6000000000000005,62.9,1724.1000000000001,5821,997.54
226.9,35.9,46.4,1999-09-10,0,-3.9,58.0,2860.6000000000004,5772,982.5
241.3,38.3,43.4,1999-09-11,0,3.6999999999999997,65.3,805.2,5789,990.16
226.8,38.9,45.6,1999-09-12,0,2.6999999999999997,52.7,984.8,5760,933.59
265.1,37.1,44.6,1999-09-13,0,4.8,67.4,394.3,5821,997.57
240.4,35.7,41.6,1999-09-14,0,6.1,65.1,812.5999999999999,5824,995.1
238.5,33.7,43.4,1999-09-15,1,4.2,60.3,779.1,5833,987.59
239.3,34.1,44.0,1999-09-16,1,-1.7000000000000002,62.8,3264.6,5807,992.57
241.7,37.1,43.8,1999-09-17,0,0.7000000000000002,66.8,2072.2000000000003,5821,995.07
192.3,30.5,42.8,1999-09-18,1,-2.7,53.9,3247.7999999999997,5803,985.0
172.0,29.7,38.4,1999-09-19,0,2.1000000000000005,54.6,1944.5,5825,992.6
197.9,33.5,45.6,1999-09-20,1,-3.6000000000000005,54.2,3287.6,5784,985.03
211.9,36.7,40.4,1999-09-21,0,6.2,65.9,362.0,5813,987.66
223.0,35.9,42.4,1999-09-22,1,3.6,62.1,1265.8999999999999,5802,995.1
252.5,36.3,41.8,1999-09-23,1,6.5,67.0,272.8,5821,997.57
290.2,38.5,46.6,1999-09-24,1,3.6999999999999997,60.3,316.3,5801,987.66
285.9,40.1,44.8,1999-09-25,1,2.9000000000000004,70.4,1053.6,5831,995.1
263.5,36.1,46.8,1999-09-26,1,2.8,59.2,1358.5,5802,987.63
194.8,31.3,40.6,1999-09-27,0,4.6,56.6,288.20000000000005,5792,997.57
151.9,24.7,38.0,1999-09-28,0,6.0,42.2,76.49999999999999,5799,974.9
172.0,26.5,41.8,1999-09-29,1,3.5,41.6,494.50000000000006,5780,977.46
212.8,32.5,45.6,1999-09-30,0,1.7999999999999998,50.6,1152.8,5808,974.78
124.0,28.7,41.0,1999-10-01,0,-2.7,47.2,2227.7999999999997,5773,1000.57
151.3,29.5,40.0,1999-10-02,0,1.5,51.0,1983.8000000000002,5792,974.72
103.3,21.6,36.6,1999-10-03,0,5.800000000000001,37.8,234.70000000000002,5790,977.52
184.0,31.3,42.8,1999-10-04,0,0.7000000000000002,47.9,2175.5,5770,972.15
154.4,27.5,39.4,1999-10-05,1,-0.6000000000000005,41.0,1657.4,5748,977.4
213.5,29.7,39.8,1999-10-06,0,6.199999999999999,51.1,250.79999999999998,5770,990.22
169.3,29.1,39.6,1999-10-07,0,5.9,48.4,58.0,5799,977.52
207.8,31.3,39.4,1999-10-08,1,7.1,55.5,349.9,5837,974.78
213.9,34.3,41.4,1999-10-09,0,4.6,54.1,572.0,5815,964.04
146.8,14.8,34.2,1999-10-10,0,5.8,34.1,-38.5,5798,977.43
184.6,5.6,40.2,1999-10-11,0,1.8999999999999995,35.4,39.800000000000004,5786,974.81
59.6,4.6,31.8,1999-10-12,0,4.5,25.6,-41.5,5776,964.31
17.5,2.0,26.5,1999-10-13,1,2.5999999999999996,32.2,-57.3,5779,969.59
161.5,29.7,40.6,1999-10-14,1,1.4,50.3,749.0999999999999,5778,972.18
205.0,33.1,41.4,1999-10-15,0,12.200000000000001,56.0,0.0,5856,985.18
157.7,27.8,43.2,1999-10-16,0,1.2000000000000002,42.5,925.2,5778,980.06
165.5,26.7,34.2,1999-10-17,1,8.7,49.5,21.700000000000003,5814,980.0
161.7,26.7,36.4,1999-10-18,0,5.1000000000000005,36.9,131.1,5750,980.15
278.8,34.1,44.8,1999-10-19,0,1.3000000000000003,54.3,1900.5,5796,990.16
92.4,15.4,38.4,1999-10-20,0,-3.9000000000000004,34.2,2902.2000000000003,5718,966.93
189.4,30.9,40.2,1999-10-21,1,6.9,46.7,-21.800000000000004,5782,977.58
198.5,33.1,43.0,1999-10-22,0,3.6,50.8,468.8,5761,974.93
160.5,32.1,42.0,1999-10-23,0,3.5999999999999996,44.1,46.2,5762,980.15
122.6,25.1,38.6,1999-10-24,0,2.8,39.3,561.6,5746,972.34
182.1,30.5,40.6,1999-10-25,0,3.6,46.8,776.0999999999999,5777,977.4
71.4,17.1,27.6,1999-10-26,0,14.3,32.3,0.0,5805,959.09
36.9,12.7,19.9,1999-10-27,0,15.4,28.2,0.0,5787,962.27
190.0,32.5,37.0,1999-10-28,0,10.299999999999999,44.9,-86.9,5804,982.65
187.5,25.1,36.2,1999-10-29,0,3.9000000000000004,45.8,1238.0,5773,977.46
148.9,14.8,36.0,1999-10-30,0,2.3,41.9,990.4,5789,987.66
170.0,8.4,32.4,1999-10-31,0,10.700000000000001,43.1,0.0,5810,982.62
197.7,32.5,41.0,1999-11-01,0,4.8999999999999995,48.2,295.4,5800,997.08
142.8,29.1,41.6,1999-11-02,0,0.0,41.7,1128.6,5777,982.59
139.9,18.2,35.6,1999-11-03,0,8.4,40.7,-23.6,5765,975.02
118.4,24.0,38.2,1999-11-04,0,6.4,34.8,-13.900000000000006,5731,964.68
84.3,19.6,35.6,1999-11-05,0,3.8000000000000003,27.0,348.0,5685,972.58
138.6,6.0,35.6,1999-11-06,0,8.8,29.2,35.0,5721,959.24
48.5,-4.6,21.3,1999-11-07,0,15.1,21.5,0.0,5734,953.96
158.0,4.8,33.0,1999-11-08,0,16.2,23.0,0.0,5727,945.85
131.6,3.8,40.0,1999-11-09,0,6.7,24.7,0.0,5718,959.61
125.7,1.8,35.2,1999-11-10,0,25.4,24.2,0.0,5763,929.7
131.5,1.2,32.6,1999-11-11,0,29.299999999999997,23.2,0.0,5744,926.99
85.0,-6.2,27.0,1999-11-12,0,26.5,24.2,0.0,5729,944.23
44.6,-7.0,16.1,1999-11-13,0,17.4,22.7,0.0,5726,943.68
36.8,-10.4,25.2,1999-11-14,0,24.8,19.3,0.0,5754,952.32
63.2,-7.2,28.4,1999-11-15,0,21.9,20.0,0.0,5732,955.0
130.4,-1.2,33.6,1999-11-16,0,20.0,25.3,0.0,5750,957.35
115.1,-1.6,31.8,1999-11-17,0,15.5,25.5,-97.7,5726,951.68
151.1,0.0,33.2,1999-11-18,0,17.700000000000003,26.5,0.0,5737,954.39
72.4,-3.6,30.8,1999-11-19,0,14.7,22.1,0.0,5718,946.15
34.9,-7.8,20.9,1999-11-20,0,18.9,18.8,0.0,5713,931.84
106.1,0.6,31.0,1999-11-21,0,15.100000000000001,24.9,-84.3,5709,957.11
34.4,-10.2,21.8,1999-11-22,0,23.9,19.3,0.0,5724,920.49
51.3,-10.6,24.0,1999-11-23,0,26.1,18.5,0.0,5738,938.52
59.7,-11.0,22.8,1999-11-24,0,27.700000000000003,21.6,0.0,5766,941.18
21.3,-2.4,14.5,1999-11-25,0,23.4,22.8,0.0,5741,949.81
31.0,0.8,24.9,1999-11-26,0,22.7,23.5,0.0,5748,965.71
50.4,-0.8,23.7,1999-11-27,0,26.9,19.3,0.0,5741,941.51
53.2,0.0,26.2,1999-11-28,0,24.6,18.2,0.0,5715,933.03
44.6,0.4,22.1,1999-11-29,0,23.4,18.3,0.0,5711,955.28
70.8,-1.0,28.8,1999-11-30,0,26.299999999999997,19.8,0.0,5750,947.13
129.4,-6.4,35.0,1999-12-01,0,18.6,20.7,0.0,5698,999.52
104.2,-7.0,32.8,1999-12-02,0,17.3,22.4,0.0,5688,960.34
94.6,-4.0,30.6,1999-12-03,0,20.5,18.4,0.0,5664,941.39
75.4,-9.6,25.6,1999-12-04,0,23.5,20.2,0.0,5694,941.24
145.4,-1.8,35.0,1999-12-05,0,21.7,25.9,0.0,5747,949.36
72.1,-5.0,33.6,1999-12-06,0,14.1,17.5,0.0,5665,926.77
40.7,-3.8,19.1,1999-12-07,0,17.0,16.1,0.0,5675,938.52
46.6,-5.2,25.3,1999-12-08,0,17.200000000000003,18.5,0.0,5638,965.68
86.1,3.6,30.6,1999-12-09,0,19.200000000000003,19.3,0.0,5681,920.58
93.1,5.6,35.0,1999-12-10,0,18.5,20.5,0.0,5705,949.51
174.4,18.2,37.4,1999-12-11,0,17.9,28.6,0.0,5680,929.49
49.4,5.4,25.4,1999-12-12,0,25.8,23.6,0.0,5719,927.05
65.3,10.8,30.4,1999-12-13,0,20.8,21.0,0.0,5694,926.86
54.3,7.8,27.7,1999-12-14,0,21.0,20.2,0.0,5701,927.47
69.8,11.6,22.3,1999-12-15,0,25.4,16.0,0.0,5648,933.94
67.9,11.8,34.0,1999-12-16,0,26.8,16.3,0.0,5692,925.06
64.0,5.4,22.4,1999-12-17,0,36.2,16.9,0.0,5715,903.49
46.6,8.0,19.1,1999-12-18,0,27.3,21.5,0.0,5717,958.21
40.7,7.8,17.9,1999-12-19,0,16.7,17.4,0.0,5698,944.23
27.2,8.6,18.5,1999-12-20,0,25.5,19.4,0.0,5717,941.79
51.8,1.6,23.0,1999-12-21,0,30.4,21.9,0.0,5721,921.77
107.6,7.4,27.8,1999-12-22,0,29.5,23.0,0.0,5715,933.49
88.4,4.2,26.6,1999-12-23,0,25.2,22.7,0.0,5680,936.2
104.4,-17.8,24.8,1999-12-24,0,27.9,21.4,0.0,5709,924.21
120.2,-0.2,28.6,1999-12-25,0,26.2,22.9,0.0,5704,932.97
56.3,-2.4,25.9,1999-12-26,0,22.299999999999997,17.6,0.0,5647,955.58
52.4,-5.0,29.3,1999-12-27,0,20.4,18.9,0.0,5653,952.77
133.5,23.4,37.4,1999-12-28,0,19.0,27.1,0.0,5682,957.78
103.7,14.6,28.4,1999-12-29,0,17.3,24.6,0.0,5692,957.99
88.5,16.6,34.8,1999-12-30,0,20.4,26.3,0.0,5644,947.22
151.8,11.4,33.2,1999-12-31,0,24.4,29.6,0.0,5699,952.59
73.1,9.2,32.8,2000-01-01,0,23.4,18.4,0.0,5643,1006.96
46.6,10.4,36.6,2000-01-02,0,22.200000000000003,17.9,0.0,5689,936.57
115.7,22.4,47.0,2000-01-03,0,16.2,21.3,0.0,5632,961.07
44.6,11.8,19.1,2000-01-04,0,28.799999999999997,22.0,0.0,5665,937.0
60.1,3.6,12.7,2000-01-05,0,32.9,16.1,0.0,5663,931.59
77.6,5.0,32.0,2000-01-06,0,32.3,13.7,0.0,5658,940.14
67.9,0.0,15.5,2000-01-07,0,27.4,16.8,0.0,5681,900.31
85.4,4.0,22.9,2000-01-08,0,36.7,15.0,0.0,5655,959.24
79.5,9.0,21.9,2000-01-09,0,30.1,13.0,0.0,5659,948.53
95.1,5.8,24.5,2000-01-10,0,23.799999999999997,18.5,0.0,5685,976.24
97.2,2.0,33.8,2000-01-11,0,22.0,21.3,0.0,5668,985.92
73.7,5.4,42.5,2000-01-12,0,10.100000000000001,20.1,0.0,5690,983.32
127.0,11.8,45.6,2000-01-13,0,11.2,22.0,0.0,5660,985.79
155.9,16.8,44.2,2000-01-14,0,7.5,24.5,0.0,5703,954.39
175.6,10.6,40.2,2000-01-15,0,19.1,20.4,0.0,5669,938.64
81.5,23.4,37.5,2000-01-16,0,6.4,23.4,0.0,5675,943.59
66.0,18.6,34.4,2000-01-17,0,17.4,23.7,0.0,5646,941.51
118.3,19.2,26.9,2000-01-18,0,28.2,18.5,0.0,5666,914.02
100.9,7.6,10.7,2000-01-19,0,38.1,22.4,0.0,5712,948.32
133.9,15.8,24.7,2000-01-20,0,26.4,18.8,0.0,5660,985.98
217.7,30.0,46.4,2000-01-21,0,15.100000000000001,32.7,0.0,5639,941.51
137.8,12.6,41.2,2000-01-22,1,8.0,23.5,-113.7,5624,983.26
205.0,33.7,47.8,2000-01-23,0,1.7000000000000002,35.9,240.49999999999997,5642,970.32
106.7,8.6,23.7,2000-01-24,0,9.9,15.6,-106.8,5647,957.38
78.4,-1.8,24.4,2000-01-25,0,23.1,23.2,0.0,5686,968.19
91.2,0.2,6.9,2000-01-26,0,25.9,15.8,0.0,5669,947.37
100.9,4.4,11.1,2000-01-27,0,32.9,15.3,0.0,5655,922.07
73.7,5.2,21.7,2000-01-28,0,23.4,14.6,0.0,5660,939.01
166.7,28.3,49.0,2000-01-29,0,0.9999999999999999,24.2,-25.299999999999997,5595,970.69
120.1,17.8,42.0,2000-01-30,0,11.8,17.6,0.0,5577,942.31
90.5,-3.6,31.6,2000-01-31,0,24.1,18.7,0.0,5622,961.17
151.0,11.2,41.8,2000-02-01,0,20.0,21.6,0.0,5607,994.91
140.5,27.5,42.4,2000-02-02,0,7.300000000000001,26.8,0.0,5662,985.67
338.7,31.2,53.6,2000-02-03,0,-3.5,35.2,882.1999999999999,5638,990.4
217.6,22.8,38.4,2000-02-04,1,12.9,30.2,-93.3,5671,965.23
382.4,32.8,54.6,2000-02-05,1,-5.2,36.8,782.4,5666,987.87
221.2,36.3,47.4,2000-02-06,0,5.8999999999999995,40.8,-72.3,5660,985.58
225.3,31.8,50.0,2000-02-07,0,1.0999999999999999,37.8,162.4,5646,987.99
91.8,20.6,42.0,2000-02-08,0,7.5,24.5,0.0,5610,970.78
115.6,14.1,28.0,2000-02-09,0,19.1,21.7,10.5,5577,938.52
239.0,21.6,39.0,2000-02-10,0,16.8,38.7,0.0,5680,962.72
157.9,5.2,30.6,2000-02-11,0,18.0,25.9,0.0,5640,985.73
255.9,21.8,44.2,2000-02-12,0,9.5,37.0,-94.2,5687,965.07
210.5,29.9,39.0,2000-02-13,0,18.5,35.9,0.0,5673,957.6
149.1,26.6,41.0,2000-02-14,0,7.6,34.1,0.0,5663,962.6
121.3,15.4,35.0,2000-02-15,0,20.8,25.7,0.0,5651,927.26
169.8,10.8,40.4,2000-02-16,1,24.200000000000003,27.8,0.0,5700,942.18
148.1,19.8,44.0,2000-02-17,0,12.5,27.0,0.0,5649,970.96
218.2,32.1,42.4,2000-02-18,0,8.6,38.1,182.5,5653,987.96
106.7,5.5,24.5,2000-02-19,0,14.899999999999999,14.4,-79.5,5575,949.69
104.8,5.9,17.7,2000-02-20,0,22.8,14.8,0.0,5604,939.13
87.3,13.0,32.9,2000-02-21,0,8.1,20.0,-178.6,5627,929.37
85.8,4.6,21.2,2000-02-22,0,30.6,22.0,0.0,5649,947.19
69.8,12.4,22.7,2000-02-23,0,22.200000000000003,20.0,0.0,5614,935.78
154.1,28.3,45.2,2000-02-24,0,7.3,28.9,0.0,5641,929.76
87.3,20.7,26.5,2000-02-25,0,12.399999999999999,22.4,0.0,5654,878.52
106.7,17.6,25.9,2000-02-26,0,12.8,16.7,0.0,5614,872.09
133.8,19.4,35.2,2000-02-27,0,21.9,25.8,0.0,5621,933.49
203.2,10.6,33.2,2000-02-28,0,21.5,25.6,-166.5,5631,960.37
77.6,5.8,15.7,2000-02-29,0,37.1,18.2,0.0,5680,918.78
148.2,22.4,37.6,2000-03-01,0,19.5,27.6,0.0,5663,977.05
290.6,34.0,53.8,2000-03-02,0,-5.0,32.0,348.20000000000005,5679,964.86
42.7,14.8,32.3,2000-03-03,0,8.5,21.0,-156.29999999999998,5672,948.87
134.2,20.6,37.0,2000-03-04,0,2.8000000000000003,31.1,458.20000000000005,5711,980.24
100.9,18.6,35.3,2000-03-05,0,0.6000000000000001,25.5,668.8,5704,977.62
104.8,16.4,28.9,2000-03-06,0,7.8999999999999995,27.2,312.79999999999995,5722,977.65
196.8,33.3,43.8,2000-03-07,1,6.9,40.5,-56.5,5745,975.14
156.1,24.4,38.2,2000-03-08,0,5.3,29.9,116.00000000000003,5725,959.21
81.5,12.4,15.5,2000-03-09,0,16.5,23.0,129.5,5672,964.98
138.6,5.4,26.2,2000-03-10,0,27.4,22.9,0.0,5685,926.65
139.6,6.2,26.2,2000-03-11,0,18.700000000000003,29.1,26.200000000000017,5698,972.76
91.2,12.2,28.9,2000-03-12,0,4.4,24.5,468.79999999999995,5684,967.24
75.7,19.2,38.1,2000-03-13,0,-3.0,28.9,1206.6000000000001,5709,956.1
204.1,24.6,47.6,2000-03-14,0,-6.8,35.0,-8.6,5708,977.46
150.1,18.8,36.2,2000-03-15,0,7.1,25.5,142.0,5686,942.64
140.0,19.0,31.8,2000-03-16,0,16.9,26.7,-194.89999999999998,5693,922.9
79.5,5.0,26.1,2000-03-17,0,14.9,15.6,0.0,5697,937.94
73.7,7.8,29.9,2000-03-18,0,8.1,20.2,-44.29999999999998,5704,967.51
403.0,35.2,54.2,2000-03-19,0,-1.7999999999999998,40.9,0.40000000000000036,5723,980.15
149.4,21.0,43.4,2000-03-20,0,-6.8999999999999995,33.3,2395.9,5700,980.06
44.6,8.0,34.3,2000-03-21,0,12.5,16.3,0.0,5718,932.14
46.6,8.0,33.1,2000-03-22,0,11.9,15.8,0.0,5718,923.05
60.1,10.6,32.9,2000-03-23,0,5.2,22.9,317.2,5706,969.99
38.8,17.0,38.5,2000-03-24,0,6.0,21.6,-521.3,5735,928.63
106.1,15.4,42.4,2000-03-25,0,5.5,26.4,-394.6,5718,906.66
101.2,19.0,47.4,2000-03-26,0,4.800000000000001,25.0,-657.1999999999999,5690,862.41
89.2,22.0,46.6,2000-03-27,0,0.9000000000000001,26.8,-165.49999999999997,5693,931.44
131.0,27.0,46.2,2000-03-28,0,4.5,26.5,-352.4,5691,925.4
81.4,27.4,44.6,2000-03-29,0,-0.5999999999999996,27.3,174.89999999999998,5693,936.84
149.2,0.4,42.0,2000-03-30,0,3.8,34.5,181.29999999999998,5735,980.24
46.8,6.6,30.0,2000-03-31,0,8.5,32.2,-40.1,5774,980.15
58.7,4.4,30.0,2000-04-01,0,5.5,24.9,-17.599999999999994,5791,984.95
147.0,24.4,40.6,2000-04-02,0,4.4,37.1,-210.0,5835,966.9
88.9,18.8,33.8,2000-04-03,0,2.3000000000000003,33.5,1932.8,5797,974.78
199.4,26.2,41.4,2000-04-04,0,3.2,41.2,1047.9,5817,969.41
143.2,21.4,43.8,2000-04-05,0,-4.5,32.4,0.0,5783,969.44
136.5,15.8,41.8,2000-04-06,0,-1.0999999999999996,38.2,1700.3,5823,982.5
145.1,21.2,43.4,2000-04-07,0,-2.1000000000000005,30.6,2512.2,5788,977.34
75.0,2.2,37.8,2000-04-08,0,-4.1,34.5,2413.1000000000004,5807,977.31
50.4,14.8,35.9,2000-04-09,0,-2.2,30.4,337.0,5823,972.09
228.2,27.4,50.8,2000-04-10,0,-8.5,42.0,3416.1,5804,969.35
46.6,13.4,36.5,2000-04-11,1,1.5000000000000004,32.4,1122.4,5860,979.93
345.7,27.2,56.2,2000-04-12,1,0.30000000000000027,33.6,-284.4,5722,909.71
153.4,18.2,46.8,2000-04-13,0,-5.2,35.3,1595.5,5766,980.0
187.1,23.8,53.8,2000-04-14,1,-13.0,27.6,1552.9,5707,977.58
234.1,17.8,52.6,2000-04-15,0,-12.5,32.1,2405.9,5722,977.4
135.4,17.6,41.6,2000-04-16,0,7.6000000000000005,38.2,0.0,5765,985.43
123.2,32.5,48.2,2000-04-17,0,-10.5,41.0,2783.7000000000003,5725,974.78
68.2,14.4,41.4,2000-04-18,0,-4.3,30.7,1393.0,5747,974.87
184.5,31.0,49.8,2000-04-19,0,-8.700000000000001,40.6,-5.1,5766,974.66
291.6,33.8,53.4,2000-04-20,1,-5.1,45.4,2209.0,5800,982.5
374.0,40.3,54.6,2000-04-21,0,1.6999999999999997,57.3,66.10000000000002,5760,950.91
216.6,32.9,51.0,2000-04-22,0,-7.1,47.7,3021.4,5796,987.56
299.0,34.5,53.0,2000-04-23,1,0.7999999999999998,43.7,36.30000000000001,5765,951.0
389.4,34.2,57.6,2000-04-24,1,-13.8,41.2,-8.700000000000001,5763,961.26
288.0,35.9,52.8,2000-04-25,0,-0.5,40.1,248.7,5740,964.65
401.4,35.3,49.8,2000-04-26,0,-1.0999999999999996,50.8,631.0,5792,966.93
321.5,33.0,52.8,2000-04-27,0,-2.9000000000000004,50.5,1236.5,5816,979.97
328.4,31.2,54.2,2000-04-28,1,-6.999999999999999,44.2,2926.5,5836,979.84
80.4,12.8,41.0,2000-04-29,0,-3.9,37.7,2026.5000000000002,5841,972.0
333.3,31.0,53.2,2000-04-30,0,0.40000000000000036,48.8,692.7,5820,961.44
362.4,35.8,56.6,2000-05-01,1,-16.2,43.7,-23.400000000000002,5735,952.57
331.9,32.0,50.0,2000-05-02,1,-4.6,55.1,3324.1,5776,961.04
460.0,31.6,58.6,2000-05-03,1,-5.1,45.8,944.1,5764,980.15
47.0,14.4,40.0,2000-05-04,0,3.8,23.7,-196.3,5734,962.27
160.5,23.6,44.8,2000-05-05,0,-3.4,34.6,1210.6,5742,972.34
168.0,25.8,43.2,2000-05-06,0,0.0,34.7,1077.3,5741,974.96
171.7,20.6,41.8,2000-05-07,1,3.6999999999999997,33.5,120.50000000000001,5783,950.42
150.5,27.3,39.0,2000-05-08,1,-2.4,42.4,2465.7,5721,977.37
211.9,35.1,45.6,2000-05-09,1,1.6000000000000005,58.1,2291.5,5824,995.07
261.4,40.5,48.4,2000-05-10,0,1.7000000000000002,63.5,1437.1000000000001,5819,979.93
229.7,41.1,48.8,2000-05-11,0,4.3999999999999995,55.1,324.8,5806,977.52
280.3,40.3,52.4,2000-05-12,0,-1.3999999999999995,52.3,1263.8,5791,955.89
193.9,24.8,43.4,2000-05-13,1,-2.8,38.8,2784.1000000000004,5817,971.91
187.9,35.5,47.2,2000-05-14,0,-9.8,52.0,5014.1,5811,977.01
197.1,40.5,49.8,2000-05-15,1,-1.9000000000000004,54.7,845.8,5825,987.63
160.0,32.5,43.4,2000-05-16,1,4.8999999999999995,39.6,122.60000000000002,5801,840.45
307.6,46.9,51.0,2000-05-17,0,0.8999999999999995,59.3,1957.8,5837,871.1
257.1,39.1,51.0,2000-05-18,1,-0.20000000000000018,43.8,89.80000000000001,5827,833.06
182.2,32.7,47.0,2000-05-19,1,-1.2999999999999998,36.3,791.8,5816,852.87
154.7,17.8,41.8,2000-05-20,1,3.6999999999999997,42.6,258.29999999999995,5811,987.72
209.2,32.5,43.8,2000-05-21,0,-0.5999999999999996,52.5,998.3,5828,982.44
214.0,30.1,39.4,2000-05-22,1,8.1,52.9,-44.099999999999994,5818,964.19
224.0,38.9,43.6,2000-05-23,0,2.3000000000000003,62.9,920.6999999999999,5817,985.03
228.9,31.3,43.0,2000-05-24,1,5.0,45.0,430.3,5821,923.65
205.4,24.0,40.2,2000-05-25,0,12.100000000000001,29.7,0.0,5824,777.17
188.8,32.9,46.8,2000-05-26,1,-3.5,35.1,1632.1,5809,888.71
424.4,44.5,54.0,2000-05-27,0,-0.20000000000000018,60.6,1689.0,5851,910.57
281.6,39.1,50.4,2000-05-28,1,1.0,44.3,989.1999999999999,5830,883.44
648.2,51.9,59.6,2000-05-29,1,2.7,60.7,-107.99999999999997,5811,982.77
299.5,39.5,51.4,2000-05-30,1,-0.8999999999999995,65.1,1229.0,5861,982.44
203.4,30.3,45.0,2000-05-31,0,0.8999999999999995,52.1,1502.1000000000001,5827,979.87
174.0,31.5,42.4,2000-06-01,0,4.8,51.2,145.1,5842,964.04
205.2,29.2,43.6,2000-06-02,0,-0.40000000000000036,51.6,-7.1000000000000005,5820,977.16
216.3,37.1,46.6,2000-06-03,1,-8.1,50.5,4117.3,5757,966.42
243.3,39.9,43.8,2000-06-04,1,0.6999999999999993,58.9,2464.5,5829,923.43
277.9,42.7,46.6,2000-06-05,0,1.6000000000000005,64.9,1650.2,5803,947.68
334.6,40.7,43.6,2000-06-06,1,7.0,65.2,6.8999999999999995,5813,949.99
232.1,30.1,36.8,2000-06-07,0,6.6000000000000005,62.0,46.3,5854,977.28
278.1,36.3,45.6,2000-06-08,1,-1.4,64.9,1100.0,5814,977.25
290.0,37.9,43.2,2000-06-09,1,4.699999999999999,73.3,1218.2,5853,984.97
286.9,45.5,49.0,2000-06-10,1,-3.5,68.4,3679.7,5817,949.99
229.8,35.1,38.8,2000-06-11,1,9.0,52.7,373.5,5817,897.33
299.0,41.9,47.6,2000-06-12,1,-1.7999999999999998,62.0,5019.400000000001,5812,942.93
197.2,35.7,47.2,2000-06-13,0,9.0,43.9,0.0,5779,794.69
198.0,23.8,42.0,2000-06-14,1,8.5,37.4,-237.0,5815,850.29
213.4,33.9,43.6,2000-06-15,1,8.0,44.6,-180.7,5782,857.04
263.7,40.8,42.8,2000-06-16,0,8.8,64.4,1097.7,5841,918.46
201.4,31.9,42.6,2000-06-17,0,9.899999999999999,41.8,0.0,5776,844.6
276.8,44.1,47.0,2000-06-18,0,-2.4000000000000004,71.4,4353.4,5810,949.99
317.0,38.9,42.6,2000-06-19,1,7.300000000000001,62.8,243.9,5817,947.68
223.2,29.9,38.4,2000-06-20,0,12.6,48.5,0.0,5792,892.72
272.9,34.1,40.8,2000-06-21,1,1.7999999999999998,64.1,1851.7,5826,977.25
244.0,27.9,38.8,2000-06-22,0,17.6,40.4,0.0,5831,851.58
237.3,32.7,42.2,2000-06-23,0,7.1,45.9,-85.89999999999999,5817,883.85
259.0,29.7,42.4,2000-06-24,1,12.8,40.3,0.0,5818,830.76
189.1,31.1,43.8,2000-06-25,1,3.0,36.4,470.40000000000003,5782,856.55
192.1,34.1,44.6,2000-06-26,0,6.199999999999999,55.8,39.30000000000001,5819,977.46
184.2,24.8,34.0,2000-06-27,1,21.5,39.1,0.0,5826,802.66
277.0,34.3,42.8,2000-06-28,0,6.5,62.1,264.5,5870,969.31
161.8,16.2,34.0,2000-06-29,0,5.3,41.8,1.3000000000000043,5811,972.12
194.4,20.7,34.2,2000-06-30,0,7.4,46.5,264.6,5849,977.28
232.4,30.9,42.8,2000-07-01,0,0.9000000000000004,52.5,1253.6,5816,978.26
230.1,34.3,44.6,2000-07-02,0,-0.10000000000000053,59.0,799.9,5818,974.59
186.2,23.1,35.6,2000-07-03,0,5.199999999999999,47.9,-66.1,5843,963.88
64.6,12.0,29.4,2000-07-04,0,2.8,33.0,795.8,5815,972.03
186.0,29.1,39.6,2000-07-05,0,3.6,49.7,659.3000000000001,5820,966.72
286.0,32.9,45.6,2000-07-06,0,1.0,63.1,1674.9,5850,969.16
234.0,36.1,43.0,2000-07-07,0,1.4000000000000004,56.2,2010.3000000000002,5829,949.99
263.7,35.5,42.2,2000-07-08,1,5.699999999999999,61.0,2420.4,5837,945.34
276.3,40.5,44.2,2000-07-09,1,3.8,68.4,19.2,5816,950.01
272.3,41.6,41.4,2000-07-10,0,6.5,78.9,8039.9,5858,949.99
252.6,30.6,36.6,2000-07-11,0,12.3,54.2,0.0,5821,923.73
340.1,39.4,43.0,2000-07-12,0,6.1000000000000005,69.1,2752.7999999999997,5841,949.99
281.8,42.3,45.2,2000-07-13,0,3.4,66.3,2083.9,5801,949.99
196.6,32.7,43.4,2000-07-14,0,-2.0999999999999996,45.7,2495.6,5780,913.35
269.6,39.7,45.6,2000-07-15,1,2.2,61.4,20.0,5820,950.01
274.1,37.7,40.8,2000-07-16,0,9.4,58.9,544.3,5807,945.37
280.6,34.6,40.6,2000-07-17,0,10.0,60.1,15.299999999999997,5818,928.56
273.2,37.5,40.4,2000-07-18,1,10.6,60.6,38.6,5737,936.01
256.8,36.5,40.4,2000-07-19,0,7.799999999999999,58.9,483.49999999999994,5792,894.81
183.9,25.7,34.6,2000-07-20,1,15.700000000000001,44.4,0.0,5837,798.02
281.3,35.3,40.6,2000-07-21,0,5.6,56.5,189.6,5838,997.54
305.0,41.7,44.4,2000-07-22,1,6.1000000000000005,74.2,333.7,5813,995.1
300.2,38.1,40.6,2000-07-23,0,9.5,61.7,46.699999999999996,5818,947.71
320.4,42.3,46.0,2000-07-24,0,2.6000000000000005,69.9,18.4,5845,950.01
285.2,39.9,40.8,2000-07-25,0,5.9,68.2,707.1,5818,949.99
250.5,33.9,41.0,2000-07-26,0,10.0,50.6,3.799999999999999,5793,933.64
206.8,26.5,37.2,2000-07-27,0,16.7,40.5,0.0,5805,869.98
162.1,22.0,38.4,2000-07-28,0,12.3,32.7,0.0,5784,838.58
232.6,35.3,42.8,2000-07-29,0,3.6999999999999997,63.4,941.2,5858,977.25
269.7,38.9,45.0,2000-07-30,1,2.6999999999999997,69.9,1040.2,5868,977.19
312.0,45.5,47.4,2000-07-31,1,2.5999999999999996,77.8,1055.9,5854,971.91
312.2,44.5,48.6,2000-08-01,1,-0.6000000000000005,73.0,1563.5,5813,964.84
309.3,41.5,46.2,2000-08-02,0,4.4,79.2,528.8000000000001,5863,992.6
296.8,43.5,47.6,2000-08-03,1,-0.9000000000000004,73.0,2736.2,5843,982.38
254.0,36.7,42.2,2000-08-04,1,2.8000000000000003,63.2,1507.2,5864,977.16
246.9,40.3,43.4,2000-08-05,1,7.199999999999999,66.5,193.0,5846,979.93
263.8,39.7,42.2,2000-08-06,0,5.499999999999999,59.3,1743.5,5854,888.66
235.5,37.1,41.4,2000-08-07,0,7.200000000000001,66.5,459.5,5871,979.87
289.3,43.7,45.4,2000-08-08,1,4.499999999999999,70.3,2566.4,5853,949.99
304.3,40.7,44.2,2000-08-09,0,5.3,68.7,2.9,5875,949.99
191.2,25.7,38.4,2000-08-10,1,-0.10000000000000053,42.4,1473.6999999999998,5771,979.97
287.1,39.7,46.4,2000-08-11,0,1.0,72.5,1589.6,5828,979.87
260.2,36.3,48.2,2000-08-12,0,-3.6999999999999997,63.0,3222.9,5810,985.0
193.9,31.9,41.2,2000-08-13,0,1.0,53.5,1608.3999999999999,5833,977.28
213.4,32.3,43.2,2000-08-14,0,3.4,49.7,629.0,5797,964.1
258.2,37.7,43.8,2000-08-15,1,4.8,69.7,86.19999999999999,5862,966.63
284.1,42.5,47.0,2000-08-16,1,3.8,72.0,547.9,5841,955.7
265.1,44.7,46.4,2000-08-17,0,1.3000000000000007,68.8,3783.4,5848,947.68
287.7,37.1,41.4,2000-08-18,0,11.1,54.6,-53.199999999999996,5824,933.59
274.7,29.7,42.2,2000-08-19,0,6.199999999999999,57.9,570.5,5874,971.97
193.8,24.6,40.8,2000-08-20,1,1.6999999999999997,45.2,2505.6,5836,987.56
285.6,32.9,43.2,2000-08-21,0,5.1,57.6,1905.5,5861,947.68
218.5,26.5,40.2,2000-08-22,0,1.1000000000000005,50.3,2006.0,5794,982.5
272.7,32.9,44.2,2000-08-23,0,1.7000000000000002,63.4,14.9,5837,979.87
255.0,32.1,43.2,2000-08-24,0,1.0,58.8,2138.1,5828,977.25
236.4,27.3,38.2,2000-08-25,0,4.1,51.6,1245.6,5830,974.59
304.5,36.3,44.4,2000-08-26,0,5.1,63.9,820.8,5882,971.88
257.6,35.9,43.2,2000-08-27,0,2.5999999999999996,67.8,28.1,5854,982.44
252.9,34.1,43.2,2000-08-28,1,5.300000000000001,50.3,23.0,5809,940.73
254.1,42.3,45.4,2000-08-29,1,2.2,59.7,3685.0,5812,947.68
291.3,40.9,42.8,2000-08-30,0,10.7,69.2,774.3,5820,949.99
294.8,41.3,42.0,2000-08-31,1,6.5,70.2,1507.1000000000001,5786,947.68
293.9,42.5,45.4,2000-09-01,0,1.7999999999999998,78.3,1548.2,5787,990.12
224.4,34.3,39.6,2000-09-02,0,12.399999999999999,51.7,0.0,5803,892.42
234.9,29.1,36.6,2000-09-03,0,14.2,46.2,0.0,5818,847.37
221.2,34.9,40.8,2000-09-04,0,-1.2000000000000002,52.0,946.5,5778,977.16
230.6,37.3,44.6,2000-09-05,0,-2.8999999999999995,61.5,1262.7,5785,979.81
192.2,33.1,39.4,2000-09-06,0,3.5000000000000004,58.5,1503.2,5827,985.03
259.9,42.9,47.0,2000-09-07,0,1.7000000000000002,71.3,1780.1999999999998,5828,979.87
242.6,40.5,44.8,2000-09-08,0,2.5,70.2,1198.3999999999999,5817,987.59
200.4,31.9,39.8,2000-09-09,0,4.1,57.6,1218.1999999999998,5828,982.5
288.4,43.9,47.8,2000-09-10,0,4.6,72.5,1179.5,5850,979.93
251.4,35.3,45.0,2000-09-11,0,4.199999999999999,63.5,1275.1000000000001,5824,972.12
263.6,38.5,49.4,2000-09-12,1,-1.0,62.9,1630.0,5803,969.41
220.0,28.9,40.2,2000-09-13,0,2.4000000000000004,54.6,-64.9,5838,963.88
290.5,38.7,44.2,2000-09-14,0,3.7,71.1,2122.2,5832,987.59
284.2,41.5,44.0,2000-09-15,0,6.3999999999999995,70.8,-20.299999999999997,5837,979.97
243.8,34.7,43.0,2000-09-16,0,3.4,62.7,1652.8999999999999,5827,982.5
235.8,39.1,45.2,2000-09-17,1,-3.9,60.3,3220.1,5773,987.59
302.6,43.5,48.2,2000-09-18,1,-1.5000000000000004,74.5,2910.0,5814,979.87
436.7,42.3,49.4,2000-09-19,1,4.2,70.9,262.5,5811,997.57
295.3,36.9,42.4,2000-09-20,1,3.1,55.9,1240.6,5774,974.87
265.6,39.9,46.6,2000-09-21,1,-2.8000000000000003,64.2,2250.2000000000003,5761,995.1
296.3,42.1,48.8,2000-09-22,1,5.8,69.0,504.5,5829,990.19
230.2,35.7,45.6,2000-09-23,0,2.3,62.9,1920.4,5863,979.87
212.4,37.3,42.8,2000-09-24,1,5.1,64.1,936.3,5799,985.15
207.2,30.9,43.0,2000-09-25,1,1.4000000000000004,47.8,1475.3,5799,979.93
194.2,31.7,42.4,2000-09-26,0,3.0999999999999996,48.4,1123.2,5796,980.0
217.3,33.9,43.6,2000-09-27,0,6.800000000000001,44.7,112.69999999999999,5813,980.09
240.4,17.2,41.4,2000-09-28,0,5.3,46.2,820.5,5842,972.03
220.8,24.0,44.8,2000-09-29,0,-3.1999999999999997,45.7,2474.6,5748,985.09
66.6,10.0,34.2,2000-09-30,0,0.9000000000000004,32.9,569.4,5776,972.21
263.4,33.9,44.6,2000-10-01,0,5.1,62.1,571.4000000000001,5807,979.65
283.6,42.1,44.2,2000-10-02,1,8.299999999999999,66.9,-49.3,5838,985.12
193.7,25.7,37.4,2000-10-03,1,7.799999999999999,48.8,220.9,5815,972.15
245.0,39.1,44.6,2000-10-04,0,2.7,64.7,1971.7,5811,987.59
285.9,42.7,50.4,2000-10-05,0,0.7000000000000002,67.4,1691.0,5821,995.1
179.7,31.1,44.4,2000-10-06,1,0.6000000000000005,45.2,1137.4,5790,964.16
221.0,39.7,48.8,2000-10-07,1,-2.3000000000000003,55.8,2351.8999999999996,5791,985.06
120.1,20.2,40.6,2000-10-08,1,0.5999999999999996,37.1,785.4,5772,955.98
211.3,36.9,47.6,2000-10-09,0,3.1999999999999997,59.0,831.7,5851,977.37
117.3,19.0,39.8,2000-10-10,0,4.6,35.7,276.7,5868,964.07
168.1,32.7,42.0,2000-10-11,1,3.0000000000000004,47.4,1415.3000000000002,5794,977.37
127.9,21.8,37.8,2000-10-12,0,-0.1999999999999993,39.6,1312.8,5788,972.03
225.8,36.1,45.6,2000-10-13,0,3.8,52.7,346.5,5804,972.18
42.1,1.8,30.2,2000-10-14,0,9.4,29.7,0.0,5772,948.17
258.9,35.5,43.0,2000-10-15,0,15.9,52.4,0.0,5830,918.29
216.7,37.1,44.0,2000-10-16,0,2.4999999999999996,63.8,1774.6000000000001,5832,987.56
261.9,41.3,48.6,2000-10-17,0,0.20000000000000018,60.7,1237.6,5794,974.72
254.6,36.6,40.0,2000-10-18,0,13.7,64.0,-52.199999999999996,5862,979.97
198.7,31.5,36.2,2000-10-19,0,9.1,49.3,41.6,5801,972.21
174.6,26.8,39.6,2000-10-20,0,6.5,42.3,558.3000000000001,5786,974.87
50.4,17.5,18.3,2000-10-21,0,5.7,33.8,674.4,5788,964.07
186.8,24.6,37.2,2000-10-22,0,1.2999999999999998,40.0,2402.3,5751,979.93
160.3,19.8,37.4,2000-10-23,0,1.9999999999999996,36.0,1623.3,5755,990.19
174.2,5.0,39.0,2000-10-24,0,6.199999999999999,38.2,9.300000000000011,5784,990.22
155.4,8.6,35.4,2000-10-25,0,9.0,38.9,1.6000000000000085,5795,980.06
109.0,14.2,35.0,2000-10-26,0,0.20000000000000018,33.3,1519.5,5723,985.18
256.4,40.3,46.6,2000-10-27,0,2.1999999999999997,63.8,993.9,5776,995.13
293.3,37.1,41.8,2000-10-28,0,7.3,60.4,44.300000000000004,5767,990.25
202.7,26.1,39.0,2000-10-29,0,14.600000000000001,40.9,0.0,5737,980.51
130.2,-1.2,24.2,2000-10-30,0,21.6,27.2,0.0,5744,954.24
93.2,5.2,33.0,2000-10-31,0,5.8,23.0,68.1,5677,970.2
166.4,17.6,40.0,2000-11-01,0,6.6000000000000005,35.6,-53.1,5746,998.7
241.3,37.1,44.2,2000-11-02,0,4.9,52.1,755.2,5757,987.72
123.1,23.7,33.6,2000-11-03,0,12.9,39.0,-122.0,5755,948.17
117.2,22.0,35.6,2000-11-04,0,8.1,35.7,13.700000000000003,5767,972.4
138.5,22.8,42.0,2000-11-05,0,6.0,27.4,-12.299999999999997,5705,942.67
155.4,24.2,41.6,2000-11-06,0,5.6,36.4,-8.0,5737,964.68
145.3,16.8,34.2,2000-11-07,0,13.700000000000001,35.3,-82.5,5749,970.05
23.3,-3.6,16.3,2000-11-08,0,25.1,16.8,0.0,5751,928.97
31.0,-4.6,21.1,2000-11-09,0,23.4,18.0,0.0,5741,926.1
63.4,-5.2,24.4,2000-11-10,0,21.299999999999997,22.1,0.0,5757,934.86
67.0,-3.6,23.0,2000-11-11,0,25.0,23.2,0.0,5766,951.77
119.4,5.6,31.2,2000-11-12,0,19.6,27.0,0.0,5746,951.77
117.1,2.8,30.0,2000-11-13,0,14.600000000000001,24.7,0.0,5750,959.55
109.4,-9.4,26.6,2000-11-14,0,25.299999999999997,23.7,0.0,5774,943.59
102.2,3.2,28.2,2000-11-15,0,17.2,25.6,0.0,5755,954.18
120.4,5.4,31.2,2000-11-16,0,17.3,24.7,0.0,5752,928.51
81.6,1.4,27.2,2000-11-17,0,19.5,21.3,0.0,5717,946.52
136.3,6.6,31.0,2000-11-18,0,20.6,30.3,0.0,5778,967.82
118.1,5.8,32.0,2000-11-19,0,16.5,26.4,0.0,5763,962.51
85.2,8.4,32.8,2000-11-20,0,9.6,22.2,0.0,5711,983.02
50.4,6.0,27.7,2000-11-21,0,15.399999999999999,23.5,0.0,5734,954.36
48.5,-11.6,22.5,2000-11-22,0,14.1,15.6,0.0,5701,949.02
38.8,-11.6,27.1,2000-11-23,0,13.5,18.3,0.0,5727,937.55
134.1,5.4,36.0,2000-11-24,0,15.8,23.5,0.0,5724,934.92
93.9,-1.0,26.2,2000-11-25,0,21.5,22.9,0.0,5745,951.89
102.6,-2.8,22.4,2000-11-26,0,25.0,23.2,0.0,5751,962.75
52.4,-3.4,21.7,2000-11-27,0,20.0,17.8,0.0,5717,943.86
85.4,5.2,20.9,2000-11-28,0,15.8,16.3,0.0,5695,940.99
60.1,5.8,19.5,2000-11-29,0,21.8,25.1,0.0,5696,926.5
52.4,-0.2,10.7,2000-11-30,0,28.6,19.7,0.0,5715,943.89
75.7,-0.6,21.3,2000-12-01,0,21.1,21.2,0.0,5682,985.96
67.9,-15.2,17.9,2000-12-02,0,27.3,12.2,0.0,5638,830.92
71.8,-25.4,12.5,2000-12-03,0,42.1,16.5,0.0,5749,870.71
58.2,-16.6,7.7,2000-12-04,0,35.8,13.8,0.0,5694,836.75
66.0,-19.4,-2.5,2000-12-05,0,36.099999999999994,12.3,0.0,5654,907.94
87.3,-22.0,15.1,2000-12-06,0,37.8,19.1,0.0,5737,939.59
77.6,-17.8,18.3,2000-12-07,0,26.6,16.3,0.0,5674,930.56
67.9,-9.8,25.7,2000-12-08,0,20.2,12.7,0.0,5639,942.37
79.5,-14.4,18.5,2000-12-09,0,25.700000000000003,13.5,0.0,5661,947.8
66.0,-15.6,24.7,2000-12-10,0,24.3,14.5,0.0,5678,933.49
87.3,-17.2,21.5,2000-12-11,0,29.5,15.3,0.0,5687,942.25
91.8,3.6,28.2,2000-12-12,0,28.5,23.0,0.0,5681,955.58
100.1,-4.4,20.4,2000-12-13,0,33.5,22.3,0.0,5709,952.87
64.0,2.4,24.5,2000-12-14,0,30.4,17.7,0.0,5708,942.25
50.4,-4.4,14.7,2000-12-15,0,31.2,13.6,0.0,5627,934.13
46.6,-8.8,13.5,2000-12-16,0,33.1,19.4,0.0,5745,921.62
46.6,-7.6,18.7,2000-12-17,0,31.599999999999998,19.5,0.0,5720,936.33
48.5,-12.0,17.1,2000-12-18,0,35.8,20.2,0.0,5804,924.48
69.8,-0.6,25.5,2000-12-19,0,28.299999999999997,16.3,0.0,5732,933.55
75.7,-7.4,17.3,2000-12-20,0,32.0,17.1,0.0,5749,930.5
71.8,-0.8,25.9,2000-12-21,0,26.9,16.1,0.0,5721,896.74
50.4,-0.8,20.7,2000-12-22,0,28.1,15.4,0.0,5694,933.7
52.5,-3.0,29.0,2000-12-23,0,27.7,21.8,0.0,5762,941.79
49.7,-5.8,21.2,2000-12-24,0,33.1,20.6,0.0,5736,927.63
79.0,-4.0,21.6,2000-12-25,0,29.4,19.8,0.0,5700,950.0
113.4,0.0,21.4,2000-12-26,0,27.6,26.0,0.0,5703,946.76
81.2,-3.2,19.2,2000-12-27,0,31.1,21.5,0.0,5712,930.04
172.6,7.4,30.0,2000-12-28,0,25.4,27.2,0.0,5727,952.26
86.1,-2.8,23.8,2000-12-29,0,29.3,19.2,0.0,5724,909.1
78.8,-4.4,25.2,2000-12-30,0,30.2,21.6,0.0,5739,950.24
64.0,-3.6,24.9,2000-12-31,0,31.0,21.4,0.0,5756,947.53
64.0,4.2,31.8,2001-01-01,0,30.4,22.9,0.0,5739,981.98
109.7,24.3,36.2,2001-01-02,0,18.6,31.9,0.0,5679,941.51
108.3,16.2,35.6,2001-01-03,0,16.9,24.1,0.0,5631,938.83
141.5,13.0,35.4,2001-01-04,0,24.9,24.1,0.0,5644,942.25
91.2,6.0,20.3,2001-01-05,0,25.6,18.5,0.0,5619,928.67
85.4,3.2,21.3,2001-01-06,0,32.900000000000006,22.1,0.0,5646,964.13
71.8,6.0,12.7,2001-01-07,0,35.9,19.2,0.0,5635,969.28
100.9,11.8,26.1,2001-01-08,0,30.3,16.5,0.0,5590,932.39
89.2,7.3,25.7,2001-01-09,0,25.3,22.5,0.0,5580,958.54
79.5,-8.2,13.9,2001-01-10,0,34.0,21.4,0.0,5652,906.69
106.7,-12.8,5.7,2001-01-11,0,45.0,20.2,0.0,5654,929.24
89.2,-10.2,19.0,2001-01-12,0,45.8,16.1,0.0,5633,918.32
104.8,4.8,8.3,2001-01-13,0,47.0,21.2,0.0,5671,908.77
93.1,7.2,16.3,2001-01-14,0,37.9,19.3,0.0,5645,907.85
81.5,6.4,17.3,2001-01-15,0,31.700000000000003,17.6,0.0,5629,904.68
69.8,5.4,26.8,2001-01-16,0,35.1,19.4,0.0,5662,914.17
91.2,1.6,15.7,2001-01-17,0,32.0,13.1,0.0,5664,926.01
64.0,10.2,16.7,2001-01-18,0,29.0,18.2,0.0,5617,926.22
67.9,10.4,17.5,2001-01-19,0,31.9,17.9,0.0,5635,920.36
71.8,13.4,35.6,2001-01-20,0,33.7,18.6,0.0,5673,905.23
66.0,11.0,32.0,2001-01-21,0,33.3,19.6,0.0,5670,926.01
95.1,9.6,27.5,2001-01-22,0,31.1,21.3,0.0,5710,925.58
153.1,15.6,32.8,2001-01-23,0,11.1,25.1,-125.30000000000001,5665,970.47
98.9,-17.6,13.3,2001-01-24,0,37.3,17.4,0.0,5692,919.17
122.2,-20.6,9.5,2001-01-25,0,41.400000000000006,13.2,0.0,5627,921.22
102.8,-25.4,10.3,2001-01-26,0,44.5,16.1,0.0,5702,934.98
83.4,-22.4,11.3,2001-01-27,0,38.5,13.5,0.0,5668,951.28
104.8,-25.0,7.7,2001-01-28,0,44.0,15.6,0.0,5748,940.14
75.7,-24.6,9.3,2001-01-29,0,41.7,16.2,0.0,5730,956.22
67.9,-4.0,19.7,2001-01-30,0,35.3,18.8,0.0,5714,948.01
69.8,1.6,23.3,2001-01-31,0,21.4,21.2,0.0,5719,988.14
83.4,0.4,26.1,2001-02-01,0,22.0,25.7,0.0,5773,999.38
99.7,10.0,29.4,2001-02-02,0,27.700000000000003,25.2,0.0,5753,944.38
73.7,14.0,36.3,2001-02-03,0,15.100000000000001,19.2,0.0,5684,898.91
66.0,9.4,38.5,2001-02-04,0,23.5,18.4,0.0,5628,880.84
89.1,17.0,33.8,2001-02-05,0,22.0,21.0,0.0,5634,899.67
225.0,32.6,45.2,2001-02-06,0,18.9,31.8,0.0,5730,973.28
102.8,-2.2,14.1,2001-02-07,0,34.099999999999994,14.8,0.0,5745,906.78
100.9,-3.4,13.3,2001-02-08,0,33.400000000000006,17.4,0.0,5734,953.23
95.1,-7.4,12.3,2001-02-09,0,41.599999999999994,18.7,0.0,5737,939.53
77.6,-5.4,15.3,2001-02-10,0,37.8,17.4,0.0,5732,936.75
69.8,-2.4,26.3,2001-02-11,0,24.1,20.7,0.0,5698,976.15
64.0,1.4,28.7,2001-02-12,0,24.6,16.0,0.0,5711,944.72
66.0,-1.4,21.7,2001-02-13,0,33.099999999999994,16.3,0.0,5735,924.85
52.4,2.2,13.1,2001-02-14,0,32.1,12.7,0.0,5737,931.11
46.6,7.0,35.5,2001-02-15,0,17.1,12.9,0.0,5653,924.91
44.6,6.2,28.9,2001-02-16,0,17.0,14.5,0.0,5640,927.47
82.9,20.8,37.6,2001-02-17,0,13.5,28.9,0.0,5701,970.54
134.2,26.2,41.0,2001-02-18,0,9.2,28.0,-181.6,5681,965.29
141.9,20.2,44.2,2001-02-19,0,3.7,25.1,-156.39999999999998,5705,972.76
58.2,15.6,34.9,2001-02-20,1,11.1,17.7,0.0,5643,929.64
75.1,17.0,43.0,2001-02-21,1,-6.6,24.7,1282.5,5634,970.08
418.8,35.2,55.4,2001-02-22,0,2.6999999999999997,42.4,-124.69999999999999,5704,980.48
88.1,5.0,41.0,2001-02-23,0,2.5999999999999996,18.3,-47.5,5588,943.95
135.3,23.0,37.8,2001-02-24,0,8.4,30.9,-263.6,5761,953.84
181.9,27.6,47.4,2001-02-25,0,-1.2000000000000002,36.2,764.4000000000001,5729,977.71
585.6,33.4,62.8,2001-02-26,0,-17.1,32.9,2787.6,5717,967.0
166.6,26.8,43.8,2001-02-27,0,5.4,30.6,-64.8,5665,903.37
190.1,24.6,44.4,2001-02-28,0,3.5000000000000004,35.9,142.7,5680,967.51
194.1,35.3,50.4,2001-03-01,0,1.7999999999999998,41.6,182.70000000000002,5710,990.57
191.3,28.2,44.6,2001-03-02,0,5.0,35.5,-3.0,5687,954.09
71.0,17.2,38.2,2001-03-03,0,16.700000000000003,22.3,0.0,5716,843.95
69.8,14.8,38.7,2001-03-04,0,11.8,18.9,0.0,5651,908.58
163.4,31.3,48.0,2001-03-05,0,6.1,33.1,0.0,5686,946.37
198.3,22.4,45.4,2001-03-06,0,11.7,29.6,0.0,5657,970.75
75.3,5.2,38.4,2001-03-07,0,12.1,22.3,0.0,5662,938.31
44.6,8.2,38.1,2001-03-08,0,17.0,18.1,0.0,5679,909.19
110.2,28.8,49.4,2001-03-09,0,-7.0,29.9,1171.7,5638,964.86
56.3,17.2,38.5,2001-03-10,0,4.1,23.5,-88.6,5651,957.23
36.9,13.2,39.1,2001-03-11,0,6.4,19.0,-290.3,5662,932.21
36.9,8.6,36.4,2001-03-12,0,11.8,16.5,0.0,5659,935.23
108.4,25.4,44.6,2001-03-13,0,8.9,26.5,0.0,5680,946.37
153.7,25.2,50.4,2001-03-14,0,-3.2,31.4,618.0,5685,967.48
57.1,6.8,37.8,2001-03-15,0,4.2,18.0,35.79999999999998,5674,931.14
89.0,18.2,36.0,2001-03-16,1,1.7000000000000002,24.5,541.4000000000001,5697,950.94
52.4,15.6,34.7,2001-03-17,0,-3.4,21.5,1335.8,5721,950.64
208.9,32.4,49.6,2001-03-18,0,-2.5999999999999996,34.5,1893.7,5698,969.8
46.6,13.0,34.7,2001-03-19,0,0.9000000000000001,17.4,324.90000000000003,5649,951.43
36.9,12.4,29.1,2001-03-20,0,4.2,26.4,-126.10000000000001,5774,967.09
36.9,9.0,34.9,2001-03-21,1,5.4,20.2,2.6999999999999886,5766,950.91
52.4,18.4,40.9,2001-03-22,1,-9.0,28.0,2822.0,5719,974.84
207.9,30.5,42.2,2001-03-23,0,1.1,38.9,609.2,5647,970.11
129.4,21.2,43.2,2001-03-24,0,4.5,29.1,-157.9,5709,934.19
73.7,22.0,37.3,2001-03-25,0,-3.5,27.4,1345.5,5727,958.85
154.9,26.8,45.0,2001-03-26,0,4.3,40.5,-109.39999999999998,5750,936.69
83.9,19.2,36.6,2001-03-27,0,1.7999999999999998,34.0,793.1,5760,982.62
213.8,33.6,45.8,2001-03-28,1,-3.5999999999999996,40.3,2555.7999999999997,5733,980.0
150.0,23.2,41.2,2001-03-29,1,-2.0000000000000004,39.7,2555.9,5809,952.74
189.1,34.1,48.8,2001-03-30,1,0.0,42.3,601.5,5750,980.24
148.1,24.4,45.8,2001-03-31,1,-0.6000000000000001,31.2,700.7,5695,962.05
441.6,37.4,58.6,2001-04-01,1,-8.600000000000001,46.2,1.2000000000000002,5751,987.8
331.2,39.7,53.6,2001-04-02,0,-6.5,45.2,1714.3,5688,975.02
259.8,24.6,53.8,2001-04-03,0,-9.1,36.0,1514.2,5691,982.77
160.4,19.0,43.6,2001-04-04,0,-5.0,35.9,2764.7000000000003,5748,979.97
180.2,25.8,48.2,2001-04-05,1,-6.0,38.1,2119.7,5788,969.44
46.6,24.6,40.9,2001-04-06,0,-6.2,30.3,1840.1,5724,953.38
56.3,22.8,39.9,2001-04-07,0,2.7,31.9,72.5,5756,956.5
268.0,33.2,51.2,2001-04-08,0,-1.9999999999999996,42.5,1095.9,5792,977.43
109.3,22.2,42.0,2001-04-09,0,-3.6999999999999997,32.8,2017.3999999999999,5812,961.29
71.8,11.4,42.1,2001-04-10,0,-12.700000000000001,28.6,3527.2,5756,977.25
129.7,27.4,50.8,2001-04-11,0,-14.7,35.0,2104.4,5771,963.94
46.6,19.8,41.9,2001-04-12,0,-12.6,29.3,3382.6,5749,974.69
262.9,31.6,55.6,2001-04-13,0,-20.0,34.7,3540.3,5708,950.12
198.1,32.3,41.0,2001-04-14,1,8.9,46.9,-168.6,5751,930.77
211.3,28.2,46.6,2001-04-15,1,0.10000000000000009,36.4,784.0,5721,975.05
262.7,41.9,50.8,2001-04-16,1,0.10000000000000009,52.3,524.8000000000001,5739,987.78
302.8,37.9,52.4,2001-04-17,1,-4.5,47.1,2457.0,5746,982.59
407.4,43.9,55.8,2001-04-18,0,-0.8999999999999999,51.7,512.5,5732,967.3
221.2,32.4,51.6,2001-04-19,0,-8.6,34.9,1469.1000000000001,5711,974.96
190.4,31.4,50.4,2001-04-20,0,-4.4,33.5,392.20000000000005,5706,939.44
221.0,37.7,46.8,2001-04-21,0,-0.2999999999999998,43.2,493.6,5747,920.82
130.7,19.4,32.6,2001-04-22,0,10.9,32.1,-154.7,5798,953.41
87.9,20.6,34.4,2001-04-23,0,5.2,27.0,207.2,5770,939.07
48.5,13.8,34.4,2001-04-24,0,-5.6,26.5,3430.8,5767,974.62
53.3,13.6,31.6,2001-04-25,0,2.0000000000000004,28.5,2172.0,5803,972.03
76.6,7.8,37.0,2001-04-26,1,0.09999999999999964,23.2,1647.5,5796,969.5
479.5,37.3,55.2,2001-04-27,0,-7.799999999999999,46.9,2747.2999999999997,5795,961.17
355.5,34.4,55.0,2001-04-28,0,-12.2,46.0,3428.2,5777,971.91
494.1,39.3,62.0,2001-04-29,0,-15.3,54.0,3004.1,5819,952.62
561.5,34.4,64.0,2001-04-30,1,-17.3,48.9,3041.5,5801,958.33
249.9,26.6,52.2,2001-05-01,1,2.1,44.6,27.0,5819,983.5
327.7,32.4,53.2,2001-05-02,1,1.9,38.3,0.0,5827,961.78
197.9,32.9,48.4,2001-05-03,1,-7.8,51.1,3253.2000000000003,5790,984.97
111.4,22.6,41.8,2001-05-04,1,-3.9,30.7,934.3,5711,964.34
346.1,38.3,55.0,2001-05-05,0,-11.8,50.6,2551.7,5767,982.47
169.8,33.1,41.8,2001-05-06,1,10.6,47.7,-343.1,5789,962.05
342.0,46.7,48.6,2001-05-07,1,7.2,77.2,-132.5,5897,982.47
525.7,42.9,52.2,2001-05-08,1,-1.1000000000000005,70.1,2881.8999999999996,5865,977.19
204.9,18.6,45.2,2001-05-09,0,-0.5,37.9,516.4,5757,958.91
324.9,36.9,53.4,2001-05-10,1,-7.300000000000001,40.4,2887.8999999999996,5777,949.99
345.6,35.5,56.0,2001-05-11,0,-8.3,41.4,1201.0,5808,836.5
321.8,42.5,52.2,2001-05-12,0,-3.5,59.1,18.1,5766,972.27
194.0,26.8,47.2,2001-05-13,0,-3.5999999999999996,43.8,14.4,5780,980.03
142.8,25.0,44.6,2001-05-14,0,-5.9,37.5,2455.9,5729,982.56
114.9,26.1,41.6,2001-05-15,0,-2.1999999999999997,39.9,1493.8,5782,979.97
156.8,32.3,42.2,2001-05-16,0,-1.8999999999999995,46.7,1891.4,5750,979.97
186.0,32.7,48.2,2001-05-17,0,-2.0,46.9,949.7,5762,974.9
141.2,32.7,43.8,2001-05-18,0,-2.7,43.9,1112.9,5807,969.41
320.2,40.3,52.6,2001-05-19,1,-2.0,47.6,768.1,5778,958.72
231.4,35.5,49.0,2001-05-20,1,-7.4,51.5,4040.1000000000004,5786,977.13
246.0,38.7,48.4,2001-05-21,1,-0.40000000000000036,55.9,503.5,5795,974.81
209.9,37.7,47.6,2001-05-22,1,-0.9999999999999996,53.7,795.7,5763,961.56
252.4,44.1,48.0,2001-05-23,1,2.7,67.7,850.9,5830,992.6
228.2,34.9,45.8,2001-05-24,0,-3.0,45.8,2463.2999999999997,5794,920.95
259.8,43.3,50.6,2001-05-25,0,-12.2,56.4,8387.4,5808,949.99
512.3,45.1,60.4,2001-05-26,1,-18.2,53.3,29.1,5826,947.65
357.2,34.8,53.4,2001-05-27,0,-1.1000000000000005,66.0,1448.5,5860,969.31
216.8,36.7,44.0,2001-05-28,1,6.9,67.9,70.0,5837,987.66
273.1,40.7,46.4,2001-05-29,0,-3.9000000000000004,59.6,5663.400000000001,5816,949.99
304.3,44.5,50.4,2001-05-30,1,-0.09999999999999964,56.6,2776.7000000000003,5825,899.78
171.7,27.1,39.0,2001-05-31,0,6.2,37.7,684.3,5784,892.06
245.9,36.3,43.8,2001-06-01,0,0.40000000000000036,56.5,1856.3,5783,992.6
306.7,42.5,49.6,2001-06-02,1,-1.6999999999999997,73.1,2137.2,5825,971.88
284.1,41.9,46.2,2001-06-03,1,1.4000000000000004,74.1,1739.4,5874,971.76
298.8,39.1,44.8,2001-06-04,1,5.800000000000001,68.0,338.6,5808,990.16
296.6,36.9,45.0,2001-06-05,1,-1.0,58.7,1483.9,5833,985.0
265.6,39.9,45.0,2001-06-06,1,2.6999999999999997,56.0,1342.4,5774,938.31
315.6,42.9,52.6,2001-06-07,1,-7.1000000000000005,57.4,1208.7,5820,949.99
288.2,43.7,49.4,2001-06-08,0,-2.9000000000000004,65.0,4352.400000000001,5837,947.68
233.5,35.5,46.4,2001-06-09,0,-2.7,53.7,4262.599999999999,5807,947.68
248.0,39.7,49.2,2001-06-10,0,-2.2,55.3,3596.9,5779,947.68
257.8,37.7,42.8,2001-06-11,0,5.200000000000001,55.6,-7.5,5819,947.68
303.4,32.9,35.2,2001-06-12,0,7.2,55.4,308.5,5769,949.99
311.2,36.8,41.0,2001-06-13,0,1.5,68.1,5126.900000000001,5869,945.29
265.1,36.9,38.8,2001-06-14,0,12.0,58.3,89.6,5756,947.73
294.4,41.3,44.2,2001-06-15,0,4.8,64.0,1368.1,5783,949.99
275.9,42.7,46.0,2001-06-16,0,2.0,67.6,1763.1,5792,949.99
272.1,41.1,42.8,2001-06-17,0,4.7,64.7,2243.8,5780,949.99
318.0,41.9,43.0,2001-06-18,0,10.6,69.1,7.6,5813,947.71
300.6,41.9,46.2,2001-06-19,1,2.8999999999999995,58.8,19.7,5796,950.01
208.4,38.9,44.2,2001-06-20,1,1.3999999999999995,49.7,1681.0,5736,947.71
313.7,44.5,50.0,2001-06-21,1,-2.5999999999999996,68.1,3987.6,5834,949.99
318.6,41.7,51.4,2001-06-22,0,-3.4,53.6,0.39999999999999997,5780,947.68
290.2,43.5,44.2,2001-06-23,1,7.2,69.8,1520.8999999999999,5826,947.68
281.7,41.9,43.0,2001-06-24,0,8.299999999999999,67.7,0.7000000000000001,5806,947.71
270.8,34.3,45.2,2001-06-25,0,4.3,52.8,-14.6,5791,921.26
274.9,42.7,45.4,2001-06-26,0,0.5,64.4,893.8,5792,949.99
307.1,44.3,47.0,2001-06-27,0,1.3000000000000007,69.9,19.6,5837,950.01
260.9,40.9,42.2,2001-06-28,0,10.6,67.7,0.0,5817,950.01
262.4,40.1,41.0,2001-06-29,0,5.0,76.4,2021.2,5843,985.0
304.1,39.1,39.6,2001-06-30,1,7.4,66.2,1921.1,5819,949.99
290.2,41.7,46.8,2001-07-01,0,0.20000000000000018,66.3,2205.5,5766,991.14
282.7,43.5,47.0,2001-07-02,1,-1.5,60.7,498.0,5819,949.99
311.7,44.3,46.8,2001-07-03,0,3.9000000000000004,69.3,19.1,5820,950.01
323.8,36.4,40.6,2001-07-04,0,9.1,69.1,14.5,5840,949.99
293.4,34.9,42.6,2001-07-05,0,6.800000000000001,54.5,14.899999999999999,5789,949.99
253.2,29.4,43.8,2001-07-06,0,9.4,36.2,0.0,5734,872.75
222.9,31.5,41.0,2001-07-07,0,11.5,40.4,0.0,5751,864.05
320.9,40.1,43.0,2001-07-08,0,9.5,64.8,13.5,5806,949.99
235.0,27.3,39.4,2001-07-09,0,12.100000000000001,39.3,0.0,5757,863.83
291.6,40.3,45.2,2001-07-10,1,8.2,60.3,808.9,5816,908.43
287.8,37.9,42.8,2001-07-11,0,10.700000000000001,57.1,-248.0,5836,872.01
184.9,22.9,33.0,2001-07-12,0,19.1,36.8,0.0,5792,825.26
200.6,28.5,35.0,2001-07-13,0,6.5,49.4,903.9,5810,985.06
151.0,20.7,33.4,2001-07-14,0,22.200000000000003,28.6,0.0,5771,804.61
234.4,30.7,37.6,2001-07-15,0,7.8999999999999995,51.7,49.1,5815,949.99
251.4,33.7,43.6,2001-07-16,0,9.1,50.8,-183.1,5820,897.61
228.8,36.7,43.4,2001-07-25,0,5.9,53.8,586.6999999999999,5860,862.18
268.8,34.3,38.8,2001-07-26,0,5.5,63.2,876.3000000000001,5826,985.03
290.3,38.5,45.6,2001-07-27,0,5.1,72.4,1596.5,5875,974.59
247.8,35.7,42.8,2001-07-28,0,1.4999999999999996,55.5,1583.3000000000002,5806,966.63
247.7,36.9,43.2,2001-07-29,0,-2.7,61.6,4361.599999999999,5807,963.7
293.8,40.5,46.0,2001-07-30,0,8.0,72.1,1168.2,5859,987.66
187.6,29.1,38.6,2001-07-31,0,3.5999999999999996,48.6,1118.3000000000002,5814,979.93
301.9,45.9,48.6,2001-08-01,0,2.1999999999999997,77.7,2708.7,5841,981.79
227.4,39.7,47.4,2001-08-02,0,3.3999999999999995,46.6,2119.8,5776,875.09
253.1,25.8,40.0,2001-08-03,0,6.300000000000001,40.1,1696.3000000000002,5746,949.99
276.6,40.1,44.2,2001-08-04,0,0.0,63.8,3863.2000000000003,5796,979.87
245.2,38.7,42.8,2001-08-05,1,0.8000000000000007,65.3,3069.2000000000003,5794,982.5
223.1,32.9,44.2,2001-08-06,0,-0.40000000000000036,53.7,3308.7,5808,982.5
224.5,32.7,43.4,2001-08-07,0,2.8000000000000003,56.5,1896.0,5846,992.6
168.8,29.5,41.8,2001-08-08,0,-1.7999999999999998,48.8,3011.8,5819,969.28
215.9,30.9,39.6,2001-08-09,1,1.3000000000000003,56.5,2669.0,5812,969.28
393.8,47.7,51.2,2001-08-10,0,-0.5,85.5,3862.8,5877,977.16
263.6,38.7,44.4,2001-08-11,0,4.5,62.1,1299.1,5832,979.97
299.9,37.9,47.8,2001-08-12,1,3.6999999999999997,72.6,1601.0,5867,982.47
186.9,28.5,38.6,2001-08-13,0,5.7,45.8,-38.800000000000004,5831,883.27
300.5,39.7,44.6,2001-08-14,0,1.4000000000000004,63.4,5412.4,5836,949.99
282.9,44.3,47.0,2001-08-15,0,4.8,83.9,2199.4,5877,992.6
268.1,41.9,48.0,2001-08-16,1,1.7000000000000002,60.0,0.0,5830,950.01
278.2,43.7,46.2,2001-08-17,0,1.5999999999999996,60.9,3671.8,5792,949.99
255.2,41.1,45.0,2001-08-18,0,4.5,58.2,2416.2,5764,949.99
281.9,35.0,40.2,2001-08-19,0,9.700000000000001,56.9,1662.5,5839,926.09
308.8,40.1,45.0,2001-08-20,0,5.200000000000001,56.8,3083.7000000000003,5825,949.99
390.2,41.9,52.6,2001-08-21,0,1.0,74.4,3020.1,5891,977.25
255.3,39.7,43.8,2001-08-22,0,6.7,53.2,24.9,5816,947.71
264.9,40.1,46.2,2001-08-23,0,1.6000000000000005,52.4,2997.4,5814,949.99
300.4,44.3,48.2,2001-08-24,0,1.0,64.6,5967.2,5886,949.99
224.1,36.1,44.2,2001-08-25,1,-2.7,57.8,4535.7,5803,977.19
205.8,35.1,47.4,2001-08-26,1,-3.6,45.1,10.6,5784,949.99
207.6,31.9,45.4,2001-08-27,1,0.5999999999999996,42.1,3157.9,5796,877.53
208.5,37.7,46.8,2001-08-28,0,2.6999999999999997,50.3,867.1,5785,878.03
278.1,40.1,48.0,2001-08-29,0,-3.0,62.5,5604.7,5834,949.99
247.8,34.9,41.4,2001-08-30,1,10.899999999999999,48.6,0.0,5763,857.43
277.4,36.5,40.8,2001-08-31,0,7.6000000000000005,56.8,2563.2000000000003,5804,947.68
256.5,37.7,49.2,2001-09-01,0,-5.0,57.5,3860.5,5790,987.56
218.1,33.9,45.4,2001-09-02,0,-1.7000000000000002,57.5,3798.4,5803,985.03
259.5,33.3,44.4,2001-09-03,1,1.7999999999999998,61.3,3118.4,5837,984.97
265.1,43.3,47.0,2001-09-04,1,0.7000000000000002,76.7,3685.1,5850,979.78
182.6,31.3,42.0,2001-09-05,0,-0.20000000000000018,50.8,594.4,5829,971.94
226.9,33.1,43.6,2001-09-06,1,0.09999999999999964,55.6,3241.6,5780,992.63
262.0,40.5,43.8,2001-09-07,0,2.6000000000000005,69.5,2727.4,5807,995.1
217.9,32.3,41.4,2001-09-08,1,3.0999999999999996,49.8,2127.5,5766,982.59
230.9,31.1,43.6,2001-09-09,1,-0.10000000000000053,50.9,1981.0,5820,977.25
211.6,32.5,42.4,2001-09-10,1,1.1999999999999997,52.2,2178.2,5792,974.75
201.8,34.5,45.2,2001-09-11,1,1.1,50.6,1691.0,5788,985.12
182.2,31.5,40.8,2001-09-12,0,7.0,52.7,-136.8,5812,977.55
165.1,26.5,39.8,2001-09-13,1,0.09999999999999964,41.6,2589.0,5770,977.4
167.8,27.5,41.6,2001-09-14,1,-1.9,41.4,2744.3,5766,972.15
165.3,28.6,45.6,2001-09-15,0,-5.8999999999999995,39.1,4494.5,5751,969.41
101.0,25.7,39.4,2001-09-16,1,-0.9000000000000004,53.3,1594.0,5847,982.47
176.4,30.0,47.6,2001-09-17,1,-9.5,45.4,4690.1,5752,979.87
189.2,28.3,43.2,2001-09-18,1,0.3999999999999999,44.1,1769.4,5744,982.65
67.6,15.0,33.4,2001-09-19,1,2.9000000000000004,37.2,1184.3999999999999,5778,982.62
75.6,18.4,36.4,2001-09-20,0,-4.8,31.5,3288.3,5734,982.53
173.5,25.0,40.2,2001-09-21,0,-1.5000000000000004,47.0,3958.2000000000003,5779,982.44
178.3,33.5,41.2,2001-09-22,0,0.20000000000000018,50.4,3128.7999999999997,5772,982.53
302.1,42.7,50.2,2001-09-23,0,0.7000000000000002,75.2,-72.0,5864,977.25
256.5,43.3,47.4,2001-09-24,0,0.7999999999999998,73.7,2130.9,5819,985.03
223.9,36.3,44.0,2001-09-25,0,1.4999999999999996,59.8,1174.5,5791,982.53
142.7,30.7,42.0,2001-09-26,0,-2.6999999999999997,50.1,4302.3,5777,979.97
219.5,36.1,45.0,2001-09-27,0,-3.3000000000000003,57.1,3291.7,5777,979.87
229.3,37.5,45.0,2001-09-28,0,-0.09999999999999964,60.7,2228.2,5801,979.9
244.4,35.3,46.6,2001-09-29,1,-2.3999999999999995,54.5,2300.2999999999997,5790,974.69
340.1,44.9,45.2,2001-09-30,1,9.0,84.1,648.6,5883,982.5
254.9,38.3,46.6,2001-10-01,1,-0.7999999999999998,63.0,2082.3,5755,997.08
260.5,39.7,47.0,2001-10-02,1,1.7999999999999998,68.2,1781.3,5819,992.63
260.6,35.5,40.8,2001-10-03,0,7.6,73.3,123.10000000000001,5847,987.59
203.5,33.7,43.4,2001-10-04,1,0.40000000000000036,54.5,1756.8000000000002,5782,985.12
211.9,29.5,42.8,2001-10-05,0,-0.5999999999999996,48.1,1698.2,5774,985.09
241.0,34.7,46.8,2001-10-06,1,-0.5,54.3,2432.0,5803,982.5
174.9,27.3,39.4,2001-10-07,1,4.9,46.7,803.7,5815,972.12
191.2,34.5,46.4,2001-10-08,1,-1.2000000000000002,55.2,2080.3,5801,987.63
208.0,34.9,43.4,2001-10-09,1,3.0000000000000004,61.2,1679.0,5848,987.56
203.7,40.9,48.2,2001-10-10,1,2.3000000000000003,60.3,359.40000000000003,5789,980.09
147.2,30.1,42.6,2001-10-11,1,1.9,43.7,508.80000000000007,5751,969.74
186.5,27.9,40.2,2001-10-12,1,4.3,50.0,811.3000000000001,5786,987.66
219.8,31.3,45.6,2001-10-13,1,-3.0,51.5,4260.3,5779,982.5
422.5,45.9,55.4,2001-10-14,1,0.2999999999999998,71.6,3467.6000000000004,5820,985.09
214.8,32.5,46.4,2001-10-15,0,-1.0999999999999996,55.5,2923.1000000000004,5791,995.1
243.3,36.1,42.6,2001-10-16,1,6.8,60.7,-39.5,5809,990.19
226.3,39.1,44.6,2001-10-17,0,0.8000000000000003,58.1,2490.0,5769,977.37
321.2,44.1,51.4,2001-10-18,0,-2.5999999999999996,56.9,602.3000000000001,5734,995.1
117.6,7.4,34.6,2001-10-19,0,-2.7,31.7,2012.6000000000001,5718,987.66
229.5,23.4,41.2,2001-10-20,0,5.3,43.0,496.70000000000005,5759,985.21
114.1,9.6,35.6,2001-10-21,0,4.5,35.2,84.9,5750,982.71
183.2,27.8,38.4,2001-10-22,0,15.4,43.2,-294.0,5790,964.61
133.8,23.9,30.8,2001-10-23,0,14.399999999999999,35.6,-91.10000000000001,5773,950.73
131.1,23.3,31.8,2001-10-24,0,5.6,41.6,723.6,5749,969.59
82.9,18.6,32.4,2001-10-25,0,7.300000000000001,28.9,118.80000000000001,5733,964.52
78.8,-2.4,29.8,2001-10-26,0,5.8,27.9,246.4,5708,972.49
89.3,14.6,29.0,2001-10-27,0,9.5,33.4,59.2,5757,980.18
254.0,38.3,44.0,2001-10-28,0,2.4000000000000004,55.5,1274.0,5768,987.66
214.3,27.3,36.6,2001-10-29,0,10.3,43.9,-147.6,5790,972.4
307.0,42.9,51.8,2001-10-30,0,-1.7999999999999998,59.6,2366.6,5803,995.13
212.4,36.7,48.6,2001-10-31,0,-1.3999999999999995,49.5,2032.7999999999997,5754,985.18
86.7,8.4,38.6,2001-11-01,0,2.2,34.0,1207.8,5736,997.63
90.2,-6.8,28.8,2001-11-02,0,11.8,25.2,-152.39999999999998,5749,962.02
203.3,22.4,45.6,2001-11-03,0,13.200000000000001,45.8,-581.0999999999999,5851,972.49
76.1,11.4,31.0,2001-11-04,0,9.1,24.7,-122.30000000000001,5743,964.61
89.3,19.0,44.2,2001-11-05,0,-0.8000000000000003,25.6,205.59999999999997,5713,962.14
200.0,34.9,49.8,2001-11-06,0,-0.30000000000000027,41.7,879.1,5746,953.81
176.3,36.7,47.6,2001-11-07,0,0.7000000000000002,51.3,514.4,5779,953.38
154.1,34.7,48.2,2001-11-08,0,-6.7,38.3,1736.7,5668,967.3
129.7,24.6,40.2,2001-11-09,0,-2.2,32.6,927.8,5632,967.48
164.2,32.3,41.4,2001-11-10,0,2.3000000000000003,47.5,470.59999999999997,5739,977.65
152.8,19.2,34.6,2001-11-11,0,5.7,38.9,284.2,5697,977.74
234.7,33.5,41.8,2001-11-12,0,10.200000000000001,51.4,-151.6,5767,977.77
229.7,40.9,47.8,2001-11-13,0,3.6,54.7,431.9,5748,990.25
184.1,29.1,38.6,2001-11-14,0,11.7,45.1,-209.6,5779,972.49
33.0,17.7,23.9,2001-11-15,0,14.3,28.8,0.0,5738,948.99
87.0,16.3,27.4,2001-11-16,0,20.1,29.2,0.0,5760,957.17
124.8,17.0,38.2,2001-11-17,0,10.8,27.0,-119.80000000000001,5699,957.14
154.5,30.7,41.0,2001-11-18,0,6.7,35.6,-129.2,5747,936.63
152.2,21.8,41.2,2001-11-19,0,3.4000000000000004,29.6,176.4,5679,962.11
191.9,28.8,45.6,2001-11-20,0,3.5,34.8,411.40000000000003,5680,967.48
153.5,26.2,34.6,2001-11-21,0,9.9,34.6,289.70000000000005,5678,980.36
106.5,20.6,32.4,2001-11-22,0,9.5,29.6,150.39999999999998,5693,953.96
179.6,25.6,37.6,2001-11-23,0,9.0,34.1,160.9,5695,980.36
210.9,20.8,37.6,2001-11-24,0,12.0,39.0,72.5,5707,980.36
200.0,-4.8,31.0,2001-11-25,0,22.5,29.6,0.0,5718,946.21
58.8,-8.4,33.0,2001-11-26,0,10.8,26.5,0.0,5693,978.04
50.4,15.7,26.3,2001-11-27,0,13.7,20.2,17.700000000000003,5644,954.67
155.0,27.3,32.8,2001-11-28,0,15.9,33.9,51.80000000000001,5686,959.76
127.1,24.9,35.6,2001-11-29,0,10.3,29.5,134.70000000000002,5655,954.39
87.9,-4.6,28.2,2001-11-30,0,20.0,21.9,0.0,5707,943.86
108.1,-3.4,27.8,2001-12-01,0,26.3,21.9,0.0,5714,996.2
132.9,-2.2,32.4,2001-12-02,0,23.6,20.0,0.0,5731,963.3
81.5,-4.6,27.5,2001-12-03,0,22.5,17.5,0.0,5697,933.24
60.1,-8.2,29.3,2001-12-04,0,22.700000000000003,18.6,0.0,5717,968.46
58.2,-5.4,29.1,2001-12-05,0,16.8,16.2,0.0,5672,930.31
83.2,7.4,39.2,2001-12-06,0,11.7,21.0,0.0,5685,944.11
68.3,8.0,37.4,2001-12-07,0,13.4,15.8,0.0,5635,936.08
167.3,18.4,38.8,2001-12-08,0,14.4,28.4,0.0,5696,965.47
122.4,11.8,32.2,2001-12-09,0,23.200000000000003,19.9,0.0,5685,947.28
83.2,12.6,35.6,2001-12-10,0,14.899999999999999,22.0,0.0,5649,952.41
199.5,20.6,40.8,2001-12-11,0,11.3,27.2,0.0,5692,985.58
67.9,6.6,27.7,2001-12-12,0,19.5,17.1,0.0,5684,952.53
85.4,7.8,28.1,2001-12-13,0,16.9,16.1,0.0,5666,960.49
42.7,6.6,25.7,2001-12-14,0,17.6,19.5,0.0,5690,985.79
36.9,8.0,27.1,2001-12-15,0,23.2,18.7,0.0,5691,968.46
67.9,8.8,29.1,2001-12-16,0,19.4,16.4,0.0,5691,952.77
75.7,4.8,23.5,2001-12-17,0,21.9,15.3,0.0,5648,944.81
77.6,1.0,19.7,2001-12-18,0,27.8,14.1,0.0,5658,955.98
43.6,0.6,31.6,2001-12-19,0,25.799999999999997,18.6,0.0,5699,960.8
60.1,1.6,33.8,2001-12-20,0,25.299999999999997,15.9,0.0,5687,953.02
54.3,-2.6,31.4,2001-12-21,0,23.299999999999997,17.3,0.0,5722,935.9
48.5,0.6,32.9,2001-12-22,0,20.6,18.8,0.0,5676,944.81
27.2,4.4,39.6,2001-12-23,0,20.8,13.1,0.0,5651,953.2
19.4,3.8,30.5,2001-12-24,0,18.5,16.4,0.0,5658,952.84
42.7,-0.8,27.3,2001-12-25,0,22.4,14.7,0.0,5658,936.69
77.8,14.6,41.2,2001-12-26,0,21.5,21.0,0.0,5657,953.32
66.0,11.4,35.1,2001-12-27,0,18.2,18.5,0.0,5684,930.71
64.0,10.4,38.1,2001-12-28,0,17.2,17.0,0.0,5624,945.02
79.5,4.8,29.9,2001-12-29,0,19.4,16.8,0.0,5653,921.77
89.2,10.0,40.9,2001-12-30,0,11.0,15.9,0.0,5579,927.84
78.1,5.0,37.2,2001-12-31,0,16.4,16.0,0.0,5606,916.03
87.3,5.6,43.7,2002-01-01,0,10.2,18.2,0.0,5618,1006.13
50.4,0.2,36.2,2002-01-02,0,28.7,9.4,0.0,5589,895.83
46.6,0.0,32.5,2002-01-03,0,13.6,16.1,0.0,5619,947.71
34.9,0.4,23.3,2002-01-04,0,11.5,13.9,0.0,5610,927.69
36.9,-1.8,23.5,2002-01-05,0,17.1,14.9,0.0,5630,950.3
40.7,2.8,31.5,2002-01-06,0,14.1,14.4,0.0,5653,942.12
101.5,26.8,46.0,2002-01-07,0,3.3,26.4,-174.20000000000002,5589,949.69
182.0,30.0,51.8,2002-01-08,0,3.7,25.7,-332.7,5598,947.13
225.9,30.7,55.4,2002-01-09,0,-3.9,23.7,-10.999999999999986,5562,949.75
183.2,13.4,54.2,2002-01-10,0,-3.0,17.6,-133.29999999999998,5534,944.66
154.6,15.2,50.6,2002-01-11,0,6.800000000000001,26.9,0.0,5657,988.2
103.0,20.2,45.6,2002-01-12,0,9.899999999999999,19.9,0.0,5603,960.92
176.5,8.0,40.4,2002-01-14,0,6.4,22.5,-151.20000000000002,5672,886.89
114.6,16.6,38.0,2002-01-15,0,11.899999999999999,22.4,0.0,5665,968.19
73.7,18.4,27.7,2002-01-16,0,5.9,17.5,0.0,5646,957.38
155.8,20.6,46.8,2002-01-17,0,3.9999999999999996,27.7,-80.1,5677,965.19
98.9,6.4,43.2,2002-01-18,0,-5.1,18.5,701.6,5559,962.63
69.8,1.8,36.7,2002-01-19,0,8.1,20.6,0.0,5666,995.29
73.1,-0.6,36.4,2002-01-20,0,7.5,20.2,0.0,5651,988.05
85.1,11.0,40.6,2002-01-21,0,7.8,24.0,-156.5,5677,983.11
143.7,29.8,45.6,2002-01-22,0,11.4,28.6,0.0,5687,949.42
177.6,23.0,40.8,2002-01-23,0,11.4,31.8,0.0,5688,962.63
225.8,18.6,40.8,2002-01-24,0,13.5,28.7,0.0,5654,960.28
93.1,2.4,19.5,2002-01-25,0,29.5,18.3,0.0,5632,953.02
95.1,-2.0,17.9,2002-01-26,0,32.6,15.3,0.0,5646,936.94
64.0,-7.6,20.9,2002-01-30,0,18.4,20.0,-203.89999999999998,5657,887.89
69.8,-12.2,22.7,2002-01-31,0,27.9,18.5,0.0,5638,936.45
95.0,-8.6,17.0,2002-02-01,0,39.6,19.8,0.0,5678,1003.79
71.8,-7.4,20.3,2002-02-02,0,36.0,16.6,0.0,5675,937.06
85.4,-7.4,11.1,2002-02-03,0,34.8,14.3,0.0,5686,939.59
95.1,-5.4,21.9,2002-02-04,0,32.3,18.3,0.0,5685,950.55
114.5,-2.4,19.7,2002-02-05,0,31.700000000000003,20.2,0.0,5654,950.55
77.6,3.2,18.9,2002-02-06,0,33.0,17.0,0.0,5658,928.12
139.0,24.4,39.6,2002-02-07,0,15.9,28.0,0.0,5649,965.74
123.6,18.0,42.2,2002-02-08,0,7.6,29.1,0.0,5687,943.53
106.6,25.3,40.0,2002-02-09,0,14.5,28.5,0.0,5673,935.47
299.6,36.1,53.6,2002-02-10,0,0.8000000000000003,37.7,-88.6,5681,954.36
67.2,22.6,42.2,2002-02-11,0,7.699999999999999,21.8,0.0,5676,940.99
52.4,12.4,43.1,2002-02-12,0,0.7000000000000002,23.3,-19.600000000000023,5684,940.26
129.5,16.4,48.6,2002-02-13,0,4.800000000000001,26.7,-326.59999999999997,5686,951.86
94.8,10.6,42.8,2002-02-14,0,11.3,19.2,0.0,5661,935.9
151.5,14.8,44.6,2002-02-15,0,15.700000000000001,18.6,0.0,5647,939.07
79.5,10.2,30.7,2002-02-16,0,15.0,14.2,0.0,5652,952.77
66.0,7.0,36.7,2002-02-17,0,12.4,17.1,0.0,5664,944.5
73.7,10.6,41.7,2002-02-18,0,9.9,16.3,0.0,5651,933.03
98.9,23.4,39.7,2002-02-19,0,4.6,19.0,0.0,5613,920.85
81.7,24.2,48.8,2002-02-20,0,2.1,21.9,-2810.6,5630,923.69
60.1,9.3,44.3,2002-02-21,0,2.9000000000000004,18.7,-131.29999999999998,5568,944.23
161.4,29.4,45.4,2002-02-22,0,-1.5,31.9,10.8,5638,985.37
71.7,1.0,42.0,2002-02-23,0,5.800000000000001,18.7,0.0,5658,938.13
152.4,28.6,46.6,2002-02-24,0,7.9,29.3,0.0,5709,943.44
275.8,33.8,52.6,2002-02-25,0,-2.8,37.2,1550.3999999999999,5700,972.58
251.2,36.7,51.0,2002-02-26,0,3.8,34.7,-13.5,5655,957.17
239.9,23.4,49.8,2002-02-27,0,8.899999999999999,29.4,0.0,5667,891.53
91.5,17.8,37.0,2002-02-28,0,12.8,20.7,0.0,5658,917.71
126.9,17.2,42.0,2002-03-01,0,9.8,27.5,0.0,5681,986.44
120.6,20.8,48.2,2002-03-02,1,-3.5,27.4,900.3,5690,959.46
261.1,35.9,51.6,2002-03-03,0,-3.2,46.4,1164.6000000000001,5713,985.31
251.8,34.9,46.6,2002-03-04,0,-0.30000000000000027,46.1,43.0,5710,987.75
127.5,4.2,39.2,2002-03-05,0,14.8,21.0,0.0,5702,932.6
185.6,21.4,43.6,2002-03-06,0,10.899999999999999,30.6,0.0,5688,940.84
101.0,19.6,41.6,2002-03-07,1,10.9,20.3,0.0,5612,924.12
135.9,20.4,39.4,2002-03-08,0,9.2,32.3,-114.4,5702,972.82
157.2,33.3,47.6,2002-03-09,0,-5.0,37.6,1852.3999999999999,5657,985.34
325.4,33.0,53.0,2002-03-10,0,1.0,34.9,542.0,5679,982.89
277.5,31.6,55.0,2002-03-11,0,-16.0,32.7,1117.8,5700,990.16
160.8,23.0,45.2,2002-03-12,0,-2.2,41.2,1902.6999999999998,5760,953.38
176.8,12.6,40.2,2002-03-13,0,14.1,25.8,0.0,5744,940.51
108.3,19.4,42.6,2002-03-14,0,5.2,26.9,-423.8,5756,919.17
150.5,22.0,42.8,2002-03-15,0,6.699999999999999,28.1,-350.59999999999997,5721,925.49
188.1,30.4,45.2,2002-03-16,0,7.199999999999999,29.4,-287.90000000000003,5677,903.88
226.3,36.4,50.6,2002-03-17,0,-4.1,38.8,1913.3,5730,974.96
76.6,14.0,44.0,2002-03-18,0,-3.2,25.5,1359.7,5718,959.09
73.3,17.8,48.4,2002-03-19,0,1.7999999999999998,19.2,-294.0,5664,917.01
142.5,22.4,50.4,2002-03-20,0,-3.0999999999999996,27.8,735.0,5733,953.72
17.5,-3.8,37.9,2002-03-21,0,2.2,14.2,-107.4,5695,909.56
69.7,25.2,47.6,2002-03-22,0,-7.300000000000001,23.4,1400.2,5699,950.94
252.5,34.8,57.2,2002-03-23,0,-17.6,34.6,2880.1,5707,969.62
214.1,34.1,50.6,2002-03-24,0,-4.9,41.0,1306.4,5756,977.46
60.1,16.2,34.9,2002-03-25,0,-6.2,28.3,1837.4,5738,969.53
564.4,41.4,61.6,2002-03-26,0,-9.799999999999999,50.8,3641.7,5767,974.69
266.8,35.1,52.4,2002-03-27,1,-11.299999999999999,44.7,2892.3,5699,974.78
223.5,29.2,46.2,2002-03-28,0,2.1,39.9,233.39999999999998,5744,950.91
387.6,41.9,58.0,2002-03-29,1,-16.9,44.4,-0.2999999999999998,5680,977.43
242.0,33.2,53.8,2002-03-30,0,-9.0,34.2,1365.9,5672,961.96
220.1,26.0,51.6,2002-03-31,1,-9.3,32.6,2267.8,5693,990.22
202.1,26.2,50.6,2002-04-01,0,-6.5,39.8,2235.4,5744,988.85
183.8,33.1,50.8,2002-04-02,1,-7.3,37.4,1094.6,5713,961.93
160.9,35.5,49.2,2002-04-03,0,-0.8000000000000003,37.2,332.5,5677,967.67
226.6,28.4,51.8,2002-04-04,0,-0.7999999999999998,35.8,659.6,5690,985.46
298.2,18.6,50.4,2002-04-05,0,2.7,45.4,1681.3000000000002,5768,990.22
194.8,23.6,44.6,2002-04-06,0,3.6999999999999997,39.9,1246.5,5784,982.65
196.5,28.2,49.2,2002-04-07,1,-2.8,36.7,2447.2,5765,982.59
220.7,31.2,50.6,2002-04-08,1,-3.7,33.1,1874.8999999999999,5769,966.93
342.2,41.1,55.6,2002-04-09,1,-0.2999999999999998,54.4,367.70000000000005,5804,956.38
101.4,26.4,46.0,2002-04-10,1,-11.8,28.9,2991.9,5710,972.15
133.1,32.1,45.8,2002-04-11,1,0.10000000000000009,37.7,518.7,5705,942.64
238.3,21.0,44.8,2002-04-12,0,10.1,39.0,0.0,5781,967.42
104.4,22.0,48.0,2002-04-13,0,1.7000000000000002,22.4,-186.0,5653,954.67
250.2,35.6,52.4,2002-04-14,0,-5.300000000000001,43.7,1697.8999999999999,5738,982.68
233.1,28.2,46.2,2002-04-15,0,-1.0,41.8,-5.1,5763,979.97
197.5,25.4,42.6,2002-04-16,0,0.40000000000000036,40.6,-2.8,5788,974.72
165.5,28.4,44.2,2002-04-17,0,0.2999999999999998,40.8,2512.0,5795,972.03
145.3,24.0,45.4,2002-04-18,0,-8.0,36.6,-2.7,5771,974.66
78.8,19.2,42.4,2002-04-19,0,-7.1,38.9,3347.5,5817,966.54
146.4,30.7,48.6,2002-04-20,0,-6.2,41.5,-18.1,5789,955.67
161.3,27.7,50.2,2002-04-21,1,-12.299999999999999,38.8,-17.900000000000006,5783,979.87
424.2,34.6,58.4,2002-04-22,1,-15.2,49.7,-34.300000000000004,5767,961.14
111.8,26.4,51.6,2002-04-23,1,-6.7,25.1,646.1,5702,921.77
380.7,25.6,60.0,2002-04-24,1,-18.200000000000003,37.1,2689.5,5747,974.72
374.2,37.9,57.6,2002-04-25,1,-5.1,49.3,157.59999999999997,5799,945.05
385.2,42.5,59.8,2002-04-26,0,-16.1,48.1,2965.0,5780,966.6
317.6,35.9,53.2,2002-04-27,0,-3.8999999999999995,43.1,699.6,5718,975.11
186.1,23.4,45.2,2002-04-28,1,-4.4,34.7,3074.5,5757,977.34
480.2,28.6,57.2,2002-04-29,0,-16.4,31.7,3586.7999999999997,5784,961.17
304.2,25.2,53.2,2002-04-30,0,-11.200000000000001,41.9,-22.8,5768,963.88
284.8,27.0,52.6,2002-05-01,1,-8.6,39.1,-5.800000000000001,5775,977.56
147.3,26.2,49.6,2002-05-02,1,-11.700000000000001,46.5,3252.7,5817,969.35
327.7,26.4,51.6,2002-05-03,1,-8.1,35.5,810.5,5736,939.44
370.9,34.5,52.8,2002-05-04,0,-2.1999999999999997,43.6,219.20000000000005,5791,947.92
435.1,39.5,55.4,2002-05-05,0,-7.1000000000000005,56.4,-11.2,5819,966.45
442.7,39.3,56.6,2002-05-06,0,-10.0,53.7,-5.699999999999999,5756,958.66
390.8,39.9,55.8,2002-05-07,0,-5.300000000000001,49.1,883.7,5770,977.52
441.8,34.2,56.6,2002-05-08,0,-9.0,52.7,2951.6,5816,971.88
250.7,20.6,45.8,2002-05-09,0,-2.5,44.9,3984.7000000000003,5788,977.16
236.8,29.4,42.8,2002-05-10,1,3.7,44.8,1243.9,5784,972.15
245.9,22.8,43.4,2002-05-11,0,5.3,36.3,3073.6,5772,947.71
371.1,41.5,50.8,2002-05-12,0,1.5,57.5,4.3,5829,949.99
282.9,29.8,51.2,2002-05-13,1,-7.8999999999999995,39.8,19.6,5820,949.99
251.4,33.9,49.2,2002-05-14,0,-6.8,55.0,40.2,5843,979.69
253.3,37.3,45.2,2002-05-15,0,3.1,69.6,578.3,5824,982.53
293.9,36.5,52.8,2002-05-16,0,-10.299999999999999,48.5,2571.6,5730,990.16
254.0,37.9,48.0,2002-05-17,1,-0.5999999999999996,43.1,2060.2,5762,949.99
244.5,35.7,46.2,2002-05-18,0,2.5000000000000004,43.1,1718.6,5745,945.4
450.0,29.0,56.0,2002-05-19,0,-12.3,43.2,7523.8,5806,940.46
270.2,31.3,49.4,2002-05-20,0,-10.0,33.9,6635.900000000001,5768,910.16
261.8,31.7,44.8,2002-05-21,0,0.0,38.8,2650.1,5826,786.02
128.3,26.5,41.8,2002-05-22,1,-4.1000000000000005,32.8,1606.8,5812,918.21
113.1,22.8,48.8,2002-05-23,1,-11.8,40.5,-6.4,5819,971.76
691.1,38.2,61.0,2002-05-24,0,-2.8000000000000003,55.3,429.6,5812,941.97
284.9,39.3,52.2,2002-05-25,0,-3.8,54.8,1406.0,5779,990.19
392.9,39.7,54.6,2002-05-26,1,-6.1,57.0,2885.3,5794,977.28
179.7,33.9,46.6,2002-05-27,0,2.8000000000000003,42.5,-102.80000000000001,5752,967.39
254.2,37.9,51.6,2002-05-28,1,-1.9,47.0,376.90000000000003,5760,985.28
213.9,35.3,44.0,2002-05-29,1,0.2999999999999998,56.3,1592.9,5794,979.87
286.0,36.9,49.8,2002-05-30,1,4.3,59.0,1003.9000000000001,5823,990.13
185.6,27.4,41.6,2002-05-31,1,3.8,46.1,425.3,5795,982.56
191.0,29.8,41.8,2002-06-01,1,-0.3999999999999999,42.6,2088.4,5745,993.13
208.2,35.3,42.8,2002-06-02,0,2.6999999999999997,54.9,3318.7,5807,974.69
236.2,39.3,48.0,2002-06-03,1,-1.1000000000000005,53.6,2660.3,5822,982.44
424.6,48.3,56.4,2002-06-04,1,-6.8,67.3,2414.3,5816,966.63
392.1,42.5,56.0,2002-06-05,0,-4.9,51.5,3169.9,5777,966.87
207.8,24.2,48.6,2002-06-06,1,5.5,32.0,-44.39999999999998,5780,860.5
227.8,38.1,49.2,2002-06-07,1,-10.6,52.6,7644.2,5840,942.9
279.5,37.5,47.0,2002-06-08,1,-3.1000000000000005,50.3,17.6,5787,950.01
226.5,39.7,49.2,2002-06-09,1,-6.5,53.1,6260.2,5804,949.99
235.1,35.7,42.4,2002-06-10,0,6.5,56.5,84.10000000000001,5811,980.03
282.1,42.7,44.2,2002-06-11,1,8.899999999999999,74.4,79.2,5827,985.12
227.8,26.3,35.8,2002-06-12,1,3.5999999999999996,44.4,400.40000000000003,5793,987.63
339.5,44.5,49.4,2002-06-13,0,-0.7000000000000002,63.4,18.1,5796,950.01
233.2,42.3,46.4,2002-06-14,0,-0.7999999999999998,50.0,4193.7,5819,933.34
253.0,44.5,48.8,2002-06-15,0,0.20000000000000018,51.4,2448.9,5802,945.37
243.8,42.3,49.6,2002-06-16,0,-3.8,47.8,4837.0,5812,945.34
179.4,24.2,41.6,2002-06-17,0,1.8000000000000003,45.9,1253.4,5811,958.6
249.9,38.5,49.0,2002-06-18,0,-0.10000000000000053,61.9,2613.8,5850,971.85
248.5,37.9,45.4,2002-06-19,0,0.7000000000000002,56.1,-6.0,5836,947.68
253.7,38.3,47.8,2002-06-20,1,1.8999999999999995,53.0,2272.4,5806,938.26
250.0,35.1,41.0,2002-06-21,0,8.1,48.2,877.4,5777,916.09
331.1,41.9,46.2,2002-06-22,0,2.0,66.9,0.0,5771,950.01
267.0,37.7,42.2,2002-06-23,0,4.1,58.1,1915.8,5771,935.87
220.3,32.1,38.4,2002-06-24,0,8.200000000000001,43.7,130.3,5772,949.99
144.9,22.3,34.4,2002-06-25,0,3.1,40.7,1098.1000000000001,5783,979.97
304.9,42.3,43.8,2002-06-26,0,7.3,78.6,73.0,5846,977.34
204.5,22.4,35.8,2002-06-27,1,6.0,46.6,1460.0,5824,982.47
257.6,41.9,48.2,2002-06-28,1,-3.9,71.3,3186.2,5808,979.78
165.2,23.7,40.0,2002-06-29,0,-0.20000000000000018,43.3,1561.6,5832,972.0
156.5,27.5,38.6,2002-06-30,1,10.5,39.0,-585.5,5811,798.16
261.6,38.7,42.8,2002-07-01,1,0.39999999999999947,68.3,2213.3,5829,985.49
287.9,42.1,45.8,2002-07-02,0,3.5999999999999996,63.8,2822.6,5814,926.04
292.6,37.9,41.4,2002-07-03,0,5.3,58.9,2252.3999999999996,5789,931.06
282.9,36.5,42.2,2002-07-04,0,5.800000000000001,60.8,1169.2,5791,949.99
258.3,35.5,39.0,2002-07-05,0,7.4,57.2,1254.8,5834,880.25
242.2,38.1,42.4,2002-07-06,0,6.8,56.9,896.1,5829,865.58
388.7,46.3,52.4,2002-07-07,0,-4.7,63.1,5869.3,5828,920.63
270.7,41.3,45.2,2002-07-08,0,-0.2999999999999998,57.2,5479.4,5849,885.08
223.0,39.1,45.2,2002-07-09,0,1.5,50.1,3280.4,5808,874.04
252.4,42.9,48.4,2002-07-10,1,-0.5,56.1,4322.400000000001,5799,871.16
243.7,38.5,43.2,2002-07-11,0,2.3999999999999995,53.0,3509.9,5799,910.46
246.5,45.5,47.6,2002-07-12,0,-4.5,64.1,7336.799999999999,5855,942.87
127.9,17.0,36.0,2002-07-13,1,15.7,30.4,0.0,5788,794.56
325.6,43.7,53.0,2002-07-14,0,-7.0,60.3,7565.6,5820,949.99
246.6,41.3,45.8,2002-07-15,1,0.5999999999999996,64.2,3233.0,5830,930.95
277.2,44.5,46.8,2002-07-16,1,3.9999999999999996,68.8,3588.5,5831,949.99
218.2,32.7,42.4,2002-07-17,1,4.6,49.6,2391.7,5819,916.07
219.3,34.3,39.4,2002-07-18,1,1.6000000000000005,62.9,1978.1999999999998,5818,982.44
271.6,38.7,43.6,2002-07-19,0,2.8999999999999995,68.2,2131.5,5845,974.59
280.7,36.9,44.2,2002-07-20,1,3.0999999999999996,71.5,2452.1000000000004,5851,974.56
273.0,42.5,44.8,2002-07-21,0,1.7000000000000002,68.7,2528.0,5812,949.99
249.4,42.3,48.6,2002-07-22,0,-2.8,57.0,4017.1,5755,949.99
239.7,35.5,43.4,2002-07-23,0,1.4,54.2,1453.3,5797,985.09
285.7,41.1,46.8,2002-07-24,0,0.6000000000000005,51.0,3268.7999999999997,5846,899.72
253.2,43.1,46.6,2002-07-25,0,0.2999999999999998,53.9,4265.5,5807,910.55
241.2,38.7,46.8,2002-07-26,1,-1.0,45.5,3004.7,5793,877.23
223.4,39.3,42.4,2002-07-27,0,3.4999999999999996,54.8,2920.2,5818,891.51
254.8,43.1,50.0,2002-07-28,1,-1.1000000000000005,70.2,2838.7,5828,977.22
213.8,37.1,47.2,2002-07-29,0,1.0999999999999996,66.4,2049.7999999999997,5842,974.66
237.8,40.5,47.0,2002-07-30,0,-0.20000000000000018,56.9,4186.799999999999,5790,947.68
231.7,34.1,42.4,2002-07-31,0,4.1,53.3,2416.7000000000003,5819,949.99
274.9,39.7,46.4,2002-08-01,1,0.9000000000000004,73.4,2624.2000000000003,5841,983.4
271.0,41.3,47.6,2002-08-02,1,-0.40000000000000036,73.4,3691.7000000000003,5841,974.59
266.7,39.9,46.8,2002-08-03,0,0.0,70.4,2979.1000000000004,5815,982.44
186.4,37.5,45.4,2002-08-04,1,-2.6999999999999997,55.6,3415.5,5752,977.4
250.3,40.7,43.0,2002-08-05,0,1.7000000000000002,63.0,20.1,5822,950.01
172.4,31.1,38.6,2002-08-06,0,10.7,45.1,0.0,5800,892.56
227.7,40.1,47.2,2002-08-07,0,-0.10000000000000053,53.8,1288.8,5764,949.99
255.3,34.9,42.2,2002-08-08,0,4.9,57.7,1082.7,5822,931.03
286.0,40.7,45.0,2002-08-09,0,1.5,65.0,2981.0,5817,949.99
263.4,38.1,43.0,2002-08-10,1,4.6000000000000005,58.0,1710.6000000000001,5789,949.99
285.9,41.2,42.8,2002-08-11,1,5.199999999999999,62.3,409.0,5835,949.99
266.7,41.5,45.2,2002-08-12,1,5.0,61.0,1887.8,5782,947.71
237.0,36.3,44.2,2002-08-13,1,5.1000000000000005,53.1,1481.1,5779,913.62
234.0,38.1,43.8,2002-08-14,0,1.1000000000000005,55.7,0.4,5756,949.99
229.1,38.9,43.4,2002-08-15,0,5.9,56.7,831.9,5744,947.71
236.0,36.3,43.2,2002-08-16,0,5.3,53.8,1028.9,5749,938.37
249.9,40.1,43.8,2002-08-17,0,-1.2000000000000002,63.0,2740.4,5771,949.99
284.2,40.3,41.6,2002-08-18,0,9.1,64.3,49.9,5823,949.99
229.8,32.3,39.8,2002-08-19,1,6.800000000000001,52.2,2074.1000000000004,5813,947.71
209.1,33.5,43.4,2002-08-20,0,2.1999999999999997,41.0,1427.6000000000001,5749,947.71
272.4,40.1,44.2,2002-08-21,0,4.499999999999999,62.7,1938.8,5841,949.99
289.3,33.3,37.8,2002-08-22,0,8.4,65.0,23.8,5845,972.03
303.1,35.1,42.2,2002-08-23,1,10.600000000000001,65.9,0.0,5865,990.16
248.7,34.7,39.0,2002-08-24,0,7.500000000000001,63.6,289.4,5834,977.34
202.9,29.7,40.6,2002-08-25,1,5.1,55.5,-59.9,5828,974.78
211.0,34.1,43.6,2002-08-26,1,-1.7000000000000002,58.5,2115.5,5807,969.28
228.3,37.1,42.8,2002-08-27,0,11.0,60.9,0.0,5829,958.91
227.4,35.9,45.0,2002-08-28,0,0.2999999999999998,56.7,1362.8,5779,985.12
247.7,39.1,44.8,2002-08-29,1,-1.1999999999999997,65.1,2160.9,5772,979.97
278.1,40.3,45.4,2002-08-30,0,-0.40000000000000036,67.9,2473.4,5807,982.5
272.6,39.1,45.4,2002-08-31,1,2.4000000000000004,68.8,1039.4,5829,987.59
229.9,32.1,40.8,2002-09-01,1,3.2,59.0,866.5,5805,986.45
240.9,35.3,45.2,2002-09-02,1,0.2999999999999998,60.4,1251.0,5806,982.5
225.9,35.3,45.6,2002-09-03,1,1.0,57.2,1225.2,5823,982.47
162.1,29.9,43.8,2002-09-04,0,-7.1000000000000005,43.5,2963.0,5730,982.5
241.6,41.9,48.2,2002-09-05,0,0.7999999999999998,67.5,1119.1,5799,990.13
253.2,40.3,46.6,2002-09-06,0,0.9000000000000004,68.1,1686.8,5800,982.5
189.8,29.5,40.0,2002-09-07,0,5.3,56.3,336.7,5839,979.93
279.8,37.7,41.8,2002-09-08,1,7.6000000000000005,69.2,507.59999999999997,5860,974.66
225.9,37.9,47.4,2002-09-09,0,1.2999999999999998,48.5,1730.5,5780,903.13
264.0,36.9,42.8,2002-09-10,0,3.6999999999999997,58.1,1889.5,5827,921.01
233.2,36.9,40.0,2002-09-11,1,7.3,61.4,178.70000000000002,5795,985.15
253.4,34.1,43.2,2002-09-12,1,4.0,62.2,-7.1,5797,977.4
195.6,32.1,42.4,2002-09-13,0,-1.2000000000000002,53.4,2450.4,5787,992.6
185.5,23.6,43.2,2002-09-14,1,2.6000000000000005,52.3,-60.8,5836,982.53
341.7,47.1,51.4,2002-09-15,1,1.3000000000000003,74.3,1335.5,5832,977.34
202.5,30.2,45.8,2002-09-16,0,0.09999999999999964,45.8,1026.9,5780,972.18
176.1,22.0,38.6,2002-09-17,1,7.9,39.6,61.099999999999994,5768,969.74
221.1,36.1,43.8,2002-09-18,0,2.5,58.5,1366.6000000000001,5810,972.03
184.6,31.3,42.8,2002-09-19,1,0.9000000000000004,51.6,1530.5,5796,969.44
234.0,41.3,47.4,2002-09-20,0,-1.6999999999999997,66.2,2947.7999999999997,5810,977.22
277.0,40.1,44.6,2002-09-21,0,5.6,71.8,703.1999999999999,5825,987.66
252.0,35.1,41.4,2002-09-22,1,4.9,59.1,1177.7,5797,982.56
270.7,40.9,45.8,2002-09-23,0,4.4,69.5,-0.40000000000000213,5822,982.56
275.9,42.1,47.6,2002-09-24,0,2.2,70.9,-9.0,5820,979.97
297.4,38.1,44.6,2002-09-25,0,5.6000000000000005,60.6,642.8,5802,982.59
209.1,29.5,42.0,2002-09-26,1,2.4000000000000004,54.4,2757.7999999999997,5812,979.93
204.8,35.5,46.0,2002-09-27,1,-5.3999999999999995,54.6,5025.9,5758,982.5
260.6,39.3,46.8,2002-09-28,0,0.5999999999999996,61.5,2843.5,5802,985.09
212.6,29.3,39.6,2002-09-29,0,2.9999999999999996,48.1,2135.6,5795,987.59
209.6,33.5,42.0,2002-09-30,0,2.6,50.5,2152.7000000000003,5799,972.06
209.5,37.3,46.0,2002-10-01,1,-0.7000000000000002,59.8,2516.9,5805,986.09
241.0,35.3,48.8,2002-10-02,1,-0.5,58.9,2673.4,5818,982.47
205.7,35.1,42.2,2002-10-03,0,3.5,58.4,-76.6,5863,982.44
172.4,20.6,41.8,2002-10-04,0,3.0,45.2,1322.0,5822,969.53
199.4,25.9,40.2,2002-10-05,0,5.9,47.0,-19.3,5814,972.18
227.4,35.5,49.8,2002-10-06,0,-5.6000000000000005,48.4,1681.1,5801,966.63
176.4,31.9,46.8,2002-10-07,1,-2.5000000000000004,39.4,1712.6,5780,961.38
181.2,33.3,45.4,2002-10-08,0,1.6,47.1,681.1,5803,964.16
235.3,35.9,51.2,2002-10-09,0,-4.300000000000001,45.4,1122.0,5718,982.74
155.4,25.6,40.6,2002-10-10,0,3.6999999999999997,39.9,425.6,5740,961.78
166.7,28.1,42.6,2002-10-11,1,6.0,41.3,215.3,5789,953.38
214.5,31.5,44.4,2002-10-12,0,4.1,47.8,609.7,5774,972.27
180.6,26.3,40.2,2002-10-13,0,6.6,46.5,-136.70000000000002,5809,964.34
258.6,37.7,46.2,2002-10-14,0,0.7999999999999998,54.9,792.5,5741,974.96
227.7,29.5,40.4,2002-10-15,0,6.0,51.3,24.000000000000004,5768,977.58
221.8,25.5,40.0,2002-10-16,0,10.0,48.5,-82.3,5793,985.24
253.4,38.3,47.2,2002-10-17,1,39.5,44.5,0.0,5781,646.35
282.2,40.9,44.4,2002-10-18,0,3.8000000000000003,69.6,1320.6000000000001,5820,982.53
254.7,30.9,41.8,2002-10-19,0,3.4,49.2,746.2,5745,974.96
207.2,4.8,34.6,2002-10-20,0,11.3,35.7,-16.3,5763,977.68
156.8,10.0,38.0,2002-10-21,0,10.1,32.7,0.0,5785,975.14
148.7,5.8,34.0,2002-10-22,0,18.1,26.8,0.0,5791,956.89
98.9,2.6,31.8,2002-10-23,0,10.600000000000001,28.2,0.0,5781,956.53
198.1,8.8,41.4,2002-10-24,0,11.6,34.7,0.0,5771,959.4
90.1,-5.0,33.8,2002-10-25,0,4.3,32.8,-15.5,5767,967.09
92.9,-2.4,35.2,2002-10-26,0,4.2,30.4,-22.699999999999996,5752,975.05
110.8,-12.0,25.2,2002-10-27,0,18.0,30.5,-127.9,5815,951.28
158.0,0.6,33.8,2002-10-28,0,17.200000000000003,25.3,0.0,5753,954.48
148.9,1.6,34.4,2002-10-29,0,14.2,22.6,0.0,5712,954.48
195.5,1.2,36.8,2002-10-30,0,18.0,29.6,0.0,5767,967.85
166.7,-3.6,31.8,2002-10-31,0,20.7,26.0,0.0,5746,951.86
196.4,9.2,43.2,2002-11-01,0,10.6,30.5,0.0,5727,981.95
40.7,7.8,27.7,2002-11-02,0,3.8999999999999995,34.7,-90.7,5749,959.24
114.6,19.4,42.4,2002-11-03,0,2.3000000000000003,35.3,10.400000000000006,5743,951.0
172.2,24.8,39.0,2002-11-04,0,9.7,36.4,-50.10000000000001,5725,970.05
351.1,35.4,53.6,2002-11-05,0,5.0,39.8,-257.4,5716,948.26
155.9,0.8,45.6,2002-11-06,0,-5.0,30.2,1490.3,5673,982.77
106.9,7.4,40.4,2002-11-07,0,3.9,25.4,-49.900000000000006,5724,959.4
120.3,16.4,42.8,2002-11-08,0,5.1000000000000005,34.2,-192.20000000000002,5726,956.77
101.2,23.6,40.8,2002-11-09,0,3.9000000000000004,32.3,-177.5,5716,939.96
115.6,26.7,41.0,2002-11-10,0,5.300000000000001,41.1,-218.6,5749,936.78
102.9,24.9,37.0,2002-11-11,0,13.100000000000001,36.5,0.0,5763,915.94
244.8,37.7,43.0,2002-11-12,0,10.7,59.0,0.0,5757,982.86
270.1,32.3,44.2,2002-11-13,0,12.2,46.4,0.0,5756,990.37
163.4,-1.2,31.2,2002-11-14,0,18.0,29.6,0.0,5720,980.58
62.1,-12.0,24.3,2002-11-15,0,19.8,19.4,118.5,5712,949.36
75.7,-13.4,19.5,2002-11-16,0,27.200000000000003,24.3,0.0,5754,952.16
132.5,-5.6,23.2,2002-11-17,0,29.799999999999997,24.5,0.0,5725,954.97
211.4,4.2,31.6,2002-11-18,0,20.9,30.3,0.0,5734,962.63
153.5,2.6,26.8,2002-11-19,0,28.2,31.9,0.0,5787,970.5
104.7,-2.8,21.8,2002-11-20,0,28.5,21.1,0.0,5730,946.76
67.8,-2.8,21.4,2002-11-21,0,24.7,16.6,0.0,5684,926.77
86.1,-4.2,24.8,2002-11-22,0,21.5,22.2,0.0,5739,957.47
121.4,-4.4,24.4,2002-11-23,0,27.8,26.8,0.0,5795,957.47
47.9,-13.4,23.6,2002-11-24,0,24.1,24.1,0.0,5754,960.16
38.8,-12.8,21.9,2002-11-25,0,23.4,20.6,0.0,5761,949.33
67.9,-8.0,25.7,2002-11-26,0,15.600000000000001,25.3,0.0,5784,959.82
107.0,6.0,30.4,2002-11-27,0,20.9,27.7,0.0,5742,951.8
29.1,-1.2,19.3,2002-11-28,0,16.0,18.9,0.0,5724,970.54
36.3,-8.8,22.6,2002-11-29,0,22.1,29.6,0.0,5783,962.54
29.1,-7.4,17.5,2002-11-30,0,21.9,24.2,0.0,5766,954.61
114.6,2.2,34.6,2002-12-01,0,21.9,24.8,0.0,5731,989.15
44.6,-3.2,24.3,2002-12-02,0,20.0,16.7,0.0,5697,921.01
19.4,1.4,26.1,2002-12-03,0,14.1,14.6,0.0,5666,921.16
38.8,-3.4,22.3,2002-12-04,0,26.0,17.1,0.0,5704,941.85
51.8,-3.2,32.6,2002-12-05,0,20.3,18.8,0.0,5707,936.14
50.4,-3.4,28.5,2002-12-06,0,22.0,18.0,0.0,5691,944.6
58.2,-2.0,24.9,2002-12-07,0,21.2,17.6,0.0,5712,944.32
75.7,-0.6,24.7,2002-12-08,0,22.6,14.8,0.0,5657,930.65
75.7,-1.6,13.5,2002-12-09,0,24.9,15.3,0.0,5678,930.71
64.0,0.0,29.5,2002-12-10,0,23.700000000000003,16.2,0.0,5690,944.81
52.4,-4.4,29.1,2002-12-11,0,23.2,17.4,0.0,5686,950.24
141.2,1.0,34.6,2002-12-12,0,22.200000000000003,23.9,0.0,5722,947.04
108.8,1.8,28.0,2002-12-13,0,25.5,23.7,0.0,5747,957.78
81.6,1.6,30.0,2002-12-14,0,22.2,21.8,0.0,5696,952.59
119.6,-6.0,27.4,2002-12-15,0,27.9,23.8,0.0,5747,947.04
96.4,3.2,32.4,2002-12-16,0,20.9,23.2,0.0,5697,941.51
56.3,-1.8,27.9,2002-12-17,0,23.3,20.2,0.0,5712,930.16
74.2,-2.0,36.8,2002-12-18,0,6.0,21.4,0.0,5684,962.57
98.2,11.2,36.4,2002-12-19,0,15.200000000000001,19.5,0.0,5662,960.37
157.5,21.4,41.4,2002-12-20,0,5.0,24.9,45.19999999999999,5653,959.76
153.0,10.2,37.6,2002-12-21,0,14.4,22.5,0.0,5676,954.79
111.0,6.2,37.4,2002-12-22,0,14.9,23.0,0.0,5682,952.22
102.0,2.0,31.8,2002-12-23,0,20.6,21.0,0.0,5691,957.78
73.7,-8.4,28.9,2002-12-24,0,19.3,16.6,0.0,5644,952.59
151.0,27.8,50.4,2002-12-25,0,4.3,28.1,0.0,5598,957.99
214.0,23.0,36.4,2002-12-26,0,21.5,31.1,0.0,5669,975.85
139.1,15.8,32.4,2002-12-27,0,20.4,24.4,0.0,5626,965.9
77.6,8.0,24.5,2002-12-28,0,23.8,20.1,0.0,5642,944.66
97.8,-14.8,25.8,2002-12-29,0,27.2,18.2,0.0,5635,915.94
98.7,-17.6,14.6,2002-12-30,0,44.0,18.6,0.0,5667,956.1
79.5,-3.6,10.5,2002-12-31,0,42.099999999999994,17.0,0.0,5700,945.51
174.3,23.8,34.8,2003-01-01,0,32.7,28.8,0.0,5686,993.95
52.4,6.2,17.7,2003-01-02,0,26.4,22.5,0.0,5681,976.09
33.0,9.4,24.7,2003-01-03,0,22.3,20.9,0.0,5705,947.28
151.7,8.6,33.4,2003-01-04,0,21.2,21.8,0.0,5659,950.15
180.7,0.4,28.6,2003-01-05,0,32.0,22.7,0.0,5621,958.6
58.2,-7.2,12.1,2003-01-06,0,33.2,16.5,0.0,5698,978.84
60.1,-4.2,26.3,2003-01-07,0,33.400000000000006,17.6,0.0,5711,953.48
87.3,-1.2,28.1,2003-01-08,0,28.0,17.9,0.0,5667,978.9
83.4,-3.4,20.1,2003-01-09,0,33.099999999999994,16.5,0.0,5692,956.13
77.6,0.6,22.9,2003-01-10,0,33.0,17.2,0.0,5685,971.57
79.5,-5.0,22.3,2003-01-11,0,31.7,11.7,0.0,5652,948.41
81.5,-4.8,30.5,2003-01-12,0,28.3,15.8,0.0,5686,958.82
71.8,1.2,41.4,2003-01-13,0,26.2,12.9,0.0,5648,961.56
106.7,-5.0,33.2,2003-01-14,0,27.0,11.3,0.0,5646,956.04
52.4,0.0,26.9,2003-01-15,0,19.6,9.1,0.0,5607,961.35
25.2,-6.6,23.1,2003-01-16,0,28.2,15.9,0.0,5666,986.07
15.5,-15.8,3.9,2003-01-17,0,36.6,13.8,0.0,5677,948.23
9.7,-8.2,31.0,2003-01-18,0,31.700000000000003,14.3,0.0,5734,922.23
9.7,-8.0,22.5,2003-01-19,0,26.5,15.2,0.0,5705,955.73
29.1,-10.2,15.7,2003-01-20,0,33.5,16.2,0.0,5683,922.59
94.2,-9.4,26.0,2003-01-21,0,38.4,19.5,0.0,5668,934.46
91.2,-7.4,12.7,2003-01-22,0,46.2,15.3,0.0,5681,948.9
125.8,-4.0,25.8,2003-01-23,0,37.8,18.2,0.0,5699,953.93
130.0,4.6,25.4,2003-01-24,0,36.5,23.2,0.0,5696,958.57
115.4,-0.2,28.4,2003-01-25,0,32.599999999999994,23.4,0.0,5693,961.14
177.3,9.8,41.4,2003-01-26,0,16.8,26.0,0.0,5674,973.34
115.6,6.4,33.2,2003-01-27,0,22.7,22.3,0.0,5699,971.05
150.1,18.8,42.8,2003-01-28,0,18.200000000000003,27.4,0.0,5703,947.28
138.5,24.4,46.2,2003-01-29,0,8.6,28.7,0.0,5657,988.17
354.7,41.5,54.0,2003-01-30,0,10.4,38.3,0.0,5656,975.88
223.4,33.2,48.2,2003-01-31,0,7.6,37.0,0.0,5665,983.17
290.9,27.8,51.0,2003-02-01,0,8.2,41.3,0.0,5693,985.94
171.5,28.6,48.0,2003-02-02,0,10.0,38.0,0.0,5683,965.53
151.4,22.8,45.6,2003-02-03,0,9.7,27.8,0.0,5675,970.69
170.9,22.2,49.2,2003-02-04,0,3.7,27.4,-258.3,5673,980.67
207.1,34.9,50.8,2003-02-05,0,5.3,38.2,-335.1,5659,980.73
172.0,34.5,51.0,2003-02-06,0,3.6,30.7,-151.4,5579,983.38
153.1,14.6,46.2,2003-02-07,0,6.699999999999999,29.2,0.0,5647,970.72
325.1,8.4,55.8,2003-02-08,0,2.5,30.5,-372.2,5670,970.66
331.0,26.2,57.4,2003-02-09,0,-3.5,36.1,382.0,5658,972.95
159.0,32.4,49.2,2003-02-10,0,5.8999999999999995,34.0,-214.4,5652,943.59
172.9,16.6,48.8,2003-02-11,0,4.3999999999999995,29.2,-154.9,5657,957.26
290.7,38.9,52.6,2003-02-12,1,2.0999999999999996,39.1,125.90000000000003,5641,951.86
198.6,30.4,48.0,2003-02-13,0,2.5,34.5,352.1,5656,980.55
192.0,30.2,49.8,2003-02-14,0,-4.8,29.0,1371.4,5589,987.99
63.0,-7.8,39.0,2003-02-15,0,8.600000000000001,19.1,0.0,5648,946.91
148.8,13.2,43.8,2003-02-16,0,7.7,25.5,0.0,5651,957.38
159.0,20.2,46.8,2003-02-17,0,4.3999999999999995,32.3,1.700000000000017,5676,985.58
95.0,24.4,41.6,2003-02-18,0,9.7,35.0,0.0,5708,967.91
243.1,34.7,52.2,2003-02-19,0,0.5,41.4,20.19999999999999,5704,962.3
335.3,34.6,55.6,2003-02-20,0,-0.6000000000000001,32.9,-121.10000000000001,5638,967.97
412.0,30.8,58.6,2003-02-21,0,-4.2,31.7,742.3,5625,951.77
125.0,1.4,42.8,2003-02-22,0,11.8,19.9,0.0,5640,935.84
141.4,13.2,42.0,2003-02-23,0,13.4,25.4,0.0,5683,957.78
97.1,9.8,39.8,2003-02-24,0,14.1,21.3,0.0,5670,941.27
142.2,16.4,48.8,2003-02-25,0,-4.8,27.6,1216.9,5623,977.92
191.6,27.6,49.4,2003-02-26,0,-2.5,35.7,1086.1000000000001,5695,977.77
99.8,7.2,38.2,2003-02-27,0,-0.09999999999999964,30.4,721.6999999999999,5714,964.55
104.3,21.0,43.6,2003-02-28,0,-2.9,28.4,703.7,5675,964.71
186.8,31.3,43.8,2003-03-01,0,12.4,41.8,0.0,5778,978.82
175.8,25.6,42.4,2003-03-02,0,5.2,34.4,170.1,5734,953.6
140.3,21.4,34.2,2003-03-03,0,11.299999999999999,33.6,21.099999999999994,5756,936.39
170.6,25.4,38.0,2003-03-04,0,9.200000000000001,35.0,-18.700000000000017,5747,933.58
213.6,26.9,33.6,2003-03-05,0,40.9,29.6,0.0,5730,847.21
81.5,13.5,19.9,2003-03-06,0,34.3,20.9,0.0,5679,916.12
83.4,-2.4,25.3,2003-03-07,0,28.1,18.7,0.0,5676,936.39
87.3,-0.8,15.1,2003-03-08,0,27.5,15.6,0.0,5691,930.44
44.6,0.2,30.5,2003-03-09,0,20.5,16.1,0.0,5688,902.85
54.3,3.2,39.1,2003-03-10,1,6.5,22.0,0.0,5665,957.53
218.6,22.8,51.4,2003-03-11,1,-2.3999999999999995,33.1,937.4,5711,969.99
123.7,28.7,44.4,2003-03-12,1,-3.5999999999999996,35.7,2134.7999999999997,5694,980.24
165.6,24.4,50.4,2003-03-13,1,2.6,25.5,-280.4,5648,968.12
404.1,38.4,57.6,2003-03-14,1,-4.5,40.4,1648.7,5712,982.86
308.1,29.8,51.8,2003-03-15,0,2.8,41.2,-93.89999999999999,5721,977.83
335.6,34.7,51.2,2003-03-16,0,2.8,53.2,773.4,5783,987.75
225.3,33.8,49.4,2003-03-17,0,-2.1,42.7,2018.6000000000001,5719,975.05
117.6,27.8,44.0,2003-03-18,1,-2.9,37.4,1794.1,5698,987.81
121.0,33.1,43.4,2003-03-19,0,-0.10000000000000009,36.2,1162.3,5719,985.31
175.2,31.2,49.4,2003-03-20,0,0.7000000000000002,29.8,509.8,5678,967.64
244.4,32.0,49.2,2003-03-21,0,-2.9,39.6,2774.7999999999997,5726,982.65
70.7,14.8,36.8,2003-03-22,0,2.4999999999999996,24.7,30.30000000000001,5708,962.05
86.7,11.8,41.4,2003-03-23,0,4.5,24.7,-119.8,5681,945.97
97.4,12.8,45.0,2003-03-24,0,-4.2,24.9,1552.8,5689,939.62
306.5,33.4,54.0,2003-03-25,0,-9.9,37.8,2626.8999999999996,5723,980.03
147.4,29.6,51.0,2003-03-26,1,-1.2,30.9,226.2,5697,945.85
253.7,32.2,53.6,2003-03-27,0,-4.9,39.4,1540.1,5769,967.0
5.8,27.2,47.5,2003-03-28,0,-3.7,26.0,507.2,5713,942.89
286.6,34.8,52.8,2003-03-29,1,1.5,44.5,685.8,5775,977.65
310.1,36.1,54.0,2003-03-30,1,-7.3999999999999995,39.6,1711.1000000000001,5729,974.96
353.0,29.8,43.4,2003-03-31,0,4.3999999999999995,41.2,4.9,5723,990.25
340.1,41.3,52.8,2003-04-01,0,-3.0,57.5,3118.8999999999996,5785,990.98
132.0,10.2,32.0,2003-04-02,0,9.7,35.0,-271.7,5858,955.86
237.0,35.7,50.4,2003-04-03,1,-8.3,43.0,2914.2999999999997,5771,977.34
220.7,30.2,51.6,2003-04-04,1,-9.5,43.6,3559.7999999999997,5803,972.0
179.7,33.5,47.2,2003-04-05,0,4.3,47.0,-107.29999999999998,5784,953.63
233.5,31.9,50.6,2003-04-06,0,2.3000000000000003,49.7,161.6,5784,950.82
203.2,24.0,49.2,2003-04-07,0,-4.7,43.2,3147.5,5799,979.9
222.1,30.4,49.8,2003-04-08,0,-8.0,44.4,4753.0,5767,969.35
202.4,33.1,51.0,2003-04-09,0,-11.6,44.2,4490.7,5776,961.17
247.9,36.1,54.2,2003-04-10,0,-14.100000000000001,34.6,4773.5,5741,979.93
263.4,27.8,53.4,2003-04-11,0,-12.1,37.2,4801.4,5769,985.06
310.0,30.0,53.2,2003-04-12,0,-9.700000000000001,41.0,4209.9,5786,971.97
383.6,37.4,56.4,2003-04-13,0,-9.7,44.3,6597.6,5785,961.2
233.7,35.1,51.6,2003-04-14,0,-10.700000000000001,44.2,5318.400000000001,5778,966.63
317.1,37.3,56.0,2003-04-15,1,0.8999999999999999,44.0,-79.60000000000002,5779,912.46
162.3,32.3,48.8,2003-04-16,1,-6.3999999999999995,44.8,2967.1,5784,982.53
571.5,45.5,62.6,2003-04-17,0,-10.9,52.4,3671.9,5801,977.34
59.6,13.8,38.2,2003-04-18,0,-6.2,30.2,-3.4000000000000004,5750,977.31
142.9,26.4,43.6,2003-04-19,0,-7.0,34.5,5.1,5731,985.06
227.1,30.8,52.4,2003-04-20,0,-11.0,39.4,3692.9,5780,974.69
427.6,45.3,59.6,2003-04-21,0,-15.7,47.7,5745.5,5751,982.44
312.4,33.8,53.4,2003-04-22,0,-9.0,45.9,5103.4,5749,977.28
513.2,43.7,60.4,2003-04-23,0,-9.8,54.3,-4.199999999999999,5776,977.25
159.8,24.4,48.0,2003-04-24,0,-8.4,43.8,-4.0,5778,985.03
272.9,35.2,53.4,2003-04-25,1,-6.6000000000000005,48.8,3586.2999999999997,5802,979.87
150.1,28.0,45.8,2003-04-26,0,-3.2,46.1,2753.1000000000004,5797,974.69
657.4,56.3,65.8,2003-04-27,1,-0.2999999999999998,84.7,714.8999999999999,5907,964.13
182.0,34.9,48.6,2003-04-28,1,0.10000000000000009,44.7,593.0,5751,901.84
261.9,37.7,52.6,2003-04-29,1,-8.5,54.8,2930.7,5799,969.28
481.2,44.7,59.6,2003-04-30,0,-4.6000000000000005,54.6,1007.9,5762,958.94
248.3,34.7,51.8,2003-05-01,1,-2.2,40.9,682.5999999999999,5719,983.62
419.0,34.7,42.2,2003-05-02,0,9.0,53.3,-47.2,5794,964.34
685.9,45.9,60.2,2003-05-03,0,-12.0,60.3,7.500000000000002,5795,969.16
514.3,38.5,54.4,2003-05-04,0,-4.3999999999999995,44.3,0.0,5807,950.01
137.1,15.0,31.2,2003-05-05,0,-5.2,32.5,3787.2999999999997,5723,979.84
434.3,38.4,56.6,2003-05-06,0,-9.8,52.8,4680.099999999999,5824,955.37
229.3,24.0,47.2,2003-05-07,1,-2.7,44.0,2183.4,5817,971.91
114.1,27.8,44.2,2003-05-08,1,-8.0,36.1,2530.1,5780,969.28
431.8,41.1,60.8,2003-05-09,0,-15.5,47.8,3165.1,5793,974.62
274.0,36.1,51.8,2003-05-10,0,1.5,38.6,-33.29999999999998,5724,942.64
179.9,29.0,47.8,2003-05-11,0,-2.9,45.5,1334.2,5774,982.53
170.9,23.4,39.4,2003-05-12,0,2.6000000000000005,43.0,830.1,5774,977.4
240.9,32.4,47.0,2003-05-13,0,-1.3999999999999995,48.0,1410.9,5768,977.28
262.5,36.7,46.8,2003-05-14,0,-1.5,56.0,2141.9,5799,977.25
264.9,28.4,44.6,2003-05-15,0,6.5,54.5,71.69999999999999,5837,979.93
261.1,32.7,39.2,2003-05-16,0,8.200000000000001,56.8,-2.3999999999999986,5819,966.75
169.7,26.2,43.2,2003-05-17,0,-2.6,45.4,2575.9,5804,971.88
154.0,19.6,41.2,2003-05-18,0,-3.3,40.8,-2.200000000000001,5773,971.97
131.9,30.1,43.2,2003-05-19,0,-8.5,46.7,3226.6,5760,974.59
118.8,21.4,47.6,2003-05-20,1,-6.800000000000001,48.6,1459.7,5818,966.57
361.5,43.3,54.4,2003-05-21,1,1.0999999999999996,61.2,-205.5,5839,930.04
249.1,37.5,49.8,2003-05-22,0,-1.0,51.4,558.3,5779,985.21
356.4,36.3,53.6,2003-05-23,0,2.9999999999999996,45.4,-28.0,5799,974.99
135.0,26.5,41.6,2003-05-24,0,-3.3,36.1,2318.8,5795,972.0
308.7,32.4,52.6,2003-05-25,0,-0.8000000000000003,47.7,1118.2,5800,974.87
192.9,23.2,41.4,2003-05-26,0,-1.7999999999999998,47.0,2836.6,5862,974.41
191.9,30.7,43.6,2003-05-27,0,-5.0,46.4,3941.8,5838,971.73
223.1,34.9,43.0,2003-05-28,0,-4.6,47.2,7656.900000000001,5823,945.26
175.7,26.0,38.4,2003-05-29,0,5.3,52.3,2306.2999999999997,5889,971.79
106.0,23.4,40.2,2003-05-30,0,-4.6,46.2,3539.5,5854,977.04
68.5,11.2,37.6,2003-05-31,0,-2.2,39.9,2002.9,5861,977.1
19.4,8.4,33.7,2003-06-01,0,-5.1000000000000005,32.6,9.600000000000001,5797,980.74
200.4,25.4,46.2,2003-06-02,1,-3.1000000000000005,49.5,1479.0,5825,971.82
162.8,19.2,38.8,2003-06-03,0,11.700000000000001,32.8,-288.8,5843,875.09
326.5,42.5,52.4,2003-06-04,1,-3.4,59.7,0.5,5842,949.99
283.8,32.9,50.4,2003-06-05,0,-3.0,46.6,2567.0,5793,947.68
643.7,50.7,58.4,2003-06-06,1,-12.9,65.8,5269.5,5826,949.99
475.9,45.7,53.8,2003-06-07,1,-6.8,60.4,22.1,5821,950.01
232.6,36.9,48.2,2003-06-08,0,3.6999999999999997,46.2,-73.4,5833,856.63
461.4,46.5,52.8,2003-06-09,1,-11.399999999999999,68.2,8394.4,5881,933.01
548.2,51.9,58.6,2003-06-10,1,-9.6,65.9,6975.9,5843,947.65
346.8,35.1,52.8,2003-06-11,1,-12.5,43.7,6674.5,5803,923.12
595.7,50.7,60.4,2003-06-12,0,-12.299999999999999,67.2,9.4,5873,949.99
269.8,38.9,49.2,2003-06-13,1,-7.0,50.9,5232.7,5881,920.57
205.1,28.7,37.6,2003-06-14,0,-2.5000000000000004,54.4,2403.1,5786,963.67
191.5,29.7,40.0,2003-06-15,1,14.0,41.7,0.0,5853,844.16
304.5,45.9,47.6,2003-06-16,0,0.10000000000000053,74.2,5381.9,5851,945.29
255.1,42.7,45.2,2003-06-17,0,-0.39999999999999947,62.8,4251.6,5831,949.99
247.1,35.1,38.0,2003-06-18,1,11.7,58.5,-54.4,5811,892.14
278.4,38.1,43.6,2003-06-19,1,5.8999999999999995,56.5,-12.7,5780,923.62
298.1,42.7,43.8,2003-06-20,1,3.2,73.3,2896.2000000000003,5778,947.68
314.7,37.1,43.4,2003-06-21,1,3.5,59.8,2769.8,5774,949.99
329.7,42.9,47.0,2003-06-22,1,0.8000000000000007,68.1,1339.6,5753,949.99
217.2,24.9,38.8,2003-06-23,1,5.5,36.9,566.5999999999999,5714,933.62
287.1,39.9,44.6,2003-06-24,1,2.4999999999999996,71.0,1461.3000000000002,5765,985.03
266.7,38.9,43.0,2003-06-25,0,7.800000000000001,59.9,954.3000000000001,5822,935.9
238.6,35.1,40.4,2003-06-26,1,6.2,53.1,966.4,5742,945.43
329.6,44.9,48.2,2003-06-27,1,0.1999999999999993,68.0,2371.7999999999997,5828,949.99
310.4,42.7,46.6,2003-06-28,0,-0.09999999999999964,64.8,3165.1,5807,949.99
306.3,40.9,43.4,2003-06-29,1,6.9,61.1,354.90000000000003,5842,883.27
287.9,41.7,46.8,2003-06-30,0,-1.5999999999999996,65.9,3656.2,5834,945.32
250.8,38.9,46.0,2003-07-01,0,0.5,68.2,1376.7,5777,981.5
292.4,39.1,42.6,2003-07-02,1,7.3999999999999995,71.4,632.7,5840,972.06
288.5,40.1,45.4,2003-07-03,0,1.7000000000000002,76.7,1001.5,5851,979.84
298.7,38.1,45.6,2003-07-04,1,2.5,72.0,1300.7,5842,979.84
249.2,31.5,38.2,2003-07-05,0,3.1999999999999997,55.4,1377.5,5784,985.03
246.1,33.1,45.6,2003-07-06,0,0.8999999999999995,59.3,-21.2,5838,982.47
157.3,19.7,31.8,2003-07-07,0,0.7999999999999998,45.5,952.4,5784,952.8
338.9,47.2,48.0,2003-07-08,0,7.800000000000001,87.4,-71.9,5921,974.59
255.4,33.7,43.2,2003-07-09,0,1.2999999999999998,57.3,1468.2,5853,979.78
377.9,44.1,51.0,2003-07-10,1,4.6000000000000005,84.1,772.9000000000001,5913,979.78
303.9,42.7,43.8,2003-07-11,1,5.1,73.4,0.0,5851,950.01
303.4,44.9,48.2,2003-07-12,1,-3.0999999999999996,70.4,3541.2,5851,949.99
291.2,45.5,47.0,2003-07-13,1,2.5999999999999996,86.0,1620.3000000000002,5874,979.78
246.9,40.5,43.2,2003-07-14,0,4.7,75.5,331.6,5812,990.13
239.6,30.1,38.0,2003-07-15,0,4.699999999999999,60.9,537.8,5817,979.93
252.9,40.1,44.2,2003-07-16,0,0.2999999999999998,62.4,566.6999999999999,5796,977.28
275.9,37.7,45.8,2003-07-17,0,1.5,72.9,-3.0,5846,979.87
243.8,34.1,38.0,2003-07-18,1,8.1,62.9,0.0,5848,992.6
295.6,41.9,45.4,2003-07-19,0,6.1,74.6,347.7,5874,979.87
303.8,40.1,45.4,2003-07-20,0,5.9,74.0,503.69999999999993,5871,979.87
304.3,45.3,47.0,2003-07-21,0,2.3999999999999995,81.0,1147.2,5867,977.16
268.9,44.3,45.4,2003-07-22,1,2.8,74.0,1942.3,5853,949.99
224.3,39.3,43.6,2003-07-23,1,8.1,58.7,571.4,5749,949.99
316.3,42.6,45.0,2003-07-24,0,4.9,75.7,2579.0,5851,947.68
440.9,46.1,46.8,2003-07-25,1,0.20000000000000018,82.2,3896.2,5821,947.65
338.1,37.9,38.2,2003-07-26,0,6.3999999999999995,68.0,0.0,5773,950.01
314.3,42.3,46.8,2003-07-27,0,0.5,59.8,3.8,5797,949.99
267.2,41.9,43.4,2003-07-28,0,4.6,78.3,878.1,5856,982.44
298.1,44.9,46.8,2003-07-29,0,1.2999999999999998,79.0,2029.8,5868,963.67
251.5,34.4,40.2,2003-07-30,0,10.3,67.0,0.0,5892,982.5
225.3,38.5,43.0,2003-07-31,0,0.5,68.5,1131.2,5785,979.93
226.3,37.1,39.4,2003-08-01,0,3.7,69.7,762.3,5806,987.59
287.0,35.4,37.8,2003-08-02,1,12.6,71.4,160.1,5844,987.59
306.8,41.0,44.0,2003-08-03,0,5.3,62.3,2204.3,5895,907.77
242.0,29.3,43.2,2003-08-04,0,1.3000000000000003,60.1,-2.6999999999999993,5847,979.93
241.0,37.7,43.0,2003-08-05,0,2.9999999999999996,61.9,1647.9,5851,974.62
302.4,36.8,42.0,2003-08-06,0,8.5,73.1,647.4,5889,979.84
270.7,32.7,46.6,2003-08-07,0,2.8000000000000003,57.4,1368.1,5863,985.0
293.1,42.6,43.2,2003-08-08,0,7.9,83.9,183.1,5892,971.91
311.8,41.2,42.8,2003-08-09,0,10.700000000000001,75.6,112.0,5892,938.23
286.6,41.1,43.2,2003-08-10,1,3.5,70.0,2048.8,5844,949.99
312.5,41.5,47.6,2003-08-11,0,0.7000000000000002,66.8,20.2,5859,950.01
284.1,41.9,42.6,2003-08-12,0,2.5,67.5,89.1,5866,979.84
240.2,35.7,40.0,2003-08-13,0,6.6,62.4,9.900000000000002,5862,928.51
301.2,44.6,43.4,2003-08-14,0,6.1000000000000005,77.8,0.0,5876,950.01
284.1,42.9,44.6,2003-08-15,0,4.2,83.6,-24.7,5866,987.56
275.3,41.3,45.8,2003-08-16,0,4.6,71.3,1114.5,5819,974.66
287.9,35.3,45.2,2003-08-17,0,0.7000000000000002,64.8,2619.6,5807,982.35
254.8,37.7,42.0,2003-08-18,0,3.7,68.7,1808.4,5858,971.88
201.0,27.3,37.0,2003-08-19,0,1.4000000000000004,54.4,1041.1,5816,977.16
241.3,38.3,45.8,2003-08-20,0,-1.1000000000000005,54.2,3443.7999999999997,5789,928.45
211.5,32.3,39.0,2003-08-21,1,4.9,48.8,1843.4,5827,899.94
271.3,39.7,42.6,2003-08-22,1,1.9000000000000004,58.5,2298.2,5819,913.26
338.0,40.9,43.8,2003-08-23,1,4.4,68.9,843.8,5827,985.06
284.5,39.7,45.4,2003-08-24,0,5.0,74.2,1024.4,5859,982.47
267.5,43.9,47.0,2003-08-25,1,3.0999999999999996,79.1,1846.1999999999998,5847,987.56
281.2,43.1,48.0,2003-08-26,1,0.40000000000000036,60.2,3509.7,5810,949.99
312.7,39.5,43.6,2003-08-27,0,8.8,59.7,9.9,5826,949.99
297.3,39.3,39.4,2003-08-28,1,8.799999999999999,68.6,19.0,5838,950.01
285.1,41.9,42.6,2003-08-29,0,9.7,75.6,-75.0,5851,979.97
261.0,40.5,43.0,2003-08-30,0,4.7,75.8,1570.1000000000001,5838,982.5
286.0,42.3,43.4,2003-08-31,0,3.2,66.7,3199.4,5851,942.98
254.6,40.3,41.4,2003-09-01,0,4.5,77.4,1153.7,5832,984.0
320.3,45.5,47.0,2003-09-02,0,-0.1999999999999993,75.3,4671.4,5877,949.99
283.1,43.7,47.0,2003-09-03,0,3.8000000000000003,67.1,-1.4000000000000004,5822,979.97
271.4,43.1,44.2,2003-09-04,1,6.8999999999999995,79.7,1085.1000000000001,5876,979.9
265.0,36.7,43.8,2003-09-05,0,2.5,54.8,4423.8,5827,933.42
290.1,40.1,46.2,2003-09-06,1,0.7000000000000002,66.3,2836.6000000000004,5809,982.5
365.0,46.3,51.4,2003-09-07,1,-0.7000000000000002,64.2,5957.8,5834,949.99
239.0,30.6,33.6,2003-09-08,0,20.4,57.7,0.0,5856,889.86
272.5,41.7,45.0,2003-09-09,0,1.9999999999999996,74.5,3942.2000000000003,5832,974.59
202.4,31.3,41.6,2003-09-10,1,-0.9000000000000004,55.1,4566.4,5818,977.19
240.7,40.5,43.6,2003-09-11,1,-0.09999999999999964,68.8,825.5,5816,979.78
237.8,40.9,45.2,2003-09-12,1,2.0,60.8,3934.5,5836,913.26
305.8,43.0,43.8,2003-09-13,0,10.200000000000001,80.9,1780.4,5897,979.93
280.1,41.3,49.4,2003-09-14,0,-2.2,68.1,4010.3,5818,982.47
252.0,38.1,50.4,2003-09-15,0,-6.5,59.6,4442.700000000001,5815,982.41
228.8,39.1,45.2,2003-09-16,0,0.7999999999999998,61.8,3957.0,5828,977.25
229.8,39.7,48.2,2003-09-17,0,-6.199999999999999,59.4,4733.6,5764,982.47
267.3,43.9,49.8,2003-09-18,1,-2.6000000000000005,71.2,4120.2,5815,982.5
262.8,41.7,43.8,2003-09-19,1,4.0,72.1,3681.3999999999996,5825,982.47
327.6,46.7,50.6,2003-09-20,1,-0.7000000000000002,78.2,3737.8,5842,985.0
199.4,34.7,45.0,2003-09-21,1,-0.5,57.4,3264.1,5828,971.97
207.5,37.9,46.4,2003-09-22,0,-0.5,59.5,3213.8,5815,972.0
210.8,37.1,44.2,2003-09-23,1,1.2999999999999998,68.6,3573.8,5842,977.22
260.7,43.3,50.0,2003-09-24,1,-2.8,63.6,3382.0,5784,979.93
184.2,33.1,42.2,2003-09-25,1,0.5999999999999996,51.6,2304.2999999999997,5754,980.06
300.8,46.7,49.0,2003-09-26,1,5.8,88.3,2636.7000000000003,5883,982.47
338.6,46.1,52.4,2003-09-27,0,-1.6,69.0,4142.9,5794,987.63
178.4,33.5,43.4,2003-09-28,0,-2.0999999999999996,49.3,3304.2000000000003,5736,985.15
223.5,35.9,46.8,2003-09-29,1,-2.6999999999999997,53.1,1190.5,5785,972.03
313.8,45.1,52.2,2003-09-30,1,-6.699999999999999,63.9,4586.900000000001,5786,982.44
165.2,31.5,42.8,2003-10-01,0,-0.8999999999999999,47.4,3077.9,5781,992.53
246.7,42.5,50.6,2003-10-02,0,-5.800000000000001,56.7,4525.799999999999,5781,979.9
238.7,40.1,46.6,2003-10-03,0,3.2,65.8,2081.9,5807,987.66
196.2,31.9,46.8,2003-10-04,0,-2.8,50.7,3946.1000000000004,5767,982.59
154.1,26.9,39.0,2003-10-05,1,-2.4,46.4,3932.7999999999997,5728,977.4
246.4,37.7,45.8,2003-10-06,0,1.5,54.1,1785.0,5754,980.06
302.9,35.7,37.2,2003-10-07,1,11.8,67.9,27.500000000000004,5801,987.72
258.9,37.1,42.6,2003-10-08,1,2.9999999999999996,62.9,666.8,5756,997.57
404.4,39.3,46.2,2003-10-09,0,-1.8999999999999995,64.4,3423.2,5791,995.07
275.3,33.7,43.0,2003-10-10,0,5.1000000000000005,57.2,-16.400000000000002,5810,961.47
263.9,34.4,34.8,2003-10-11,0,14.8,66.7,7.0,5863,980.0
146.3,-0.6,32.6,2003-10-12,0,6.3,28.5,141.1,5765,977.52
190.9,13.2,36.6,2003-10-13,0,2.6,43.0,233.2,5800,992.63
71.5,2.6,30.8,2003-10-14,0,6.8,32.5,-68.0,5797,953.41
153.7,29.3,37.8,2003-10-15,1,13.7,44.3,0.0,5797,956.56
230.6,39.3,45.4,2003-10-16,0,0.0,61.2,2289.2,5778,987.63
157.6,30.3,41.6,2003-10-17,0,4.6000000000000005,42.9,300.2,5756,969.77
232.2,40.9,48.0,2003-10-18,1,-4.800000000000001,58.8,814.6,5765,974.69
230.7,39.1,45.6,2003-10-19,0,-0.2999999999999998,65.8,2752.2999999999997,5790,977.34
151.4,27.1,38.8,2003-10-20,1,4.6,41.5,305.6,5747,969.71
171.6,31.7,45.2,2003-10-21,0,-2.6,43.2,2799.4,5745,966.9
230.2,29.9,37.4,2003-10-22,1,13.100000000000001,58.9,-385.5,5844,980.09
205.7,35.7,47.4,2003-10-23,1,-4.2,51.1,2547.1,5726,980.03
246.9,36.5,50.4,2003-10-24,1,-6.0,48.5,1708.0,5698,985.21
233.8,38.5,45.8,2003-10-25,1,0.7000000000000002,58.0,1633.2,5751,982.65
253.1,41.7,49.2,2003-10-26,1,-3.0,59.3,3039.1,5758,982.56
190.5,30.9,40.8,2003-10-27,0,-0.9000000000000004,47.7,2106.5,5692,985.18
247.1,37.7,39.6,2003-10-28,0,8.7,72.8,51.9,5827,990.16
212.8,40.1,47.0,2003-10-29,0,-0.10000000000000053,56.0,2053.1,5737,987.69
265.0,37.3,50.4,2003-10-30,1,-2.2,53.3,2210.5,5777,982.56
165.5,31.5,40.2,2003-10-31,0,0.5999999999999996,44.3,2470.3,5731,982.62
137.8,27.9,39.0,2003-11-01,0,-0.9000000000000004,40.5,1550.2,5674,998.6
157.1,30.7,39.0,2003-11-02,0,7.7,44.4,65.99999999999999,5755,945.02
207.6,31.3,42.2,2003-11-03,0,5.300000000000001,44.7,1130.5,5765,985.18
39.6,7.6,26.4,2003-11-04,0,16.4,24.9,0.0,5779,945.6
155.4,-3.0,36.8,2003-11-05,0,10.9,30.1,-227.70000000000002,5751,959.34
137.2,9.6,38.0,2003-11-06,0,7.3999999999999995,30.8,-18.39999999999999,5731,967.42
62.3,-1.0,26.6,2003-11-07,0,13.7,20.5,-79.7,5719,954.39
48.5,-4.6,22.5,2003-11-08,0,19.5,25.3,0.0,5796,948.53
79.9,-1.4,28.0,2003-11-09,0,14.2,21.1,0.0,5728,959.73
139.2,2.4,27.6,2003-11-10,0,20.7,26.8,0.0,5759,959.61
40.7,-3.2,23.9,2003-11-11,0,13.8,18.1,0.0,5710,946.15
130.0,8.6,37.8,2003-11-12,0,10.3,22.9,0.0,5700,962.51
119.5,6.6,34.2,2003-11-13,0,13.799999999999999,24.5,0.0,5700,973.01
25.2,11.0,40.4,2003-11-14,0,17.2,19.5,0.0,5751,940.9
173.7,13.2,43.0,2003-11-15,0,13.2,28.5,0.0,5764,948.93
125.4,8.8,31.4,2003-11-16,0,13.0,29.7,-29.6,5716,975.54
127.8,5.6,35.6,2003-11-17,0,11.7,24.3,-33.7,5659,960.28
132.7,5.2,28.6,2003-11-18,0,25.1,29.4,0.0,5800,957.35
149.6,9.8,29.2,2003-11-19,0,21.7,27.1,0.0,5756,967.88
185.3,16.0,39.8,2003-11-20,0,16.0,34.2,0.0,5758,959.82
238.9,16.6,41.2,2003-11-21,0,12.6,31.2,-116.2,5720,937.36
54.3,-0.8,13.5,2003-11-22,0,24.299999999999997,20.0,0.0,5717,927.14
141.1,3.4,32.2,2003-11-23,0,24.799999999999997,27.6,0.0,5773,957.63
103.0,2.0,30.8,2003-11-24,0,18.8,24.4,0.0,5747,946.43
201.1,5.0,37.2,2003-11-25,0,19.2,32.8,0.0,5790,962.57
72.4,10.2,29.4,2003-11-26,0,15.399999999999999,27.7,0.0,5703,965.41
63.8,12.6,31.8,2003-11-27,0,17.1,20.8,0.0,5662,947.19
54.3,2.8,15.1,2003-11-28,0,24.9,16.6,0.0,5693,938.89
153.8,8.4,29.8,2003-11-29,0,29.1,26.2,0.0,5749,932.91
67.3,2.2,26.8,2003-11-30,0,28.7,22.2,0.0,5723,952.93
88.3,6.4,28.2,2003-12-01,0,32.5,26.9,0.0,5751,987.19
77.9,-2.4,26.0,2003-12-02,0,28.9,23.1,0.0,5752,955.4
50.4,1.4,16.1,2003-12-03,0,22.4,11.9,0.0,5712,927.96
52.4,3.8,19.1,2003-12-04,0,30.5,17.4,0.0,5705,947.49
76.6,4.6,25.2,2003-12-05,0,31.4,18.6,0.0,5708,941.97
97.0,-14.8,14.9,2003-12-06,0,38.7,21.0,0.0,5774,950.0
126.5,1.2,25.8,2003-12-07,0,29.2,24.6,0.0,5707,976.03
150.7,-5.4,34.6,2003-12-08,0,21.9,27.1,0.0,5743,973.25
92.3,6.0,32.6,2003-12-09,0,19.1,23.7,0.0,5703,983.29
115.5,10.0,30.8,2003-12-10,0,18.3,26.7,0.0,5664,957.72
75.7,0.8,27.9,2003-12-11,0,19.5,17.0,0.0,5653,952.84
117.7,12.0,35.8,2003-12-12,0,16.2,27.6,0.0,5721,954.79
42.7,0.6,21.5,2003-12-13,0,26.1,21.6,0.0,5706,944.23
80.2,4.4,25.8,2003-12-14,0,22.8,25.2,0.0,5727,952.22
27.2,8.2,26.1,2003-12-15,0,17.0,18.6,0.0,5658,963.12
62.1,15.7,26.1,2003-12-16,0,16.2,37.4,0.0,5715,934.8
200.4,29.9,36.8,2003-12-17,0,16.6,45.6,0.0,5669,990.49
214.8,35.3,44.6,2003-12-18,0,11.7,44.1,0.0,5688,983.17
217.1,36.9,47.2,2003-12-19,0,6.199999999999999,41.4,43.800000000000004,5660,987.99
164.8,9.8,45.2,2003-12-20,0,7.2,25.1,0.0,5654,962.72
44.6,-4.0,28.5,2003-12-21,0,14.3,16.5,0.0,5643,944.29
92.2,-5.4,34.0,2003-12-22,0,17.5,19.8,0.0,5658,944.32
54.3,0.4,23.1,2003-12-23,0,23.4,15.5,0.0,5641,887.13
77.6,0.6,25.9,2003-12-24,0,26.1,16.4,0.0,5628,933.88
91.2,2.8,24.7,2003-12-25,0,24.5,15.5,0.0,5643,939.53
83.4,0.2,16.9,2003-12-26,0,34.8,20.6,0.0,5701,955.73
89.2,12.6,28.5,2003-12-27,0,26.5,20.5,0.0,5632,887.77
193.0,30.9,43.0,2003-12-28,0,18.3,34.7,0.0,5631,944.87
102.8,7.6,22.1,2003-12-29,0,31.1,25.6,0.0,5619,950.97
52.4,-0.6,13.7,2003-12-30,0,30.9,14.0,0.0,5658,936.87
58.2,-1.2,28.5,2003-12-31,0,26.6,16.6,0.0,5662,973.92
77.6,-3.6,23.9,2004-01-01,0,30.6,16.7,0.0,5689,992.05
71.8,0.8,34.6,2004-01-02,0,24.700000000000003,12.2,0.0,5651,942.31
89.2,-3.8,19.7,2004-01-03,0,29.0,12.1,0.0,5635,978.99
81.5,-0.2,24.3,2004-01-04,0,26.5,14.7,0.0,5627,990.86
60.1,4.0,39.6,2004-01-05,0,26.1,9.8,0.0,5585,964.34
40.7,3.2,41.2,2004-01-06,0,21.4,11.1,0.0,5596,974.2
58.2,8.6,29.5,2004-01-07,0,13.899999999999999,11.8,0.0,5626,950.82
64.0,16.2,42.9,2004-01-08,0,8.2,19.3,0.0,5590,971.18
97.0,0.8,28.3,2004-01-09,0,12.5,10.1,0.0,5591,928.73
60.1,-4.6,37.0,2004-01-10,0,29.1,10.2,0.0,5621,929.31
44.6,6.6,30.5,2004-01-11,0,25.7,17.2,0.0,5668,948.01
138.2,23.0,47.2,2004-01-12,0,10.0,22.8,0.0,5601,966.11
79.9,2.0,35.2,2004-01-13,0,17.8,17.9,0.0,5615,947.74
125.2,13.0,41.2,2004-01-14,0,12.9,19.6,0.0,5606,960.89
162.9,18.2,48.4,2004-01-15,0,9.9,29.3,0.0,5682,963.0
155.3,22.0,36.0,2004-01-16,0,17.6,27.3,0.0,5663,955.0
160.2,18.0,44.6,2004-01-17,0,8.2,23.9,0.0,5650,957.75
83.4,9.4,39.7,2004-01-18,0,15.4,14.5,0.0,5658,968.73
324.4,33.2,56.0,2004-01-19,0,-5.2,28.6,374.0,5640,957.23
77.6,-3.0,30.7,2004-01-20,0,16.4,19.5,0.0,5672,957.78
161.9,11.4,40.6,2004-01-21,0,15.7,26.0,0.0,5688,968.25
207.1,26.8,40.2,2004-01-22,0,8.299999999999999,35.0,187.4,5656,987.96
226.4,29.4,48.2,2004-01-23,0,4.7,36.8,-67.6,5676,990.43
112.6,9.6,46.0,2004-01-24,0,-4.699999999999999,25.0,530.1,5619,980.58
90.2,6.6,39.2,2004-01-25,0,9.8,16.2,0.0,5585,966.02
174.9,18.6,49.8,2004-01-26,0,7.0,22.3,0.0,5599,921.62
180.1,28.8,45.4,2004-01-27,0,16.6,26.1,0.0,5601,944.93
141.6,-6.8,36.0,2004-01-28,0,19.7,20.1,0.0,5618,950.33
62.1,-11.2,29.3,2004-01-29,0,26.9,16.5,0.0,5652,942.64
159.4,20.2,41.4,2004-01-30,0,18.1,24.1,0.0,5641,942.12
140.2,16.2,37.6,2004-01-31,0,21.5,25.3,0.0,5670,944.66
183.8,24.8,38.0,2004-02-01,0,17.2,36.5,0.0,5704,958.56
145.8,9.4,25.0,2004-02-02,0,22.1,29.6,50.9,5632,965.41
147.0,0.4,23.2,2004-02-03,0,35.900000000000006,22.1,0.0,5664,865.95
142.9,-1.0,28.2,2004-02-04,0,27.1,20.1,0.0,5633,945.24
110.6,0.0,19.1,2004-02-05,0,29.1,14.5,0.0,5600,961.35
115.3,9.4,17.6,2004-02-06,0,34.8,23.9,0.0,5591,936.39
150.2,7.2,17.4,2004-02-07,0,34.9,27.6,0.0,5622,983.41
105.4,-6.0,18.6,2004-02-08,0,34.4,21.7,0.0,5693,941.79
52.4,-8.8,21.1,2004-02-09,0,28.3,17.7,0.0,5676,912.77
81.5,-10.2,17.3,2004-02-10,0,31.4,19.9,0.0,5711,958.21
90.5,-4.0,27.2,2004-02-11,0,28.7,18.3,0.0,5691,921.46
89.2,-7.2,23.5,2004-02-12,0,19.7,10.6,0.0,5634,944.38
75.7,1.8,28.9,2004-02-13,0,14.7,9.0,0.0,5600,876.17
95.1,5.0,33.2,2004-02-14,0,21.4,19.4,0.0,5707,935.65
106.1,15.6,36.0,2004-02-15,0,20.5,20.4,0.0,5697,944.11
72.6,10.2,38.6,2004-02-16,0,9.8,19.9,0.0,5612,957.84
75.7,-5.4,33.1,2004-02-17,0,4.2,9.9,-666.3,5641,787.89
29.1,-12.8,26.7,2004-02-18,0,13.100000000000001,13.2,0.0,5721,929.09
85.7,5.6,37.2,2004-02-19,0,5.1,19.4,-41.2,5590,973.16
384.3,16.6,43.6,2004-02-20,0,0.8999999999999999,30.8,2262.5,5745,995.1
60.1,3.0,21.3,2004-02-21,0,22.4,20.7,0.0,5719,946.37
85.4,-18.6,5.1,2004-02-22,0,16.3,4.9,-1947.2,5675,739.58
89.2,-19.4,10.7,2004-02-23,0,14.0,7.1,-76.9,5681,940.44
77.6,-17.2,17.3,2004-02-24,0,15.3,8.9,0.0,5700,935.04
195.7,13.4,38.6,2004-02-25,0,20.9,31.1,0.0,5764,957.38
193.5,16.0,33.0,2004-02-26,0,24.4,35.4,0.0,5780,968.03
78.3,10.6,35.6,2004-02-27,0,17.2,20.1,0.0,5719,935.41
75.7,0.2,31.1,2004-02-28,0,5.5,15.5,0.0,5706,948.59
91.2,0.8,30.5,2004-02-29,0,10.1,16.9,-221.4,5687,937.24
127.1,12.0,33.4,2004-03-01,0,7.1,25.4,-5.799999999999983,5745,977.54
33.0,-25.1,-10.9,2004-03-02,0,41.2,2.4,0.0,5761,650.92
83.4,-12.6,13.3,2004-03-03,0,43.7,10.2,0.0,5755,805.25
71.8,-2.8,20.7,2004-03-04,0,21.9,17.1,0.0,5717,911.18
71.8,-2.2,24.7,2004-03-05,0,24.6,13.7,0.0,5780,908.43
66.0,-22.8,2.7,2004-03-06,0,22.3,3.8,0.0,5756,874.92
118.0,20.2,43.0,2004-03-07,0,4.0,23.8,0.0,5619,877.43
60.1,10.2,42.1,2004-03-08,0,5.5,13.9,-429.3,5609,895.49
56.3,23.0,39.1,2004-03-09,1,3.0,22.3,-303.0,5666,916.79
180.5,30.7,46.2,2004-03-10,0,-2.3,35.8,479.1,5642,945.66
53.3,1.2,29.0,2004-03-11,0,17.2,20.0,0.0,5704,943.53
213.8,20.4,44.2,2004-03-12,0,14.5,32.7,0.0,5785,882.55
239.6,18.0,47.8,2004-03-13,0,7.7,33.9,-164.29999999999998,5771,959.12
153.5,11.0,40.0,2004-03-14,0,6.6000000000000005,26.0,-213.5,5722,888.9
53.8,5.0,37.8,2004-03-15,0,0.0,20.1,210.40000000000003,5708,915.42
179.6,32.5,46.0,2004-03-16,0,2.8,37.5,-1077.8,5799,766.22
468.9,40.3,62.2,2004-03-17,0,-7.1,43.4,771.5000000000001,5774,977.55
94.8,15.8,39.0,2004-03-18,0,0.6000000000000001,29.6,-14.200000000000003,5708,982.74
303.7,30.6,51.8,2004-03-19,0,-10.7,36.9,2122.5,5680,977.4
289.8,20.0,37.2,2004-03-20,0,4.3,31.4,1229.6,5791,972.18
173.1,17.8,36.2,2004-03-21,0,2.8000000000000003,32.6,1166.9,5764,980.03
192.5,10.6,33.4,2004-03-22,0,9.3,27.0,205.60000000000002,5811,953.2
94.7,18.6,36.2,2004-03-23,0,2.0000000000000004,35.3,482.80000000000007,5836,955.67
184.0,25.6,40.0,2004-03-24,0,6.7,37.5,-214.9,5795,974.87
146.3,24.0,49.6,2004-03-25,0,-10.6,31.3,3705.5,5708,977.43
158.9,25.0,46.0,2004-03-26,1,-3.9000000000000004,33.4,1876.8,5736,977.43
304.6,38.7,53.2,2004-03-27,1,-2.3,45.1,1011.8000000000001,5775,950.45
553.4,43.9,63.6,2004-03-28,0,-6.0,47.2,786.5999999999999,5781,920.94
510.8,42.3,61.6,2004-03-29,1,-11.200000000000001,40.6,0.0,5760,972.31
206.3,31.6,50.8,2004-03-30,0,-2.6,31.0,523.0,5665,875.69
69.5,28.7,45.2,2004-03-31,0,-14.700000000000001,39.0,4101.3,5766,889.39
170.9,33.8,48.4,2004-04-01,0,-11.9,32.6,10.6,5745,993.92
120.6,18.6,41.2,2004-04-02,0,-2.7,23.2,2152.5,5701,985.21
368.7,24.6,34.0,2004-04-03,0,27.1,55.9,0.0,5855,945.57
513.4,32.6,58.0,2004-04-04,1,-6.8999999999999995,49.5,0.0,5781,969.35
279.8,31.9,51.4,2004-04-05,0,7.8999999999999995,36.0,0.0,5781,967.61
212.6,34.9,50.2,2004-04-06,1,-8.4,38.5,142.8,5767,995.13
165.3,34.7,50.0,2004-04-07,0,-1.3,38.2,127.5,5683,967.58
218.0,33.9,51.4,2004-04-08,0,-3.5,38.4,5.4,5668,995.19
322.5,37.7,55.6,2004-04-09,0,-2.0,44.0,141.90000000000003,5757,961.84
216.4,30.2,46.0,2004-04-10,0,-4.6,37.0,2024.8000000000002,5729,977.34
474.0,42.9,58.0,2004-04-11,0,-3.8,58.3,0.20000000000000018,5861,974.56
283.7,36.5,51.6,2004-04-12,0,-6.8,49.4,3484.6000000000004,5824,963.73
83.4,21.6,40.4,2004-04-13,0,-11.1,24.8,3418.8999999999996,5732,987.59
218.8,-3.9,33.8,2004-04-14,0,0.29999999999999893,25.3,-258.5,5961,979.84
149.2,30.9,43.6,2004-04-15,0,2.6999999999999997,25.8,1098.0,5749,780.99
149.4,9.8,24.4,2004-04-16,0,24.8,37.0,0.0,5936,739.6
140.5,23.2,45.6,2004-04-17,0,-9.5,35.7,584.3,5850,934.52
136.0,28.0,45.4,2004-04-18,1,-0.7000000000000002,26.5,142.59999999999997,5673,810.38
148.9,29.6,47.4,2004-04-19,0,-8.200000000000001,34.6,2647.7999999999997,5741,987.63
304.3,34.5,38.2,2004-04-20,1,14.1,51.1,61.599999999999994,5757,990.22
23.3,6.8,25.9,2004-04-21,1,-3.0,33.6,2682.1,5734,992.63
145.7,31.5,45.6,2004-04-22,1,8.7,42.0,-453.3,5775,951.1
96.5,20.4,37.2,2004-04-23,1,-6.3,34.8,2736.8999999999996,5708,969.41
172.9,29.1,41.6,2004-04-24,0,0.3999999999999999,36.4,-18.7,5728,947.74
181.0,17.4,48.4,2004-04-25,0,-2.2,37.1,1526.0,5755,985.18
141.0,33.3,44.0,2004-04-26,0,-2.7,45.6,1381.0,5744,987.69
150.5,26.4,45.4,2004-04-27,0,1.0,36.1,415.00000000000006,5735,945.05
232.5,37.5,49.4,2004-04-28,1,-3.3000000000000003,48.5,2656.3999999999996,5763,982.56
163.0,24.4,43.4,2004-04-29,0,-2.4000000000000004,39.8,1561.3000000000002,5731,997.57
168.9,28.5,45.4,2004-04-30,0,3.8,41.4,-8.299999999999983,5747,964.55
203.5,32.0,52.8,2004-05-01,0,-14.1,40.6,3718.6,5736,979.56
240.7,33.5,48.6,2004-05-02,0,-4.5,53.1,1945.0,5800,974.66
267.9,28.2,45.6,2004-05-03,0,1.8000000000000007,51.7,2518.0,5842,979.78
141.9,25.8,42.8,2004-05-04,0,2.5,32.0,-128.39999999999998,5797,947.53
364.1,31.0,52.2,2004-05-05,0,3.5,52.2,655.8,5890,935.23
162.4,24.0,44.8,2004-05-06,0,-2.8000000000000003,35.8,1295.3000000000002,5836,935.23
92.9,29.9,45.6,2004-05-07,0,-8.1,41.5,2031.6,5793,955.55
78.9,23.6,43.2,2004-05-08,0,-5.6000000000000005,33.9,1738.4,5796,974.59
146.4,31.5,38.8,2004-05-09,0,1.6,49.5,2553.7999999999997,5837,966.51
205.2,35.3,45.2,2004-05-10,0,-2.0,48.4,3598.7999999999997,5831,963.73
407.9,47.1,54.2,2004-05-11,0,-3.9999999999999996,68.0,1461.5,5862,952.59
521.8,52.3,57.8,2004-05-12,0,-11.600000000000001,74.9,11481.8,5923,945.23
403.9,42.7,54.2,2004-05-13,1,-8.6,60.4,8525.5,5881,935.57
418.2,48.9,55.6,2004-05-14,0,-11.6,65.2,11019.5,5893,942.85
301.9,44.3,50.8,2004-05-15,0,-6.6000000000000005,58.9,8819.6,5860,933.15
284.5,42.9,47.6,2004-05-16,0,1.4000000000000004,71.8,3358.6,5887,977.01
214.1,30.7,43.6,2004-05-17,0,-2.3999999999999995,47.2,3031.2999999999997,5823,977.13
255.2,36.0,42.2,2004-05-18,1,8.5,59.2,1836.1000000000001,5888,902.47
221.7,17.6,40.2,2004-05-19,1,4.1,38.1,19.700000000000003,5777,949.99
396.0,34.8,58.0,2004-05-20,1,-9.5,40.6,1833.5,5784,945.34
242.9,25.6,49.0,2004-05-21,0,-2.5,39.8,1267.9,5800,928.59
432.2,40.5,54.4,2004-05-22,1,1.0,61.8,239.39999999999998,5837,923.54
399.8,35.5,47.8,2004-05-23,1,-4.0,52.4,1144.5,5803,928.34
287.1,39.9,49.4,2004-05-24,1,3.5,58.8,92.0,5755,969.71
146.0,29.3,36.4,2004-05-25,0,3.3,42.8,324.9,5724,969.71
203.4,34.1,46.4,2004-05-26,1,6.7,46.4,1733.7,5812,972.31
396.1,39.6,58.4,2004-05-27,1,-20.2,50.3,2932.4,5692,997.54
207.2,30.3,45.0,2004-05-28,0,6.0,56.6,-194.2,5805,944.63
179.3,36.3,45.6,2004-05-30,0,-0.39999999999999947,61.4,-136.7,5881,958.15
811.9,62.1,68.0,2004-05-31,1,-8.2,98.9,-3.5,5866,970.9
234.0,38.1,43.8,2004-06-01,1,0.5999999999999996,57.4,1844.9,5798,981.04
199.5,27.8,41.8,2004-06-02,1,-0.20000000000000018,51.4,1491.7,5781,952.62
228.4,36.5,47.2,2004-06-03,1,-5.9,48.4,20.1,5757,979.75
44.5,21.0,39.2,2004-06-04,0,-0.7999999999999998,41.0,2287.7,5737,995.13
232.6,21.4,46.8,2004-06-05,1,2.5,51.0,4.599999999999998,5756,995.13
345.4,38.3,52.4,2004-06-06,1,-5.999999999999999,61.8,-6.799999999999999,5845,960.68
227.9,28.7,43.2,2004-06-07,1,7.7,52.3,-210.10000000000002,5854,938.58
403.6,41.5,55.0,2004-06-08,0,-7.800000000000001,62.4,2635.9,5856,955.22
216.1,40.3,47.4,2004-06-09,1,-4.0,63.3,3.4,5783,997.54
195.0,31.5,43.0,2004-06-10,1,-0.40000000000000036,55.7,2650.5,5831,984.94
133.2,25.9,37.2,2004-06-11,1,-1.9,40.7,2159.8,5814,982.38
300.3,39.1,43.6,2004-06-12,1,-1.0,71.5,2459.4,5813,979.78
438.8,44.9,46.8,2004-06-13,1,3.9000000000000004,71.4,7.5,5836,949.99
343.2,37.4,39.8,2004-06-14,1,9.5,63.6,800.5,5860,891.76
401.9,50.5,51.4,2004-06-15,1,8.299999999999999,82.6,-111.0,5867,974.72
255.7,40.1,44.0,2004-06-16,1,6.0,71.2,1130.8,5839,995.1
273.1,42.7,45.8,2004-06-17,1,2.3000000000000007,62.8,2767.4,5834,923.43
283.2,43.3,45.0,2004-06-18,1,-0.20000000000000018,66.6,4694.0,5843,930.79
299.5,43.9,44.8,2004-06-19,1,3.0,72.2,2827.4,5822,920.85
550.9,55.7,57.0,2004-06-20,0,1.6000000000000005,67.5,0.3,5808,947.65
348.2,37.2,41.8,2004-06-21,0,9.2,57.8,2151.3999999999996,5823,888.93
333.1,45.5,47.8,2004-06-22,0,2.9000000000000004,63.8,2886.7000000000003,5842,880.11
342.2,40.3,50.4,2004-06-23,0,-1.5,53.0,3128.3,5832,907.83
528.6,44.9,59.6,2004-06-24,0,-12.7,52.1,5757.3,5847,870.31
267.1,40.1,45.8,2004-06-25,1,5.0,66.8,822.8,5845,944.32
241.9,40.5,49.6,2004-06-26,1,-8.5,56.5,3197.1,5765,966.54
231.7,37.5,45.8,2004-06-27,1,2.4000000000000004,57.8,2933.0,5840,979.84
354.9,45.1,53.2,2004-06-28,0,-2.9,78.0,5114.8,5854,979.75
255.7,42.5,46.4,2004-06-29,1,5.9,75.2,1652.9,5894,982.44
205.1,35.9,44.6,2004-06-30,0,-1.0,51.1,4378.1,5804,928.37
251.7,40.1,45.8,2004-07-01,1,2.3,70.9,3337.5,5843,983.94
257.1,43.1,48.2,2004-07-02,1,-5.6000000000000005,66.8,7432.6,5822,947.65
280.6,36.1,44.2,2004-07-03,1,3.2,52.9,2968.9,5790,915.96
312.3,37.7,42.2,2004-07-04,0,6.500000000000001,61.4,2167.2,5791,945.37
302.0,40.3,47.2,2004-07-05,0,2.8000000000000003,74.4,-63.8,5882,979.78
319.4,44.9,48.8,2004-07-06,1,2.7,82.6,2261.3,5900,977.16
294.8,44.5,48.8,2004-07-07,1,-2.4,75.7,4703.7,5817,979.78
357.9,47.1,49.6,2004-07-08,0,4.1,84.7,1581.1,5860,985.03
339.1,42.7,49.4,2004-07-09,0,2.5999999999999996,76.3,-64.4,5844,979.93
263.8,38.9,45.0,2004-07-10,0,4.1000000000000005,61.8,768.1,5830,938.58
388.9,46.7,52.0,2004-07-11,1,4.0,78.0,1352.2,5874,966.66
272.4,40.1,46.2,2004-07-12,0,7.1000000000000005,67.5,646.9,5840,966.78
266.1,39.3,46.8,2004-07-13,0,2.5,68.4,2374.5,5837,987.56
281.1,37.5,44.2,2004-07-14,0,1.2000000000000002,65.2,5800.2,5854,947.68
322.0,46.5,47.8,2004-07-15,0,-0.3000000000000007,80.2,7046.8,5877,949.99
398.7,38.7,42.2,2004-07-16,1,10.6,60.7,0.6000000000000001,5831,940.7
343.9,40.5,49.8,2004-07-17,1,-3.3,66.1,3754.5,5812,979.84
331.2,41.3,44.2,2004-07-18,1,7.200000000000001,77.3,-113.0,5890,961.07
272.8,33.9,44.2,2004-07-19,1,-2.4000000000000004,47.1,1451.5,5717,949.99
324.7,44.5,49.4,2004-07-20,1,-4.1,60.4,6637.299999999999,5793,942.96
308.3,32.0,49.6,2004-07-21,0,1.5999999999999996,36.9,797.4,5764,884.47
233.6,35.1,44.2,2004-07-22,1,6.1,59.3,81.1,5824,982.62
251.5,36.5,43.4,2004-07-23,0,2.1999999999999997,63.0,3204.3,5820,979.9
229.3,36.1,43.8,2004-07-24,0,-1.5,61.0,4101.4,5786,982.47
290.2,41.1,47.8,2004-07-25,1,4.199999999999999,77.1,2656.2,5872,982.47
210.6,32.9,44.0,2004-07-26,0,-2.0,57.5,2713.8999999999996,5800,987.59
322.0,44.9,49.4,2004-07-27,0,0.5,64.6,4238.1,5834,938.23
303.7,39.9,41.8,2004-07-28,0,4.8,64.1,976.8,5815,947.68
300.1,41.4,41.4,2004-07-29,0,9.100000000000001,77.2,2035.8999999999999,5872,992.6
304.4,42.3,43.4,2004-07-30,0,5.2,82.2,2.0,5824,999.98
275.6,38.1,46.2,2004-07-31,0,-1.6999999999999997,64.9,2794.2,5806,979.78
287.7,41.5,50.2,2004-08-01,1,-1.8000000000000007,68.3,3965.4,5901,972.6
288.9,41.1,43.6,2004-08-02,0,4.2,63.1,2991.1,5815,935.79
289.4,35.7,43.6,2004-08-03,0,5.4,50.7,2517.4,5842,923.7
322.0,38.5,42.2,2004-08-04,0,6.3999999999999995,62.0,0.0,5806,950.01
325.7,44.1,46.2,2004-08-05,0,3.7,72.3,1568.5,5838,949.99
266.1,42.3,44.8,2004-08-06,0,5.3,48.8,130.5,5800,949.99
301.9,43.5,43.8,2004-08-07,0,7.3,72.0,8.700000000000001,5853,947.68
197.8,25.5,25.8,2004-08-08,0,8.799999999999999,63.3,2683.7,5828,949.99
260.4,38.7,43.2,2004-08-09,0,6.9,59.8,-16.9,5826,933.51
241.2,41.1,46.6,2004-08-10,1,-0.5999999999999996,54.1,3706.7,5740,949.99
333.2,45.4,47.0,2004-08-11,0,5.1000000000000005,76.5,0.5,5854,949.99
271.1,39.1,43.4,2004-08-12,1,0.8999999999999995,60.8,4188.4,5793,949.99
314.2,42.9,45.4,2004-08-13,0,3.5000000000000004,57.8,492.5,5767,949.99
265.9,41.5,45.8,2004-08-14,0,3.5999999999999996,59.7,1954.8,5793,949.99
289.3,41.8,41.2,2004-08-15,0,7.200000000000001,79.3,669.7,5876,947.68
270.4,44.9,48.6,2004-08-16,1,2.9,67.4,0.0,5822,950.01
280.7,36.5,43.4,2004-08-17,1,3.8000000000000007,58.3,2536.4,5861,928.4
269.1,37.1,41.4,2004-08-18,0,5.0,75.7,1233.8,5881,977.16
254.3,35.1,41.6,2004-08-19,0,7.199999999999999,53.6,2046.6,5830,928.56
301.3,39.5,42.2,2004-08-20,1,3.4000000000000004,61.2,4175.7,5785,947.68
278.2,33.9,39.6,2004-08-21,0,6.6,47.2,19.4,5785,947.73
275.7,35.5,38.4,2004-08-22,0,6.7,55.8,220.9,5769,985.03
295.1,42.9,44.8,2004-08-23,1,6.4,72.9,49.900000000000006,5827,985.03
217.2,33.3,39.2,2004-08-24,0,0.20000000000000018,54.4,764.0,5756,985.0
213.3,35.3,41.2,2004-08-25,0,0.3000000000000007,61.4,2524.3,5792,979.78
185.5,27.7,42.8,2004-08-26,1,-7.199999999999999,53.4,5237.9,5754,958.08
262.5,39.3,42.8,2004-08-27,1,5.0,58.0,1169.3000000000002,5779,926.06
237.7,40.7,43.6,2004-08-28,1,5.300000000000001,68.1,564.3,5781,979.93
231.6,37.7,41.4,2004-08-29,0,3.7,58.1,2002.2,5744,990.13
220.5,35.1,41.6,2004-08-30,1,0.7000000000000002,62.0,1066.4,5765,979.9
233.5,32.3,43.0,2004-08-31,1,0.40000000000000036,57.4,928.3000000000001,5770,974.59
197.9,34.1,41.8,2004-09-01,1,-1.5999999999999996,54.6,2501.9,5742,980.86
249.7,40.1,47.6,2004-09-02,0,1.0,50.3,-63.3,5725,985.03
147.5,27.7,39.0,2004-09-03,1,-3.1,47.1,3184.7000000000003,5694,987.63
352.4,47.3,55.0,2004-09-04,0,-4.4,51.8,-63.300000000000004,5710,985.0
199.9,35.3,41.6,2004-09-05,0,-1.1999999999999997,50.8,3906.2999999999997,5742,987.56
192.6,30.0,40.8,2004-09-06,0,-4.4,36.3,3609.3,5653,961.35
257.0,27.9,39.2,2004-09-07,0,-1.2999999999999998,50.2,799.2,5754,977.31
307.3,41.5,50.4,2004-09-08,1,1.0,70.8,2278.9,5842,971.91
205.2,37.7,48.0,2004-09-09,1,-10.4,58.1,2407.5,5755,971.79
202.4,37.3,43.8,2004-09-10,0,1.8000000000000003,55.8,394.5,5724,969.65
256.0,35.9,43.0,2004-09-11,0,7.8,44.5,0.0,5761,940.84
241.2,36.1,39.4,2004-09-12,0,11.7,60.2,2.8,5718,947.71
284.6,36.1,39.8,2004-09-13,0,11.8,54.7,-4.3,5722,945.45
199.6,31.1,36.4,2004-09-14,0,20.0,46.2,0.0,5668,941.0
216.9,35.7,42.2,2004-09-15,0,10.6,49.6,0.0,5685,940.9
209.9,35.7,40.8,2004-09-16,0,8.9,48.5,67.69999999999999,5727,938.45
263.8,32.5,38.6,2004-09-17,0,11.1,51.0,415.40000000000003,5717,995.1
293.9,38.7,49.0,2004-09-18,0,1.7000000000000002,62.7,1497.4,5832,982.53
261.5,36.3,43.4,2004-09-19,0,4.3,61.6,1718.3,5826,987.59
222.7,29.3,38.4,2004-09-20,0,8.0,56.5,-63.599999999999994,5846,977.34
195.7,28.1,39.0,2004-09-21,1,7.3,50.1,9.5,5839,961.35
130.3,17.3,34.8,2004-09-22,1,4.8,41.5,49.7,5803,972.21
230.8,33.9,42.0,2004-09-23,1,0.5999999999999996,56.3,1904.9,5748,995.1
184.9,36.1,41.2,2004-09-24,1,-2.3,58.5,3890.7,5746,999.98
46.2,15.0,22.4,2004-09-25,1,-8.200000000000001,61.4,11648.8,5834,968.37
272.8,41.3,49.0,2004-09-26,1,-11.5,72.5,7789.5,5820,999.98
158.0,30.1,42.6,2004-09-27,1,-3.6,47.6,3393.7,5730,997.57
158.1,26.5,38.2,2004-09-28,1,6.2,44.7,-55.199999999999996,5739,936.26
203.3,39.9,47.4,2004-09-29,1,-5.800000000000001,58.0,3714.7000000000003,5727,997.54
176.8,29.3,41.8,2004-09-30,0,-5.7,51.7,4869.5,5757,995.04
208.5,32.5,48.0,2004-10-01,0,-5.1,47.1,763.7,5714,966.67
197.1,33.1,44.4,2004-10-02,0,-1.2000000000000002,52.5,2596.7,5781,979.97
198.4,37.3,49.0,2004-10-03,0,-3.8000000000000003,54.2,4491.0,5787,985.09
229.5,35.1,43.0,2004-10-04,0,1.5,56.5,1167.7,5756,980.06
269.4,37.5,43.2,2004-10-05,1,2.0,56.6,469.4,5758,987.66
285.0,38.1,44.8,2004-10-06,1,2.1999999999999997,63.7,1964.6000000000001,5738,987.69
291.0,33.7,39.0,2004-10-07,0,3.1000000000000005,49.6,368.0,5768,995.13
274.6,24.2,27.6,2004-10-08,0,15.200000000000001,33.8,9.9,5742,959.27
181.3,26.9,36.8,2004-10-09,0,8.4,37.5,-2.0,5715,982.74
181.6,21.2,32.4,2004-10-10,0,11.8,45.9,161.6,5753,969.59
137.5,23.2,41.8,2004-10-11,0,2.8,34.3,242.70000000000002,5715,956.41
122.7,21.1,33.2,2004-10-12,1,5.1,34.2,226.29999999999998,5702,969.77
197.1,28.8,42.6,2004-10-13,0,0.8999999999999999,40.4,1233.5,5690,967.03
211.0,36.7,48.6,2004-10-14,0,3.8000000000000003,47.5,129.5,5747,985.24
218.6,25.8,37.6,2004-10-15,0,7.0,40.0,409.40000000000003,5683,980.21
98.5,13.6,33.2,2004-10-16,0,5.3,26.9,118.4,5702,961.96
170.4,22.6,36.0,2004-10-17,0,15.3,33.4,0.0,5743,964.86
170.5,24.3,45.0,2004-10-18,0,6.199999999999999,29.5,0.0,5724,972.76
115.0,8.0,32.0,2004-10-19,0,16.4,26.5,0.0,5763,928.18
162.0,26.2,43.8,2004-10-20,0,10.2,35.6,0.0,5757,948.41
171.2,10.4,39.6,2004-10-21,0,6.8,28.0,-7.100000000000001,5731,945.42
169.8,18.0,42.2,2004-10-22,0,12.5,32.2,0.0,5772,928.18
105.4,18.8,37.6,2004-10-23,0,7.7,26.8,-337.0,5671,841.54
98.8,10.6,31.0,2004-10-24,0,10.0,25.6,10.799999999999997,5677,948.65
180.9,33.1,48.6,2004-10-25,0,6.6,36.0,0.0,5730,956.8
156.3,26.5,40.6,2004-10-26,0,4.2,34.7,-252.79999999999998,5733,945.42
176.5,24.4,25.6,2004-10-27,0,25.0,46.1,-141.2,5741,942.52
170.9,28.7,39.8,2004-10-28,1,4.4,37.4,342.5,5680,956.47
82.1,15.2,38.0,2004-10-29,0,-1.7,25.9,911.4,5638,951.03
311.5,39.7,52.4,2004-10-30,0,4.6000000000000005,45.0,-266.3,5745,962.02
301.2,15.2,53.6,2004-10-31,0,-3.6000000000000005,27.2,62.70000000000002,5691,962.17
77.6,-2.2,24.5,2004-11-01,0,15.600000000000001,13.4,0.0,5684,998.46
79.5,-6.2,19.3,2004-11-02,0,26.9,16.3,0.0,5702,867.72
60.1,0.8,17.7,2004-11-03,0,13.2,13.3,0.0,5707,890.85
40.7,3.4,28.3,2004-11-04,0,16.0,14.7,0.0,5654,926.71
40.7,-8.4,21.3,2004-11-05,0,21.4,17.2,0.0,5717,935.41
90.2,7.2,30.4,2004-11-06,0,18.5,25.4,0.0,5737,949.26
159.0,13.0,35.0,2004-11-07,0,16.8,27.9,0.0,5759,951.68
50.4,9.1,25.2,2004-11-08,0,17.2,26.1,0.0,5736,914.05
40.7,1.8,34.9,2004-11-09,0,9.6,22.2,0.0,5704,949.11
59.4,10.4,34.2,2004-11-10,0,6.6000000000000005,25.2,-82.7,5694,948.68
138.9,8.8,34.8,2004-11-11,0,12.1,28.3,0.0,5708,967.76
124.5,10.6,36.0,2004-11-12,0,11.8,26.8,0.0,5711,970.38
73.7,13.8,28.3,2004-11-13,0,17.3,17.5,0.0,5680,924.0
46.6,3.8,28.7,2004-11-14,0,16.2,18.5,0.0,5710,946.43
48.5,-8.8,24.3,2004-11-15,0,26.2,16.0,0.0,5745,938.31
62.1,-9.8,16.5,2004-11-16,0,29.4,9.2,0.0,5734,879.07
115.3,13.2,31.8,2004-11-17,0,21.7,27.1,0.0,5732,968.09
47.0,7.2,28.6,2004-11-18,0,16.6,24.5,0.0,5747,960.04
147.1,6.2,37.4,2004-11-19,0,10.4,25.6,0.0,5708,962.54
122.4,11.2,35.6,2004-11-20,0,14.7,21.4,0.0,5727,957.23
27.2,-10.0,30.9,2004-11-21,0,10.6,16.3,0.0,5711,954.51
104.2,9.8,39.6,2004-11-22,0,7.3,22.2,-72.9,5666,957.38
131.1,11.0,37.0,2004-11-23,0,8.5,24.6,-7.6000000000000085,5653,943.25
168.5,21.6,48.6,2004-11-24,0,3.5999999999999996,32.7,-116.69999999999999,5668,983.02
111.9,8.2,33.2,2004-11-25,0,10.8,24.2,59.099999999999994,5650,962.57
88.7,16.6,40.8,2004-11-26,0,4.5,22.1,-123.50000000000001,5642,928.91
54.3,3.6,37.3,2004-11-27,0,3.6999999999999997,19.1,-17.299999999999997,5635,959.92
94.8,12.4,43.2,2004-11-28,0,-0.7999999999999998,21.9,19.700000000000003,5588,913.71
60.1,-6.4,26.9,2004-11-29,0,17.9,15.2,0.0,5629,941.24
50.4,-3.2,25.3,2004-11-30,0,16.3,16.2,0.0,5649,898.91
168.1,10.0,41.4,2004-12-01,0,18.8,26.9,0.0,5684,985.96
100.1,-5.0,27.4,2004-12-02,0,22.200000000000003,15.9,0.0,5677,856.49
77.6,-2.4,14.9,2004-12-03,0,25.6,20.1,0.0,5671,917.77
81.5,-5.6,10.5,2004-12-04,0,36.7,15.3,0.0,5674,956.04
41.7,-9.6,19.8,2004-12-05,0,28.200000000000003,19.2,0.0,5691,930.31
138.2,15.8,32.8,2004-12-06,0,25.7,27.9,0.0,5709,965.81
60.5,3.0,34.0,2004-12-07,0,16.9,20.1,0.0,5638,924.7
138.7,9.0,35.2,2004-12-08,0,21.1,28.7,0.0,5726,952.26
111.8,-2.6,26.0,2004-12-09,0,19.5,22.4,-28.900000000000002,5706,949.2
72.4,1.2,30.6,2004-12-10,0,15.5,20.8,0.0,5686,901.57
52.6,-9.2,27.4,2004-12-11,0,22.0,16.3,0.0,5662,889.21
86.7,-4.6,25.4,2004-12-12,0,19.9,21.8,-6.099999999999994,5677,940.84
145.0,5.6,45.0,2004-12-13,0,9.3,24.1,0.0,5687,965.47
59.6,-0.8,36.4,2004-12-14,0,7.5,16.3,-52.0,5606,935.65
91.0,0.4,30.4,2004-12-15,0,18.799999999999997,19.7,0.0,5683,894.91
69.8,-10.2,10.1,2004-12-16,0,35.8,10.8,0.0,5620,881.52
76.7,7.0,32.6,2004-12-17,0,13.6,22.8,0.0,5652,943.95
38.8,-6.2,28.7,2004-12-18,0,15.6,16.0,0.0,5697,891.53
106.7,6.0,45.8,2004-12-19,0,-5.9,20.1,21.9,5638,946.12
106.1,11.2,38.6,2004-12-20,0,3.2,25.6,205.7,5626,967.79
151.6,3.8,37.4,2004-12-21,0,5.2,25.7,96.6,5632,987.99
124.6,1.2,39.2,2004-12-22,0,5.9,18.0,-35.1,5613,943.8
58.2,-6.1,25.9,2004-12-23,0,12.0,11.8,-1.6,5648,985.79
153.4,28.5,39.4,2004-12-24,0,11.8,26.5,0.0,5626,983.23
194.3,28.8,44.0,2004-12-25,0,8.4,26.0,-104.39999999999999,5624,951.98
138.4,-3.0,34.6,2004-12-26,0,19.1,16.4,0.0,5583,876.63
71.8,-5.4,30.5,2004-12-27,0,23.299999999999997,15.7,0.0,5624,955.83
89.2,1.2,13.1,2004-12-28,0,43.0,10.2,0.0,5637,896.93
97.0,-8.0,21.3,2004-12-29,0,34.2,15.2,0.0,5709,897.32
95.1,-6.6,15.9,2004-12-30,0,51.1,9.7,0.0,5690,814.8
87.3,-1.4,27.3,2004-12-31,0,31.200000000000003,12.8,0.0,5670,931.23
56.3,3.2,35.5,2005-01-01,0,26.3,16.6,0.0,5649,992.59
101.4,8.8,32.8,2005-01-02,0,24.3,25.1,0.0,5688,993.0
100.0,9.2,24.2,2005-01-03,0,24.299999999999997,26.3,0.0,5704,970.54
148.0,26.2,45.2,2005-01-04,0,3.8,33.0,-235.3,5673,943.22
116.3,0.2,36.8,2005-01-05,0,12.5,16.5,0.0,5647,935.47
129.1,8.4,38.0,2005-01-06,0,10.2,22.9,0.0,5684,965.59
126.1,-5.8,19.5,2005-01-07,0,33.900000000000006,12.1,0.0,5671,847.64
83.4,-0.6,20.1,2005-01-08,0,33.099999999999994,17.1,0.0,5664,880.29
97.0,-0.6,19.1,2005-01-09,0,33.8,13.4,0.0,5627,856.12
124.2,-5.2,27.5,2005-01-10,0,23.799999999999997,12.9,0.0,5569,922.65
213.9,25.6,37.6,2005-01-11,0,14.100000000000001,32.5,3.6999999999999886,5580,965.5
152.7,13.7,27.4,2005-01-12,0,27.0,26.0,0.0,5691,990.62
123.7,-6.0,21.6,2005-01-13,0,32.599999999999994,20.5,0.0,5676,981.06
106.7,-5.6,28.5,2005-01-14,0,27.299999999999997,15.5,0.0,5659,862.96
98.9,1.4,33.9,2005-01-15,0,21.1,16.3,0.0,5633,948.1
89.2,12.4,35.1,2005-01-16,0,8.8,23.0,0.0,5625,968.34
81.9,7.2,38.4,2005-01-17,0,9.600000000000001,17.9,0.0,5609,921.1
124.7,19.6,36.2,2005-01-18,0,11.7,24.3,-263.4,5623,898.18
191.1,16.1,21.6,2005-01-19,0,32.7,39.8,0.0,5697,975.88
108.6,-4.4,32.3,2005-01-20,0,22.8,11.7,0.0,5565,878.22
93.1,5.4,25.1,2005-01-21,0,25.9,13.2,0.0,5580,849.01
139.9,23.2,42.2,2005-01-22,0,20.299999999999997,26.8,0.0,5619,930.98
130.0,11.4,45.5,2005-01-23,0,11.1,16.8,0.0,5609,921.92
181.7,15.4,37.4,2005-01-24,0,21.0,28.4,0.0,5621,944.53
152.1,9.6,32.4,2005-01-25,0,29.200000000000003,19.6,0.0,5642,937.0
185.6,22.2,45.0,2005-01-26,0,15.2,24.7,0.0,5625,933.49
145.3,23.4,49.0,2005-01-27,0,5.4,25.8,0.0,5599,935.84
121.2,22.1,46.2,2005-01-28,0,13.5,19.5,0.0,5573,897.14
145.4,22.8,45.8,2005-01-29,0,7.2,28.0,0.0,5585,997.7
128.0,26.3,43.4,2005-01-30,0,8.0,28.3,0.0,5612,938.4
94.3,23.8,39.6,2005-01-31,0,12.2,27.5,0.0,5619,949.75
131.8,16.4,42.0,2005-02-01,0,12.5,28.3,0.0,5643,959.22
201.3,24.2,39.4,2005-02-02,0,14.2,26.7,1.8000000000000003,5598,990.62
77.6,0.6,27.1,2005-02-03,0,20.0,10.2,0.0,5609,907.15
69.8,4.8,30.1,2005-02-04,0,20.3,8.4,0.0,5577,926.22
121.3,9.0,50.7,2005-02-05,0,8.9,14.2,0.0,5612,953.41
161.7,24.9,46.2,2005-02-06,0,8.3,23.0,-177.7,5586,917.71
120.7,21.2,45.4,2005-02-07,0,0.30000000000000027,24.7,505.00000000000006,5600,995.29
96.0,23.0,39.0,2005-02-08,0,10.5,22.4,0.0,5601,924.0
125.8,11.4,42.6,2005-02-09,0,3.9,18.9,-205.10000000000002,5619,932.21
104.8,-4.4,32.7,2005-02-10,0,9.5,9.5,0.0,5640,836.69
142.4,9.6,39.8,2005-02-11,0,9.8,19.6,-731.7,5694,862.29
173.2,23.8,48.6,2005-02-12,0,0.40000000000000013,25.2,-224.20000000000002,5661,916.49
258.6,29.4,52.4,2005-02-13,0,4.4,23.3,-350.8,5657,937.94
182.7,4.2,27.5,2005-02-14,0,15.7,16.0,0.0,5688,917.56
179.0,14.8,36.4,2005-02-15,0,10.399999999999999,24.3,0.0,5629,904.59
281.2,24.0,43.8,2005-02-16,0,-2.6000000000000005,29.5,1639.6999999999998,5673,982.77
241.9,23.2,43.0,2005-02-17,0,3.6,33.4,-88.9,5687,990.34
306.6,34.4,51.0,2005-02-18,0,1.4,38.3,231.7,5691,995.19
312.2,36.8,53.0,2005-02-19,0,-4.8,37.0,1686.3,5686,982.77
149.7,25.2,47.4,2005-02-20,1,-5.5,29.9,1656.3999999999999,5663,975.14
335.8,33.4,58.0,2005-02-21,0,-2.1,27.2,-162.60000000000002,5684,934.74
69.8,1.6,34.3,2005-02-22,0,6.5,13.7,0.0,5673,842.85
160.1,9.4,25.8,2005-02-23,0,19.7,23.7,-83.9,5651,916.64
159.6,18.8,43.4,2005-02-24,0,12.2,28.0,0.0,5652,952.32
100.9,-0.2,29.1,2005-02-25,0,17.799999999999997,12.9,0.0,5685,918.01
124.7,8.4,38.6,2005-02-26,0,4.8,23.5,-155.2,5658,962.54
65.8,5.4,38.2,2005-02-27,0,-0.6000000000000001,19.1,39.0,5657,937.09
95.1,-9.6,24.7,2005-02-28,0,11.1,14.6,0.0,5650,913.47
133.4,3.4,38.2,2005-03-01,0,3.8,21.8,458.0,5692,978.05
95.1,14.0,32.1,2005-03-02,0,4.3999999999999995,19.2,316.8,5657,977.86
147.2,13.4,45.4,2005-03-03,0,-0.7999999999999998,19.2,383.7,5692,912.31
116.5,17.8,37.2,2005-03-04,0,6.7,26.1,-150.39999999999998,5723,953.84
199.6,34.9,49.8,2005-03-05,0,-0.10000000000000009,32.6,115.60000000000002,5725,961.84
184.6,29.0,48.2,2005-03-06,0,-0.5999999999999996,29.2,1739.0,5653,908.86
84.7,22.4,44.0,2005-03-07,0,-7.4,21.7,-175.49999999999997,5690,915.88
296.1,32.7,55.2,2005-03-08,0,-1.3000000000000003,34.8,463.2,5711,964.92
80.2,25.3,44.0,2005-03-09,0,4.300000000000001,27.7,-444.7,5710,913.1
150.3,14.2,43.8,2005-03-10,1,-2.6,33.0,2236.2000000000003,5701,985.21
197.5,31.2,48.4,2005-03-11,1,-8.9,40.6,3105.9,5670,966.93
161.3,25.1,35.2,2005-03-12,0,17.0,34.0,0.0,5611,898.73
110.4,25.4,45.2,2005-03-13,0,1.5999999999999999,25.4,102.9,5625,975.54
90.9,15.6,31.8,2005-03-14,0,15.9,22.1,0.0,5643,839.04
105.9,17.6,43.4,2005-03-15,0,1.4000000000000001,19.7,-130.5,5623,946.46
87.2,12.4,40.6,2005-03-16,0,-3.8999999999999995,24.6,2459.3,5644,985.31
138.7,27.0,41.6,2005-03-17,1,1.1,30.3,977.6,5672,982.8
155.8,24.2,48.4,2005-03-18,1,-5.3,32.2,606.2,5670,987.78
204.4,31.6,51.2,2005-03-19,0,-5.5,28.6,1357.8999999999999,5667,987.84
231.0,27.4,48.6,2005-03-20,0,-3.6,25.8,1989.4,5744,982.62
71.8,17.8,42.7,2005-03-21,0,-0.09999999999999964,19.4,-206.29999999999998,5740,905.99
164.1,17.6,43.6,2005-03-22,1,-6.3,25.0,290.0,5727,974.9
156.1,31.5,47.8,2005-03-23,1,-4.8999999999999995,38.0,1060.1999999999998,5704,972.37
243.3,36.5,48.8,2005-03-24,0,2.9,45.5,-122.9,5672,977.98
95.1,17.6,21.9,2005-03-25,0,10.4,19.9,22.39999999999999,5636,997.63
152.1,11.2,39.2,2005-03-26,0,-2.5999999999999996,24.3,48.49999999999999,5660,985.4
104.8,14.2,30.9,2005-03-27,0,2.0,20.4,473.8,5709,977.46
119.2,16.4,39.8,2005-03-28,0,-6.1,22.2,160.8,5692,985.18
301.0,33.5,45.4,2005-03-29,0,6.6000000000000005,35.5,-51.79999999999998,5703,924.82
167.7,32.7,45.2,2005-03-30,1,-4.199999999999999,33.1,2278.6000000000004,5700,977.49
217.6,34.9,43.4,2005-03-31,0,3.5999999999999996,48.9,176.50000000000003,5719,987.81
116.3,24.8,42.8,2005-04-01,1,3.4,32.8,-70.3,5684,968.92
73.7,20.8,34.5,2005-04-02,1,-4.7,29.8,1623.0,5698,990.19
161.9,19.6,50.4,2005-04-03,0,-6.8,25.0,1124.8999999999999,5704,956.22
93.8,11.0,42.8,2005-04-04,0,3.1,22.4,-197.9,5676,913.1
44.6,11.8,33.5,2005-04-05,0,-2.6999999999999997,19.3,1057.8,5708,982.77
192.6,28.6,48.8,2005-04-06,0,-4.6,35.3,35.4,5705,980.09
154.2,23.8,45.2,2005-04-07,0,1.4000000000000001,30.0,374.79999999999995,5663,951.1
50.8,17.8,33.4,2005-04-08,0,0.7999999999999998,26.1,2056.3,5710,958.79
84.1,20.0,35.0,2005-04-09,1,8.2,34.1,2.3,5731,997.6
251.9,25.9,40.4,2005-04-10,1,3.4000000000000004,43.3,22.299999999999997,5718,961.53
242.2,33.3,49.8,2005-04-11,0,0.0,42.6,852.3000000000001,5733,956.34
182.1,21.0,41.6,2005-04-12,0,-1.0000000000000004,37.1,2435.2000000000003,5749,997.57
52.4,-3.0,23.3,2005-04-13,0,12.5,15.1,0.0,5740,945.82
58.6,3.2,29.2,2005-04-14,0,1.2999999999999998,26.8,2650.7,5763,992.63
50.4,8.0,30.5,2005-04-15,0,4.3,22.7,135.29999999999998,5738,952.8
174.9,27.6,46.4,2005-04-16,0,-1.2999999999999998,34.5,2304.2000000000003,5752,980.06
167.6,29.4,47.2,2005-04-17,0,-8.5,47.1,47.1,5767,997.54
62.4,21.2,45.0,2005-04-18,1,-7.300000000000001,23.9,4570.599999999999,5784,992.6
123.4,27.2,47.2,2005-04-19,1,-12.6,38.0,37.7,5719,963.88
50.7,19.8,42.2,2005-04-20,0,1.9000000000000001,20.0,353.00000000000006,5694,909.47
124.4,16.4,47.8,2005-04-21,0,-3.0999999999999996,20.0,235.09999999999997,5674,899.19
158.9,26.8,48.4,2005-04-22,0,-10.100000000000001,31.6,5097.0,5701,985.06
109.8,10.8,43.2,2005-04-23,0,-1.3000000000000003,25.8,2161.9,5749,972.31
147.0,30.4,46.6,2005-04-24,0,-8.5,39.8,4408.5,5719,969.35
211.9,38.3,50.6,2005-04-25,0,-11.299999999999999,44.9,5083.7,5725,974.59
97.4,24.1,39.0,2005-04-26,0,-2.3000000000000003,38.5,2668.1000000000004,5765,961.32
147.9,28.3,47.0,2005-04-27,0,-10.9,33.4,3590.0,5781,982.5
254.5,33.8,52.0,2005-04-28,1,-8.5,40.0,2900.9,5750,938.43
137.6,20.0,38.6,2005-04-29,1,-3.7,30.9,4249.1,5732,961.17
92.3,24.2,45.4,2005-04-30,0,-3.3,28.1,-191.89999999999998,5686,930.89
157.6,26.8,43.8,2005-05-01,1,1.1,33.9,693.0,5671,984.67
79.3,21.1,34.0,2005-05-02,0,8.799999999999999,37.4,-82.1,5721,924.55
230.3,34.9,50.2,2005-05-03,1,3.3,45.5,2.5,5751,982.77
136.6,19.0,43.2,2005-05-04,1,1.9999999999999996,33.2,411.1,5721,975.11
137.8,23.6,51.0,2005-05-05,1,-20.3,25.1,1535.7,5649,958.76
164.2,23.0,45.8,2005-05-06,1,1.5,34.2,615.4,5690,977.77
154.9,33.7,45.8,2005-05-07,1,3.4999999999999996,36.4,165.9,5700,987.84
216.6,32.7,47.0,2005-05-08,0,3.9999999999999996,41.2,-42.60000000000001,5759,982.71
235.5,20.2,39.4,2005-05-09,0,7.2,38.6,35.3,5764,972.31
220.0,30.7,39.2,2005-05-10,0,-4.1000000000000005,43.8,5372.4,5745,977.04
154.7,31.5,42.4,2005-05-11,0,-7.1000000000000005,37.7,2.3,5708,985.03
224.9,35.3,50.0,2005-05-12,0,-9.100000000000001,50.7,-2.9,5756,984.97
52.4,19.2,37.9,2005-05-13,0,-7.8,30.0,3286.1,5782,971.91
90.6,10.6,40.0,2005-05-14,0,-7.0,25.1,0.0,5773,958.27
111.8,15.2,47.6,2005-05-15,0,-14.6,28.6,5851.799999999999,5794,960.8
60.1,9.2,40.0,2005-05-16,1,-8.1,25.4,4380.900000000001,5813,963.73
302.8,27.4,53.4,2005-05-17,0,-9.6,42.5,3283.9,5841,960.86
368.6,36.1,53.2,2005-05-18,0,-0.7999999999999998,61.4,3469.9,5882,987.5
559.2,40.0,61.4,2005-05-19,0,-15.2,54.1,6.199999999999999,5800,966.35
657.5,41.3,58.4,2005-05-20,0,-3.0,56.8,1745.3000000000002,5804,985.15
177.8,26.3,48.4,2005-05-21,0,-6.5,41.9,2159.4,5781,969.38
303.5,34.9,51.2,2005-05-22,0,-2.7,44.8,2031.9,5748,953.08
264.8,29.6,50.0,2005-05-23,1,0.09999999999999964,49.3,1331.1,5783,990.16
146.8,33.7,42.4,2005-05-24,0,-0.3000000000000007,43.9,3572.4,5773,972.03
195.4,36.9,47.0,2005-05-25,0,0.8999999999999995,51.2,1762.3999999999999,5781,974.78
195.6,34.1,48.0,2005-05-26,0,4.300000000000001,46.0,-861.8,5817,786.54
288.9,40.7,51.4,2005-05-27,0,-5.9,55.5,4249.0,5811,974.44
189.0,36.1,48.6,2005-05-28,0,-6.300000000000001,47.9,3422.9,5777,969.19
434.3,38.9,56.4,2005-05-29,0,-8.3,61.4,5048.700000000001,5786,971.82
169.6,32.7,43.6,2005-05-30,0,-1.2999999999999998,46.3,-4.9,5780,971.91
238.1,31.1,45.0,2005-05-31,0,1.0,49.4,2842.2999999999997,5813,969.19
290.4,37.3,52.0,2005-06-01,0,-7.0,49.9,3058.7000000000003,5766,953.52
136.9,31.1,47.0,2005-06-02,0,-3.3,31.5,2418.1,5793,853.03
287.8,36.1,53.6,2005-06-03,0,22.0,39.8,0.0,5826,627.4
85.1,18.2,47.6,2005-06-04,1,-5.7,26.9,1090.5,5782,886.43
36.9,18.9,17.5,2005-06-05,0,1.1000000000000005,38.6,-12.699999999999989,5831,964.25
364.5,40.9,52.2,2005-06-06,0,8.5,56.5,-225.09999999999997,5865,985.15
196.5,26.2,47.0,2005-06-07,0,-3.4999999999999996,52.4,2773.3999999999996,5843,974.53
144.7,32.1,48.6,2005-06-08,0,4.699999999999999,36.1,-241.8,5801,911.34
185.2,23.6,48.6,2005-06-09,0,1.9,36.0,-182.60000000000002,5833,836.69
95.2,24.1,36.6,2005-06-10,0,5.8,32.1,-298.7,5811,796.56
145.7,26.1,41.0,2005-06-11,0,11.3,30.9,0.0,5817,781.54
216.5,29.0,46.2,2005-06-12,1,-3.6999999999999993,37.3,5808.400000000001,5813,947.65
110.3,20.0,40.4,2005-06-13,0,-1.7999999999999998,33.8,5399.1,5890,912.74
282.3,31.6,51.8,2005-06-14,0,-5.9,32.0,72.6,5817,930.76
142.5,20.2,43.4,2005-06-15,0,3.8,29.8,2.5,5814,889.51
312.3,31.4,52.4,2005-06-16,1,2.5,37.2,163.5,5817,796.21
154.5,30.3,41.2,2005-06-17,0,-2.3,41.2,4627.400000000001,5860,890.96
258.8,39.9,44.8,2005-06-18,1,0.2999999999999998,59.1,3857.1,5766,902.28
269.3,41.7,48.0,2005-06-19,1,2.6000000000000005,56.7,3063.6,5777,925.95
152.8,31.5,40.0,2005-06-20,0,5.300000000000001,53.3,304.3,5778,995.13
194.7,32.9,40.4,2005-06-21,0,-0.2999999999999998,55.7,2662.7999999999997,5778,979.78
217.0,27.7,39.8,2005-06-22,0,-1.5999999999999996,52.5,3224.9,5756,971.91
222.5,31.1,41.8,2005-06-23,0,-1.3000000000000007,58.3,3536.0,5780,979.75
237.0,35.6,39.6,2005-06-24,1,7.6,54.0,947.0,5810,905.35
250.1,38.5,44.4,2005-06-25,0,7.0,37.6,4.3,5772,947.71
235.5,35.5,41.0,2005-06-26,0,-0.20000000000000018,60.5,3261.6,5760,945.34
344.1,41.7,45.8,2005-06-27,0,6.2,67.3,-11.9,5759,938.29
248.6,36.5,39.0,2005-06-28,0,12.6,59.4,0.0,5692,940.81
244.3,30.9,38.0,2005-06-29,0,5.1,42.7,641.5999999999999,5635,940.81
244.7,35.9,39.8,2005-06-30,0,8.5,54.3,210.3,5728,940.76
254.0,34.7,41.0,2005-07-01,0,0.6000000000000005,59.5,1594.3,5723,965.67
298.7,35.3,38.4,2005-07-02,0,12.5,40.2,0.0,5756,887.82
266.9,40.9,43.4,2005-07-03,1,7.8,62.5,-24.5,5818,928.7
238.6,38.7,46.2,2005-07-04,1,5.0,46.3,313.3,5685,892.56
266.8,42.5,45.6,2005-07-05,0,-1.9000000000000004,61.4,5398.1,5815,928.37
202.7,32.1,39.6,2005-07-06,0,6.7,60.2,60.2,5854,985.03
218.7,32.7,42.0,2005-07-07,0,6.500000000000001,44.1,1551.6999999999998,5818,910.93
278.3,37.5,44.8,2005-07-08,0,6.500000000000001,56.7,8.2,5831,949.99
191.0,25.1,32.6,2005-07-09,0,20.1,25.4,0.0,5801,879.23
247.7,33.5,40.2,2005-07-10,0,12.5,49.7,0.0,5802,892.67
298.7,41.3,47.0,2005-07-11,0,0.3000000000000007,71.1,2472.8,5838,979.84
288.5,41.3,45.0,2005-07-12,1,0.5999999999999996,66.0,3812.2000000000003,5841,979.78
304.9,42.9,47.2,2005-07-13,1,0.7999999999999998,76.2,1559.0,5808,979.81
343.9,39.3,44.2,2005-07-14,0,10.5,59.3,-83.9,5759,987.75
271.4,36.9,43.0,2005-07-15,0,4.0,53.1,-14.700000000000003,5727,995.13
255.1,36.1,47.8,2005-07-16,0,-2.2,63.7,2977.3,5791,992.6
269.3,39.7,45.0,2005-07-17,0,3.5999999999999996,65.1,2019.4,5815,987.56
182.1,28.9,42.0,2005-07-18,0,-1.6999999999999997,48.9,2782.5,5759,979.87
196.6,29.5,40.4,2005-07-19,1,3.5999999999999996,54.2,-29.1,5765,969.5
218.3,30.3,36.4,2005-07-20,1,6.1,56.0,1844.8,5789,971.97
237.0,35.9,39.0,2005-07-21,1,7.3,67.1,1476.5,5789,985.06
290.1,45.1,49.6,2005-07-22,1,6.6,59.3,616.0,5804,879.41
340.9,45.1,51.6,2005-07-23,1,-1.3000000000000007,58.1,4019.3,5790,911.24
242.3,31.5,39.2,2005-07-24,1,10.799999999999999,47.1,13.200000000000001,5749,913.78
291.2,37.1,41.0,2005-07-25,1,10.100000000000001,41.6,28.299999999999997,5723,922.78
300.7,36.1,42.2,2005-07-26,1,8.7,57.1,27.4,5738,922.78
262.5,39.1,42.2,2005-07-27,0,10.5,55.4,570.0,5735,922.78
252.1,32.7,38.6,2005-07-28,1,12.7,42.7,8.4,5714,920.58
308.4,33.7,37.4,2005-07-29,0,16.2,50.8,-323.6,5723,916.09
297.1,33.7,38.2,2005-07-30,0,14.700000000000001,52.4,0.0,5716,911.5
288.9,30.2,35.6,2005-07-31,0,19.0,47.3,0.0,5737,906.91
180.5,25.7,34.6,2005-08-01,0,-3.2,45.9,4371.1,5705,983.57
234.6,35.1,42.0,2005-08-02,1,10.299999999999999,55.9,0.0,5727,898.13
254.9,38.5,43.4,2005-08-03,0,9.5,41.5,0.0,5673,940.84
255.4,38.1,41.8,2005-08-04,0,8.5,55.4,33.5,5726,947.71
248.5,35.0,35.2,2005-08-05,0,13.9,63.1,7.3999999999999995,5764,945.4
258.7,37.7,41.2,2005-08-06,1,11.399999999999999,54.3,0.0,5776,886.65
216.8,34.1,38.8,2005-08-07,1,17.5,49.6,0.0,5703,936.25
220.3,31.1,40.2,2005-08-08,1,7.800000000000001,48.9,198.1,5714,926.42
190.6,28.7,38.8,2005-08-09,0,8.700000000000001,44.6,-75.80000000000001,5734,889.86
248.7,34.1,38.8,2005-08-10,0,13.6,49.7,0.0,5738,866.82
236.2,34.3,44.4,2005-08-11,1,7.5,46.5,-87.3,5717,872.97
248.2,36.5,42.4,2005-08-12,0,12.6,55.1,0.0,5813,872.42
301.3,43.3,50.0,2005-08-13,0,5.1000000000000005,58.5,268.0,5784,923.81
231.7,36.3,44.4,2005-08-14,0,2.4999999999999996,51.8,2309.7,5746,916.15
216.9,30.7,35.0,2005-08-15,0,13.2,49.5,50.099999999999994,5729,940.81
173.6,28.3,39.0,2005-08-16,0,-5.0,49.3,4118.9,5717,982.44
193.6,35.3,45.6,2005-08-17,1,-3.0,59.7,3969.7,5778,982.44
177.3,28.7,39.0,2005-08-18,0,-2.9,53.8,4330.0,5749,979.78
221.1,33.9,42.2,2005-08-19,0,7.299999999999999,44.8,13.7,5751,923.92
201.3,33.3,37.6,2005-08-20,0,8.799999999999999,39.7,0.10000000000000003,5759,947.73
224.1,33.3,41.0,2005-08-21,0,12.9,47.9,0.0,5737,919.22
277.4,41.7,47.6,2005-08-22,1,0.7999999999999998,64.1,1841.6000000000001,5783,961.17
217.8,34.5,40.4,2005-08-23,1,-0.40000000000000036,59.0,4263.7,5782,977.16
216.4,33.1,43.8,2005-08-24,1,-6.1000000000000005,51.6,5166.7,5714,982.44
203.3,37.5,43.8,2005-08-25,1,-2.4999999999999996,54.9,3543.9,5725,992.63
170.0,31.5,39.4,2005-08-26,1,1.4000000000000004,55.4,1267.5,5762,972.06
148.4,33.1,40.8,2005-08-27,1,-4.300000000000001,49.6,2743.4,5717,987.63
235.0,36.1,44.8,2005-09-01,0,-10.3,60.6,8193.8,5785,937.3
237.5,35.3,43.2,2005-09-02,0,-1.4000000000000004,62.3,3341.7000000000003,5803,987.5
250.1,36.3,40.4,2005-09-03,1,-0.39999999999999947,61.7,3807.7,5754,977.19
261.7,38.3,43.2,2005-09-04,1,4.2,65.9,1143.0,5802,990.13
262.7,44.7,50.8,2005-09-05,0,35.5,65.6,0.0,5815,641.25
211.9,37.5,46.2,2005-09-06,1,-4.1,60.1,3065.5,5747,992.6
202.9,32.3,42.4,2005-09-07,1,-1.7000000000000002,48.4,3381.4,5746,977.31
219.7,37.3,45.4,2005-09-08,1,1.1999999999999997,57.8,554.0999999999999,5756,980.03
217.2,33.3,40.4,2005-09-09,1,2.5,61.4,-3.4,5767,979.9
239.3,33.1,38.8,2005-09-10,0,4.3,60.5,615.4,5747,987.66
248.8,31.9,40.2,2005-09-11,0,2.7,56.4,961.4,5741,982.56
272.1,35.3,45.4,2005-09-12,0,6.8999999999999995,47.1,-73.8,5731,936.14
307.8,36.9,42.6,2005-09-13,0,2.2,62.4,1325.3,5742,990.16
250.9,30.3,37.6,2005-09-14,0,5.4,55.2,957.6,5758,982.56
145.7,25.5,38.0,2005-09-15,1,-2.8,43.9,3099.5,5763,886.12
189.1,30.7,42.8,2005-09-16,1,-3.1,50.2,3205.9,5758,979.87
274.9,35.5,39.6,2005-09-17,0,6.4,59.3,747.2,5740,985.12
349.1,29.3,38.8,2005-09-18,0,2.6999999999999997,49.9,1599.1999999999998,5744,980.0
225.6,28.9,41.2,2005-09-19,0,-0.7999999999999998,49.7,50.9,5774,987.63
221.5,33.3,44.2,2005-09-20,0,-5.2,52.9,3079.1000000000004,5739,977.28
298.5,41.7,50.2,2005-09-21,0,1.0999999999999996,66.1,2097.6,5777,979.97
326.0,44.9,51.2,2005-09-22,1,-0.8000000000000007,66.1,2146.1000000000004,5790,987.63
227.4,38.5,45.2,2005-09-23,0,3.1000000000000005,58.3,645.4,5741,987.72
250.3,36.7,44.8,2005-09-24,0,-1.4000000000000004,42.4,43.0,5747,982.44
195.2,30.5,42.6,2005-09-25,0,-4.5,50.8,4757.9,5770,977.16
239.2,33.5,47.6,2005-09-26,0,-3.4,59.4,3689.7,5788,969.19
184.0,33.5,39.6,2005-09-27,1,-2.2,58.4,5015.099999999999,5775,974.47
177.3,31.1,37.2,2005-09-28,1,2.8,57.1,1565.4,5780,972.03
212.8,36.9,46.6,2005-09-29,1,-2.9999999999999996,57.0,2893.3,5723,979.97
199.3,35.5,42.8,2005-09-30,1,-0.3000000000000007,54.4,1889.9,5728,985.09
165.9,27.1,36.6,2005-10-01,0,2.1,53.3,1267.0,5726,997.05
286.6,41.7,51.8,2005-10-02,0,-4.800000000000001,58.6,2694.2999999999997,5754,995.1
283.5,37.7,44.2,2005-10-03,0,0.9999999999999996,58.9,2798.5,5735,990.16
229.9,35.7,42.4,2005-10-04,0,2.2,54.2,1621.1,5714,990.19
167.3,28.1,41.2,2005-10-05,0,5.9,41.3,-66.6,5708,908.86
174.4,22.6,41.4,2005-10-06,1,6.6,43.1,-19.5,5716,953.66
195.1,26.4,40.6,2005-10-07,1,3.3,44.8,886.3,5735,995.1
158.5,24.4,39.0,2005-10-08,1,2.3,40.5,1042.6000000000001,5717,982.62
132.2,27.1,35.4,2005-10-09,0,3.0,40.7,2017.8000000000002,5697,969.62
203.1,29.7,39.6,2005-10-10,0,5.9,35.9,0.0,5770,974.87
204.4,34.5,42.6,2005-10-11,0,2.7,49.4,475.40000000000003,5727,964.31
149.5,31.5,38.8,2005-10-12,0,7.0,43.8,226.29999999999998,5685,985.34
188.0,33.3,42.0,2005-10-13,1,2.3,54.9,735.0,5729,980.09
162.0,28.1,43.2,2005-10-14,0,-1.5000000000000004,40.2,1547.6,5693,982.68
117.3,24.8,40.6,2005-10-25,0,-2.5000000000000004,37.5,324.7,5691,961.47
243.3,40.7,46.6,2005-10-26,0,7.3,55.6,-6.200000000000003,5723,980.24
189.8,35.1,41.8,2005-10-27,0,4.9,44.2,279.8,5709,972.43
211.0,35.5,42.0,2005-10-28,0,6.8,53.6,-1.6999999999999957,5719,950.82
208.4,28.7,40.4,2005-10-29,0,5.3999999999999995,41.0,154.6,5722,990.25
231.9,24.4,43.0,2005-10-30,0,6.0,42.5,81.5,5711,964.61
126.9,17.3,25.8,2005-10-31,0,27.3,31.3,0.0,5748,903.98
144.6,24.7,34.8,2005-11-01,0,10.5,33.5,-74.2,5696,986.65
198.3,9.4,38.0,2005-11-02,0,10.2,25.5,46.599999999999994,5687,967.51
76.8,-7.0,29.6,2005-11-03,0,8.7,17.5,41.4,5665,956.92
172.8,14.6,36.6,2005-11-04,0,15.2,22.8,0.0,5720,928.91
69.8,-6.2,27.5,2005-11-05,0,14.7,13.3,0.0,5685,929.18
52.4,0.6,24.9,2005-11-06,0,17.7,18.6,0.0,5711,957.6
33.0,-9.2,11.5,2005-11-07,0,10.899999999999999,18.0,-114.4,5713,885.7
180.4,24.4,44.4,2005-11-08,0,9.7,34.4,0.0,5737,937.18
203.0,25.9,42.4,2005-11-09,0,9.9,34.1,0.0,5697,951.49
178.5,12.6,39.6,2005-11-10,0,16.8,29.4,0.0,5703,932.08
130.5,-0.8,31.2,2005-11-11,0,23.4,21.7,0.0,5707,908.34
102.8,3.4,36.0,2005-11-12,0,16.1,22.2,0.0,5733,949.26
99.7,-16.2,29.6,2005-11-13,0,21.8,17.0,0.0,5733,874.8
85.4,-10.2,20.5,2005-11-14,0,25.700000000000003,14.1,0.0,5717,844.89
170.2,13.0,39.4,2005-11-15,0,14.4,20.5,0.0,5719,965.5
27.2,-6.0,22.5,2005-11-16,0,18.6,18.9,0.0,5705,957.53
60.1,-6.8,11.1,2005-11-17,0,3.6,11.0,207.99999999999997,5628,867.97
69.8,-2.4,26.5,2005-11-18,0,14.4,12.9,0.0,5673,943.95
62.1,-4.8,25.1,2005-11-19,0,18.0,13.6,0.0,5691,970.81
58.2,-2.8,15.9,2005-11-20,0,23.1,13.3,0.0,5710,926.65
56.3,-3.0,22.5,2005-11-21,0,15.4,16.3,0.0,5704,965.26
111.1,-3.4,32.6,2005-11-22,0,20.3,16.4,0.0,5690,882.37
52.4,2.2,31.1,2005-11-23,0,13.6,17.7,0.0,5658,943.95
53.7,6.8,36.8,2005-11-24,0,21.3,21.3,0.0,5762,889.21
107.7,9.4,31.6,2005-11-25,0,17.9,22.2,0.0,5696,908.0
143.8,3.6,40.4,2005-11-26,0,16.0,21.9,0.0,5711,985.76
42.7,-1.2,27.1,2005-11-27,0,14.600000000000001,14.9,0.0,5647,938.4
54.3,0.4,31.9,2005-11-28,0,13.700000000000001,20.0,0.0,5692,965.59
54.3,2.0,24.3,2005-11-29,0,15.100000000000001,20.6,0.0,5696,917.4
64.0,-4.6,26.3,2005-11-30,0,23.7,17.4,0.0,5675,868.3
52.4,-4.6,17.7,2005-12-01,0,25.1,15.5,0.0,5683,984.88
86.0,13.6,35.4,2005-12-02,0,17.4,29.2,0.0,5714,917.31
48.5,16.4,28.9,2005-12-03,0,17.9,21.0,0.0,5700,955.31
79.5,20.1,26.5,2005-12-04,0,19.299999999999997,23.7,0.0,5673,885.76
69.8,4.8,21.1,2005-12-05,0,35.5,14.0,0.0,5670,867.42
90.3,13.2,34.2,2005-12-06,0,26.0,24.0,0.0,5685,899.95
34.9,2.2,25.7,2005-12-07,0,21.0,14.4,0.0,5651,893.3
71.8,-3.2,18.7,2005-12-08,0,25.299999999999997,18.2,0.0,5698,938.58
66.0,-4.4,35.0,2005-12-09,0,9.4,10.0,0.0,5653,873.92
69.8,-10.0,26.7,2005-12-10,0,25.9,13.6,0.0,5692,893.6
79.5,-7.2,24.3,2005-12-11,0,15.100000000000001,13.5,0.0,5699,873.58
52.4,-11.0,3.1,2005-12-12,0,28.6,13.2,0.0,5690,933.55
17.5,-17.0,24.4,2005-12-13,0,36.3,12.6,0.0,5700,810.59
68.6,-0.2,34.4,2005-12-14,0,18.6,17.4,0.0,5672,844.62
42.7,-7.4,11.3,2005-12-15,0,29.8,13.4,0.0,5691,869.74
113.1,17.0,39.6,2005-12-16,0,18.9,27.2,0.0,5693,929.92
126.1,18.8,39.8,2005-12-17,0,19.799999999999997,30.5,0.0,5692,911.94
31.0,-1.0,22.1,2005-12-18,0,11.4,17.4,0.0,5685,858.72
110.8,25.9,40.0,2005-12-19,0,24.5,30.6,0.0,5667,897.05
44.6,20.9,22.5,2005-12-20,0,25.6,31.7,0.0,5705,935.96
138.2,28.9,40.8,2005-12-21,0,16.700000000000003,27.9,0.0,5659,908.34
171.7,31.3,44.2,2005-12-22,0,13.1,28.9,-142.39999999999998,5582,929.82
170.2,23.2,40.8,2005-12-23,0,5.5,26.4,-182.8,5632,872.79
104.3,19.8,39.4,2005-12-24,0,14.899999999999999,20.4,0.0,5604,944.6
83.4,17.1,34.3,2005-12-25,0,14.6,18.1,-163.2,5592,955.4
71.8,-1.0,27.7,2005-12-26,0,20.5,12.3,0.0,5580,931.38
42.7,-4.8,22.5,2005-12-27,0,18.200000000000003,10.5,0.0,5615,939.65
168.9,19.4,37.0,2005-12-28,0,24.1,28.6,0.0,5632,928.02
56.3,-9.8,23.7,2005-12-29,0,16.299999999999997,16.7,0.0,5676,859.21
58.2,-3.8,19.5,2005-12-30,0,38.900000000000006,11.4,0.0,5674,788.28
118.9,9.2,28.0,2005-12-31,0,23.6,25.5,0.0,5683,968.4
38.8,-6.8,13.8,2006-01-01,0,35.0,10.6,0.0,5689,988.11
138.2,14.9,39.4,2006-01-02,0,14.1,23.1,0.0,5745,880.66
40.7,1.0,25.5,2006-01-03,0,21.799999999999997,12.2,0.0,5654,944.81
40.7,1.8,27.3,2006-01-04,0,28.1,12.5,0.0,5676,941.79
58.2,1.8,24.7,2006-01-05,0,21.9,13.4,0.0,5672,875.86
62.1,0.1,25.2,2006-01-06,0,27.9,12.2,0.0,5675,951.9
54.3,2.6,25.9,2006-01-07,0,31.7,12.9,0.0,5661,937.64
58.2,6.4,36.3,2006-01-08,0,28.8,15.7,0.0,5707,956.83
79.5,7.1,22.5,2006-01-09,0,26.1,16.2,0.0,5683,983.63
66.0,-5.5,16.1,2006-01-10,0,41.4,6.6,0.0,5639,949.33
79.5,-0.8,18.8,2006-01-11,0,35.3,8.9,0.0,5687,893.1
83.4,-3.1,17.7,2006-01-12,0,36.3,10.8,0.0,5682,845.1
93.1,-3.9,17.0,2006-01-13,0,27.6,8.8,0.0,5620,922.81
112.7,-2.1,32.8,2006-01-14,0,15.399999999999999,16.8,0.0,5658,877.7
93.1,-1.5,30.1,2006-01-15,0,22.700000000000003,16.8,0.0,5659,883.47
116.4,-17.4,10.3,2006-01-16,0,39.5,12.2,0.0,5711,947.83
106.6,3.3,29.1,2006-01-17,0,18.2,21.3,0.0,5690,954.94
133.7,-0.8,33.2,2006-01-18,0,19.4,16.1,0.0,5685,985.76
89.2,-16.2,21.5,2006-01-20,0,29.5,11.2,0.0,5680,756.82
124.2,-0.4,17.1,2006-01-21,0,34.2,15.1,0.0,5708,756.82
107.6,-2.1,30.7,2006-01-22,0,28.9,12.2,0.0,5695,756.12
118.3,-12.3,28.4,2006-01-23,0,33.0,10.9,0.0,5668,894.06
168.3,30.0,43.9,2006-01-24,0,19.4,22.7,0.0,5602,913.25
71.8,-44.0,30.8,2006-01-25,0,25.9,10.4,0.0,5625,859.76
66.0,-5.1,19.1,2006-01-26,0,23.9,7.5,0.0,5666,814.01
77.6,-14.0,32.9,2006-01-27,0,25.6,13.1,0.0,5684,858.41
38.8,-28.4,30.9,2006-01-28,0,26.7,15.5,0.0,5702,879.84
62.1,2.8,27.1,2006-01-29,0,20.3,15.1,0.0,5700,770.98
56.3,-50.4,20.5,2006-01-30,0,17.5,15.2,0.0,5737,821.49
42.7,-50.5,20.8,2006-01-31,0,24.5,19.9,0.0,5725,911.39
44.6,3.5,29.8,2006-02-01,0,28.0,22.9,0.0,5722,995.27
95.8,1.4,33.5,2006-02-02,0,5.6000000000000005,21.0,-165.9,5702,878.1
79.5,8.4,39.5,2006-02-04,0,-2.1,10.9,-765.7,5577,790.54
52.4,13.0,46.8,2006-02-05,0,-7.300000000000001,18.0,-105.69999999999999,5580,901.08
33.0,2.8,28.8,2006-02-06,0,8.5,20.0,139.20000000000005,5713,962.3
31.0,2.9,29.2,2006-02-07,0,10.8,14.5,0.0,5652,957.72
96.6,11.2,35.9,2006-02-08,0,3.4999999999999996,27.1,-88.80000000000001,5699,899.4
111.1,1.7,36.2,2006-02-09,0,5.5,20.9,-79.89999999999999,5668,896.56
58.2,-0.2,34.1,2006-02-11,0,8.8,13.5,0.0,5699,782.3
151.8,11.3,43.7,2006-02-12,0,11.2,25.3,0.0,5693,767.14
127.0,20.0,44.5,2006-02-13,0,-3.5999999999999996,28.3,1785.8,5638,997.6
85.4,5.4,30.4,2006-02-14,0,5.5,19.8,-71.19999999999999,5729,985.37
106.1,6.2,44.6,2006-02-15,0,-7.5,17.6,2066.0,5696,977.62
60.1,19.3,31.3,2006-02-16,0,7.7,30.2,-135.6,5772,964.46
85.4,15.8,32.4,2006-02-17,0,2.2,24.3,1236.7,5743,990.22
93.1,2.6,10.1,2006-02-18,0,31.099999999999998,28.4,-24.199999999999996,5740,997.63
193.3,6.8,35.1,2006-02-19,0,10.899999999999999,27.0,9.5,5736,967.3
168.3,0.6,36.5,2006-02-20,0,4.1000000000000005,29.2,15.3,5768,997.57
58.2,-13.9,21.6,2006-02-21,0,5.6,19.0,-1.2000000000000028,5727,961.84
124.8,7.3,36.2,2006-02-22,0,5.0,25.1,-70.1,5740,997.6
115.7,3.9,31.9,2006-02-23,0,7.7,13.7,-89.69999999999999,5734,961.99
109.4,13.5,33.3,2006-02-24,0,13.3,23.6,0.0,5764,819.35
57.8,-0.2,34.8,2006-02-25,0,19.0,12.5,0.0,5708,752.58
71.8,10.0,34.2,2006-02-26,0,19.1,18.7,0.0,5757,739.18
90.4,21.2,40.8,2006-02-27,0,8.8,23.3,0.0,5746,760.3
77.6,-39.1,36.6,2006-03-01,0,-0.2999999999999998,30.3,-135.5,5700,980.36
117.7,25.6,42.9,2006-03-02,0,1.6999999999999997,31.8,20.5,5758,914.93
150.1,26.9,45.9,2006-03-03,0,12.100000000000001,32.7,0.0,5666,831.71
245.0,-23.2,50.2,2006-03-04,0,-9.4,35.7,1856.6,5691,840.76
64.7,28.2,41.1,2006-03-05,0,5.3999999999999995,33.4,-124.7,5650,943.31
52.4,19.8,34.7,2006-03-06,0,0.6000000000000001,26.3,840.8,5665,980.42
98.7,25.2,39.7,2006-03-07,0,1.8999999999999995,28.7,1235.7,5702,964.58
152.1,13.4,46.6,2006-03-08,0,-1.0999999999999996,29.2,1498.6,5701,992.72
174.9,29.4,50.3,2006-03-09,0,-0.5,30.9,374.80000000000007,5715,926.75
414.1,33.9,59.4,2006-03-10,0,0.0,37.7,463.29999999999995,5741,906.14
321.1,35.2,53.1,2006-03-11,0,5.3,32.3,0.0,5662,883.9
218.9,34.6,50.1,2006-03-12,0,-0.3999999999999999,31.8,-51.4,5617,973.07
144.5,25.4,38.0,2006-03-13,0,7.4,36.1,163.9,5652,967.64
130.7,30.0,42.3,2006-03-14,0,9.4,29.2,-143.70000000000002,5659,962.95
161.5,2.2,36.7,2006-03-15,0,6.1,29.1,111.6,5733,972.4
177.9,27.9,45.0,2006-03-16,0,4.5,30.5,-196.4,5681,934.31
163.9,21.2,43.4,2006-03-17,0,2.8,30.2,-79.9,5631,963.47
66.4,16.5,37.1,2006-03-18,0,9.7,18.0,0.0,5631,894.88
56.3,-4.4,24.4,2006-03-19,0,26.1,9.7,0.0,5685,845.36
40.7,-4.0,27.8,2006-03-20,0,16.2,15.4,0.0,5678,949.72
81.5,5.4,29.9,2006-03-21,0,7.4,19.8,-72.8,5699,977.86
126.8,26.1,39.0,2006-03-22,0,0.0,24.4,445.40000000000003,5686,942.28
60.1,9.2,31.3,2006-03-23,0,10.7,14.2,0.0,5705,858.41
64.0,-2.1,29.9,2006-03-24,0,12.7,12.9,0.0,5709,873.58
64.0,0.7,24.1,2006-03-25,0,24.3,16.7,0.0,5758,838.42
118.5,15.3,40.0,2006-03-26,0,-1.9000000000000001,21.4,791.7,5629,939.22
153.9,29.5,45.5,2006-03-27,0,-5.0,30.5,2035.6999999999998,5745,964.16
102.9,25.8,49.5,2006-03-28,0,-6.2,25.2,1770.7,5678,905.81
220.9,29.0,51.9,2006-03-29,0,-1.5,30.3,-72.19999999999999,5678,868.27
231.1,32.6,53.2,2006-03-30,0,-0.4999999999999998,32.7,-267.1,5753,879.56
72.4,12.5,46.7,2006-03-31,0,-10.9,24.7,-2.9000000000000004,5684,980.15
97.1,8.4,43.4,2006-04-01,0,-7.699999999999999,25.5,2423.5,5714,989.47
91.9,-35.9,47.1,2006-04-02,0,-7.3,27.6,0.3,5707,990.22
124.0,24.8,44.6,2006-04-03,0,-11.6,31.7,4194.1,5666,961.35
218.6,25.8,48.4,2006-04-04,0,-4.1000000000000005,36.9,2.7,5726,972.18
166.8,25.4,38.3,2006-04-05,0,1.8999999999999995,40.6,13.299999999999999,5743,977.37
230.2,30.0,48.4,2006-04-06,0,-4.7,37.3,4.399999999999999,5713,966.72
129.0,22.6,44.0,2006-04-07,0,-4.4,32.5,2.4000000000000004,5735,977.37
211.7,31.6,51.1,2006-04-08,1,-9.4,38.7,4107.9,5742,966.69
83.8,16.0,37.1,2006-04-09,0,-1.0999999999999996,33.5,22.5,5740,974.78
174.2,29.9,43.9,2006-04-10,0,-0.7999999999999998,42.4,9.3,5769,969.47
64.0,7.8,38.8,2006-04-11,0,-16.1,18.8,5311.0,5559,969.53
187.2,31.5,45.8,2006-04-12,0,-2.2,45.8,-0.5999999999999996,5770,966.63
122.9,32.1,45.6,2006-04-13,1,-6.199999999999999,36.5,-6.699999999999999,5747,955.7
180.7,29.7,48.5,2006-04-14,0,-4.0,37.7,-5.9,5734,972.31
189.3,32.4,50.3,2006-04-15,0,-9.5,37.2,13.3,5721,982.56
148.3,28.8,46.7,2006-04-16,0,-6.0,35.1,1840.5,5757,955.92
128.8,22.1,48.7,2006-04-17,0,-5.1000000000000005,31.4,1561.7,5708,961.81
225.4,35.2,45.5,2006-04-18,1,7.1000000000000005,46.8,-2372.0,5654,952.64
153.3,25.1,40.6,2006-04-19,0,1.2999999999999998,33.4,714.3,5659,980.33
146.7,18.8,42.8,2006-04-20,0,0.4999999999999998,25.4,-120.30000000000001,5704,835.31
189.1,27.9,46.4,2006-04-21,0,-1.1,33.4,703.5,5699,959.09
102.6,22.0,45.1,2006-04-22,1,-5.5,26.5,1752.7,5725,966.9
130.0,26.5,44.9,2006-04-23,0,3.8999999999999995,29.3,-130.5,5671,951.52
147.2,24.3,46.2,2006-04-24,1,-8.6,31.9,3.6999999999999997,5683,990.13
184.8,33.7,47.3,2006-04-25,0,6.7,39.3,-272.59999999999997,5738,953.78
301.6,36.7,55.7,2006-04-26,0,-7.8,38.7,843.0,5739,953.38
230.8,29.3,52.9,2006-04-27,0,-11.1,39.0,2015.5,5736,972.12
134.4,29.1,48.0,2006-04-28,0,-6.9,42.2,-36.4,5745,982.56
272.9,25.8,53.8,2006-04-29,0,-14.4,33.7,2692.3999999999996,5719,972.03
159.8,13.6,45.5,2006-04-30,0,14.1,32.8,0.0,5757,797.59
23.3,7.1,36.6,2006-05-01,0,-8.1,32.6,-8.1,5762,965.84
94.0,29.9,40.0,2006-05-02,0,-1.5000000000000004,37.0,1123.8999999999999,5758,972.12
112.2,5.2,36.8,2006-05-03,0,-7.5,35.8,4533.2,5719,881.82
322.2,33.8,52.9,2006-05-04,0,-10.7,43.6,3390.2000000000003,5667,888.96
137.6,21.4,43.2,2006-05-05,0,-7.0,32.4,1721.4,5759,860.46
283.2,34.6,52.8,2006-05-06,0,-7.7,38.0,-13.399999999999999,5757,958.45
266.8,28.4,46.9,2006-05-07,1,1.1999999999999997,50.5,468.9,5781,953.2
150.8,31.4,42.9,2006-05-08,1,8.6,41.1,-233.2,5735,964.77
219.4,33.7,45.2,2006-05-09,1,0.10000000000000009,52.5,-12.5,5745,972.18
231.2,32.0,46.5,2006-05-10,0,7.8,44.2,-198.09999999999997,5808,974.9
205.1,-26.4,48.5,2006-05-11,0,2.7,45.9,-36.099999999999994,5772,985.24
228.6,30.5,42.6,2006-05-12,1,-4.0,57.1,97.1,5768,982.38
177.6,30.9,45.3,2006-05-13,1,5.3,44.1,-149.0,5763,972.46
241.2,34.7,50.4,2006-05-14,0,-4.4,45.1,932.9,5753,982.59
267.1,39.3,50.4,2006-05-15,0,-1.7000000000000002,46.7,-13.400000000000002,5744,980.06
190.9,28.1,50.4,2006-05-16,0,-5.5,37.9,-12.700000000000001,5713,969.71
201.6,23.5,45.3,2006-05-17,0,-2.9,37.5,1726.6,5744,974.81
165.4,13.8,43.0,2006-05-18,0,-6.4,35.4,355.4,5760,963.91
185.8,14.6,43.7,2006-05-19,1,-0.09999999999999964,35.2,1953.7,5796,958.42
191.8,30.9,44.8,2006-05-20,1,4.1000000000000005,47.6,-98.4,5790,941.97
158.4,29.2,42.1,2006-05-21,0,1.3999999999999995,45.2,683.8,5747,985.15
176.3,32.8,42.6,2006-05-22,0,1.5000000000000004,48.9,1172.1,5762,977.37
166.3,31.1,42.5,2006-05-23,0,-2.9000000000000004,48.7,1940.7,5756,972.0
208.5,31.6,45.3,2006-05-24,0,-0.9000000000000004,44.2,2081.0,5777,968.27
268.7,36.9,52.6,2006-05-25,1,-12.899999999999999,41.1,1356.7,5711,933.9
244.2,35.4,40.7,2006-05-26,0,2.4,57.9,1351.3999999999999,5769,985.0
229.0,36.9,40.6,2006-05-27,1,4.1,63.6,1116.8,5796,979.84
250.1,36.0,43.8,2006-05-28,1,-3.1,62.6,2789.3,5766,979.81
265.0,34.2,40.0,2006-05-29,1,6.6000000000000005,58.1,379.8,5769,963.9
240.6,32.3,44.5,2006-05-30,1,0.09999999999999964,44.9,-7.6000000000000005,5723,946.42
324.8,32.8,52.5,2006-05-31,0,-1.9000000000000004,49.0,691.7,5770,939.82
251.6,40.9,43.4,2006-06-05,0,6.3,70.9,-44.2,5798,976.39
170.0,26.3,34.3,2006-06-06,0,-0.6999999999999993,41.0,797.3,5735,983.63
262.8,39.1,43.1,2006-06-07,0,0.09999999999999964,68.8,2048.7,5759,984.61
257.0,31.4,38.5,2006-06-08,1,6.3999999999999995,60.0,302.40000000000003,5778,965.76
196.7,28.3,34.0,2006-06-09,1,3.4999999999999996,49.4,1109.0,5697,980.6
306.7,44.1,46.9,2006-06-10,0,0.2999999999999998,82.5,3007.6,5828,991.58
335.8,42.7,52.4,2006-06-11,0,-6.9,60.3,-116.0,5805,978.79
274.7,39.3,51.2,2006-06-12,0,-8.1,55.2,3372.6,5798,957.11
267.7,43.2,51.6,2006-06-13,0,-10.6,60.5,-5.199999999999999,5798,970.75
185.7,31.4,42.8,2006-06-14,1,0.20000000000000018,47.7,22.099999999999998,5741,997.57
352.0,41.9,53.7,2006-06-15,1,-9.2,59.4,1.4000000000000001,5725,995.01
196.6,32.7,40.1,2006-06-16,1,-6.1000000000000005,55.4,10.1,5819,997.51
201.7,39.8,48.9,2006-06-17,0,-0.6999999999999997,48.9,791.1,5722,997.57
178.4,25.0,41.6,2006-06-18,0,-3.8000000000000003,48.4,4.0,5812,997.51
168.2,15.7,42.1,2006-06-19,0,-3.0999999999999996,38.3,2718.6,5753,997.54
141.8,24.1,37.8,2006-06-20,0,1.6,40.5,-43.9,5753,974.69
271.7,39.9,47.3,2006-06-21,0,-2.4999999999999996,66.9,4072.6,5775,997.54
199.0,29.9,39.8,2006-06-22,0,7.9,54.6,0.0,5796,891.19
315.4,45.8,48.8,2006-06-23,1,-1.2000000000000002,95.1,-97.9,5895,982.22
233.4,33.4,38.8,2006-06-24,1,4.699999999999999,67.4,1474.0,5796,997.54
164.1,27.9,39.0,2006-06-25,1,-1.9000000000000004,51.4,1465.4,5748,979.87
219.1,36.4,42.1,2006-06-26,0,-5.299999999999999,71.2,5896.900000000001,5807,995.01
222.9,36.1,42.2,2006-06-27,0,-0.5,70.2,3685.7,5802,997.54
264.0,40.0,44.0,2006-06-28,0,-4.1,77.5,3.9,5828,997.51
227.7,33.4,40.3,2006-06-29,0,3.3,58.2,3706.5,5828,957.66
295.0,42.1,44.4,2006-06-30,0,-1.2000000000000002,74.2,4870.6,5790,914.41
322.1,43.5,44.2,2006-07-01,0,1.4,79.5,4073.6000000000004,5766,927.27
363.8,42.0,42.1,2006-07-03,0,6.9,80.8,-19.30000000000001,5780,959.8
319.7,38.4,40.7,2006-07-04,0,7.4,77.6,186.70000000000002,5796,976.9
266.7,37.4,39.5,2006-07-05,0,2.2,67.2,3263.0,5810,997.54
270.5,39.6,40.0,2006-07-06,0,3.7,75.8,1519.2,5817,992.54
286.3,43.8,46.5,2006-07-07,1,1.5,71.0,1849.8,5814,950.66
300.9,31.9,24.1,2006-07-08,1,22.7,96.6,16.599999999999998,5867,989.61
361.3,48.1,51.9,2006-07-09,0,0.5,81.8,1736.6999999999998,5779,984.61
296.8,38.8,40.5,2006-07-10,0,5.8,75.0,2353.2,5769,984.61
257.3,33.0,37.0,2006-07-11,1,7.0,46.3,-13.700000000000001,5765,989.67
231.3,30.3,35.6,2006-07-12,0,6.1,42.9,371.09999999999997,5765,993.09
402.5,47.7,56.0,2006-07-13,0,-12.299999999999999,72.9,4808.5,5770,989.58
283.8,41.2,42.2,2006-07-14,0,4.800000000000001,76.0,-6.999999999999998,5797,988.6
277.6,38.4,42.5,2006-07-15,1,4.8,73.5,1554.1999999999998,5768,982.63
292.7,39.9,44.3,2006-07-16,0,10.8,60.8,68.5,5740,953.7
314.9,37.3,42.8,2006-07-17,0,4.4,75.9,33.400000000000006,5783,975.94
299.8,43.2,44.5,2006-07-18,1,2.9,78.0,1404.5,5797,979.42
237.8,35.7,41.1,2006-07-26,0,-2.8000000000000007,69.5,6068.9,5814,952.64
319.1,35.7,40.9,2006-08-02,0,-1.2000000000000002,70.1,4738.0,5818,971.1
246.2,37.7,47.5,2006-08-09,1,-3.8000000000000003,63.4,5247.0,5820,970.59
311.8,36.0,42.8,2006-08-16,0,1.1,66.2,2451.6,5756,962.59
212.9,-33.9,34.8,2006-08-23,0,1.5,64.0,-23.9,5831,957.26
268.3,-31.9,46.1,2006-08-30,1,-4.9,68.2,-1.4,5807,992.51
168.7,23.8,41.1,2006-09-06,0,-6.5,52.0,4323.0,5801,915.55
210.4,38.2,46.4,2006-09-13,0,-6.1,49.7,260.8,5790,937.79
267.4,43.2,48.4,2006-09-20,0,2.4,74.2,-1.0999999999999999,5765,990.63
249.1,-25.8,48.8,2006-09-27,0,-5.5,55.5,5857.8,5786,979.75
206.8,36.4,45.7,2006-10-03,0,-4.5,53.9,-2.4,5744,983.1
291.5,40.1,49.6,2006-10-05,0,0.7000000000000002,65.6,1264.0,5795,977.34
260.9,18.9,39.4,2006-10-06,0,6.2,47.3,2124.0,5816,997.54
198.9,19.3,42.0,2006-10-11,1,-0.30000000000000027,44.1,4212.5,5784,916.58
172.4,23.3,39.6,2006-10-12,1,2.5,37.3,1954.4,5754,944.41
198.7,34.5,43.7,2006-10-13,1,-3.1,51.5,4075.5,5759,997.54
301.6,44.6,50.8,2006-10-14,1,-10.0,69.9,8306.900000000001,5807,997.51
222.8,33.5,47.5,2006-10-15,0,3.5,45.6,-99.7,5742,933.27
162.0,29.3,43.0,2006-10-16,0,-5.700000000000001,39.9,387.9,5739,997.57
207.6,34.8,44.1,2006-10-17,1,0.10000000000000053,54.9,685.5999999999999,5777,952.87
227.8,-35.0,50.8,2006-10-18,1,-6.6,45.0,1861.2,5728,956.01
114.4,32.2,45.5,2006-10-19,1,-6.199999999999999,42.4,1692.8999999999999,5699,997.57
149.6,32.5,42.5,2006-10-20,0,-4.5,42.1,2844.3,5709,990.13
126.9,23.8,46.5,2006-10-21,0,-6.0,34.6,0.19999999999999998,5679,997.57
97.5,-41.5,38.0,2006-10-22,0,0.0,29.1,-58.7,5712,987.72
34.2,12.8,34.1,2006-10-23,0,3.6,25.8,-81.6,5685,964.68
101.5,24.6,36.9,2006-10-24,0,2.8000000000000003,33.0,1219.3000000000002,5676,945.18
25.2,19.8,36.5,2006-10-26,0,2.4999999999999996,34.2,-27.69999999999999,5708,988.17
42.7,8.2,28.1,2006-10-27,0,3.8999999999999995,26.1,229.6,5679,948.38
34.9,26.7,38.6,2006-10-28,0,-6.1000000000000005,37.3,2541.9,5716,923.81
53.4,26.3,39.1,2006-10-29,0,4.0,37.1,7.299999999999983,5681,937.12
112.2,29.0,42.1,2006-10-30,0,1.9,43.2,202.20000000000002,5711,942.34
118.9,28.0,43.1,2006-10-31,0,2.5,39.0,397.4,5674,942.67
159.0,5.4,39.8,2006-11-22,0,4.1,24.7,-262.90000000000003,5697,855.25
120.9,10.3,37.4,2006-11-23,0,11.2,28.3,0.0,5670,952.01
159.0,8.3,39.9,2006-11-24,0,2.5,33.8,-53.599999999999994,5712,990.28
187.4,13.5,43.9,2006-11-25,0,4.5,31.5,-6.1000000000000085,5676,958.93
219.2,29.9,38.9,2006-11-26,0,10.2,33.7,250.7,5658,997.6
163.6,1.4,33.9,2006-11-27,0,18.7,22.9,0.0,5685,952.08
241.2,7.4,38.0,2006-11-28,0,31.599999999999998,30.5,0.0,5764,786.21
105.0,0.0,23.4,2006-11-29,0,28.8,25.7,0.0,5743,907.32
160.1,10.1,38.2,2006-11-30,0,21.7,27.4,0.0,5701,882.37
107.9,6.6,30.0,2006-12-01,0,27.1,27.3,0.0,5720,999.68
77.6,2.4,25.6,2006-12-02,0,36.0,15.9,0.0,5722,827.1
56.3,-2.0,19.0,2006-12-03,0,32.2,9.8,0.0,5671,754.07
61.7,7.2,26.7,2006-12-04,0,30.700000000000003,25.8,0.0,5745,921.21
33.0,0.2,25.1,2006-12-05,0,17.4,20.8,0.0,5749,923.23
199.7,29.8,33.9,2006-12-29,0,21.1,32.4,-156.89999999999998,5702,985.58
70.3,-54.0,25.9,2006-12-30,0,18.0,17.4,-160.0,5653,881.42
97.3,-2.6,22.7,2006-12-31,0,31.1,21.0,0.0,5707,915.51
89.6,-4.7,21.1,2007-01-01,0,37.400000000000006,21.8,0.0,5716,1002.25
114.8,-6.9,19.4,2007-01-02,0,28.299999999999997,19.3,0.0,5720,855.91
75.7,-5.6,10.2,2007-01-03,0,32.3,16.3,0.0,5719,899.95
87.3,-4.2,12.0,2007-01-04,0,44.6,18.4,0.0,5748,925.86
83.4,-1.8,16.5,2007-01-05,0,38.099999999999994,18.6,0.0,5746,993.06
67.9,2.7,27.0,2007-01-06,0,21.4,18.1,0.0,5723,904.8
62.1,2.2,23.9,2007-01-07,0,34.0,13.5,0.0,5659,931.93
133.3,-0.6,29.9,2007-01-08,0,23.5,20.9,0.0,5688,871.69
119.0,-2.6,23.3,2007-01-09,0,38.4,17.6,0.0,5697,884.48
69.8,-1.4,19.1,2007-01-10,0,30.3,14.1,0.0,5687,858.78
121.5,2.7,29.6,2007-01-11,0,33.9,17.4,0.0,5707,831.44
138.6,7.7,31.0,2007-01-12,0,21.2,21.4,0.0,5669,868.03
157.6,-1.2,34.3,2007-01-13,0,20.0,21.7,-192.4,5684,904.98
188.5,3.0,40.4,2007-01-14,0,22.7,25.3,0.0,5625,842.79
216.3,21.1,36.7,2007-01-15,0,30.5,23.4,0.0,5638,873.67
114.1,27.9,43.7,2007-02-03,0,-1.0999999999999999,31.9,32.0,5619,1006.19
149.2,32.3,46.9,2007-02-04,1,-4.8999999999999995,28.5,14.600000000000001,5620,992.78
284.1,35.5,52.8,2007-02-05,0,-3.6999999999999997,32.6,1609.2,5626,977.86
182.6,35.0,48.3,2007-02-06,0,6.699999999999999,36.5,-22.400000000000006,5628,997.67
295.3,31.7,55.5,2007-02-07,0,-3.2,33.1,758.9000000000001,5606,970.41
273.0,35.7,50.9,2007-02-08,1,6.0,36.3,-81.99999999999999,5629,983.17
139.1,31.9,43.5,2007-02-09,0,12.8,31.1,-127.6,5603,997.67
125.1,10.5,42.6,2007-02-10,0,5.8,26.4,-11.1,5645,985.55
135.8,23.7,42.7,2007-02-11,0,2.2,32.2,-31.8,5656,967.54
191.2,31.9,48.4,2007-02-12,0,7.0,31.4,-97.7,5590,978.35
155.3,34.7,47.5,2007-02-13,0,6.1000000000000005,38.5,-160.7,5621,938.03
210.2,32.1,46.3,2007-02-14,0,5.2,35.4,7.0,5585,997.67
137.8,28.3,42.8,2007-04-01,0,1.0,32.4,-112.10000000000001,5776,988.88
192.2,29.0,43.7,2007-04-02,0,4.8999999999999995,38.9,-279.20000000000005,5842,977.46
148.1,28.4,46.1,2007-04-03,0,-3.3,33.0,-1.2999999999999998,5739,982.62
381.0,31.2,55.0,2007-04-04,0,-16.5,45.4,6806.4,5790,931.29
201.1,23.2,43.7,2007-04-05,0,-0.10000000000000053,33.8,2148.2000000000003,5786,966.81
173.9,29.8,47.8,2007-04-06,0,-2.0000000000000004,37.3,-5.9,5746,969.59
256.5,36.4,52.0,2007-04-07,0,-0.6999999999999997,41.6,1229.6999999999998,5748,950.52
284.5,36.5,52.6,2007-04-08,0,-1.2999999999999998,40.9,880.4,5757,933.15
184.8,29.8,51.7,2007-04-09,1,1.0,33.3,-444.0,5749,867.87
314.4,35.6,46.9,2007-04-10,0,8.3,43.4,-232.1,5700,956.92
226.6,31.4,50.7,2007-04-11,0,-1.0,34.4,773.9,5716,930.53
271.1,28.6,54.0,2007-04-12,0,-9.5,33.0,-21.8,5697,958.94
216.0,-33.5,46.9,2007-04-13,0,8.7,37.6,-220.89999999999998,5709,975.81
254.1,33.3,53.1,2007-04-14,0,-7.3999999999999995,39.5,-6.8,5710,974.96
250.4,36.5,51.5,2007-04-15,0,-1.3000000000000003,40.7,-2.5,5730,980.18
156.5,19.4,47.1,2007-04-16,0,-2.0000000000000004,31.4,1272.1,5715,961.69
192.7,34.3,50.1,2007-04-17,0,-3.8,37.2,1901.8,5730,958.82
132.7,28.4,44.1,2007-04-18,0,3.6,39.5,18.60000000000001,5707,961.28
120.7,31.1,42.6,2007-04-19,0,3.4000000000000004,38.4,521.6,5722,964.55
42.9,23.9,35.8,2007-04-20,0,-0.10000000000000009,45.6,940.7,5750,964.16
200.8,31.3,43.8,2007-04-21,0,-1.6000000000000005,52.0,1224.6,5761,955.73
261.3,36.8,46.9,2007-04-22,0,-1.6,45.7,-9.200000000000001,5747,969.41
271.6,34.7,53.6,2007-04-23,0,-18.7,39.5,4322.400000000001,5758,830.46
341.8,36.6,55.7,2007-04-24,0,-12.100000000000001,42.2,-1.7999999999999998,5742,972.03
413.5,39.0,60.0,2007-04-25,0,-16.4,44.7,-11.7,5734,963.94
340.0,38.0,55.5,2007-04-26,0,-9.5,45.2,1762.8999999999999,5766,961.23
342.5,40.0,54.3,2007-04-27,1,-8.1,48.3,1536.0,5743,961.32
304.2,36.2,53.5,2007-04-28,0,-3.6000000000000005,45.2,253.3,5738,969.71
231.3,23.0,51.4,2007-04-29,0,-4.199999999999999,40.4,1332.3,5776,961.41
332.5,26.5,54.3,2007-04-30,0,-13.1,41.2,3419.7000000000003,5756,912.63
208.3,33.8,45.9,2007-05-16,1,-0.7000000000000002,53.8,-35.5,5774,974.22
176.5,35.5,42.2,2007-05-17,1,2.8000000000000003,54.2,642.4,5756,982.59
175.1,31.6,42.3,2007-05-18,0,3.3000000000000003,51.8,-8.5,5713,982.77
223.6,36.8,44.0,2007-05-19,0,-1.2999999999999998,62.4,2808.0,5782,987.5
242.1,40.6,48.4,2007-05-20,0,-3.0,69.1,-34.4,5806,971.82
238.8,38.6,49.5,2007-05-21,1,-3.1999999999999997,55.4,-43.0,5753,971.09
268.5,-16.6,49.9,2007-05-22,0,5.3,56.4,-161.39999999999998,5787,978.11
322.1,45.1,54.4,2007-05-23,0,-2.8000000000000003,57.5,598.2,5789,917.22
286.6,-18.9,50.2,2007-05-24,0,-3.9000000000000004,68.1,-2.4000000000000004,5832,997.51
425.1,43.0,56.0,2007-05-25,0,-11.799999999999999,66.0,30.599999999999998,5818,992.48
448.5,39.0,62.2,2007-05-26,0,-24.0,48.1,-127.6,5796,979.6
287.5,39.4,47.9,2007-05-27,0,-5.300000000000001,70.7,20.599999999999998,5853,992.42
447.2,-12.0,59.2,2007-05-28,0,-14.8,59.7,15.6,5776,997.54
299.9,-29.4,52.4,2007-05-29,0,-13.5,62.7,1.5,5854,997.48
247.4,38.6,50.7,2007-05-30,0,-10.299999999999999,55.4,-5.5,5796,974.41
380.5,45.8,53.7,2007-05-31,0,-10.4,66.2,20.4,5846,997.48
140.4,14.9,42.6,2007-06-03,0,-5.800000000000001,42.5,-77.0,5820,892.14
242.7,38.4,44.7,2007-06-04,0,-1.2999999999999998,41.3,-71.10000000000001,5775,955.73
333.8,39.1,52.8,2007-06-05,0,-0.19999999999999973,56.8,271.6,5798,958.6
251.5,37.9,48.8,2007-06-06,0,-4.300000000000001,52.0,542.0,5780,946.64
271.3,39.3,46.8,2007-06-08,0,2.9,61.4,-14.8,5808,964.78
262.9,37.6,47.8,2007-06-09,0,1.2000000000000002,55.6,18.5,5768,973.32
323.0,38.3,50.2,2007-06-10,0,-6.5,58.1,3342.6000000000004,5752,940.98
302.3,35.2,42.4,2007-06-11,1,2.4,60.2,2894.1,5782,949.81
242.3,37.3,40.0,2007-06-12,1,8.299999999999999,58.8,-31.80000000000001,5772,946.56
371.7,45.0,51.3,2007-06-13,1,-0.6000000000000005,63.1,2529.7999999999997,5769,973.76
210.6,31.0,41.2,2007-06-14,0,7.5,49.6,-124.1,5794,956.72
396.8,41.9,54.6,2007-06-22,1,-10.799999999999999,59.2,1711.9,5742,963.82
250.8,33.8,38.5,2007-06-24,0,6.8999999999999995,63.8,178.5,5774,974.78
236.2,32.5,38.5,2007-06-25,0,4.699999999999999,63.2,1309.5,5780,987.59
251.7,35.1,39.6,2007-06-26,0,7.5,61.0,1.0999999999999996,5794,957.21
257.0,30.1,43.7,2007-06-27,0,3.2,52.7,12.500000000000002,5748,963.9
276.1,35.0,39.1,2007-06-28,0,8.7,59.5,40.2,5704,976.87
315.1,36.1,39.3,2007-06-29,0,9.0,59.4,-14.4,5702,959.57
253.8,39.8,45.7,2007-06-30,0,0.6999999999999993,63.6,2436.3,5751,966.37
258.5,30.9,38.8,2007-07-01,0,5.3,63.6,-2.1,5760,990.6
253.9,38.4,43.5,2007-07-02,1,3.6999999999999997,62.0,681.3,5743,955.29
312.1,34.7,40.9,2007-07-04,0,4.4,64.0,1244.0,5702,973.23
242.8,31.3,33.7,2007-07-07,0,10.1,49.6,0.0,5691,972.06
242.9,28.3,37.9,2007-07-08,0,9.3,56.9,18.299999999999997,5770,973.85
255.8,35.6,39.6,2007-07-09,0,8.6,48.3,-95.6,5763,928.83
229.7,33.3,40.8,2007-07-10,0,4.1,56.2,559.6,5757,887.52
202.8,30.1,38.1,2007-07-11,0,1.8999999999999995,55.1,2192.0,5783,968.25
214.4,30.3,39.6,2007-07-12,0,5.0,50.8,-83.10000000000001,5748,889.7
210.6,31.7,36.3,2007-07-13,0,3.3,52.2,2746.9,5729,959.28
229.0,33.9,39.7,2007-07-14,0,3.5999999999999996,57.9,2056.2000000000003,5735,949.68
269.3,38.7,42.2,2007-07-15,0,1.9000000000000004,64.5,2169.0,5737,952.21
238.5,35.1,40.3,2007-07-16,0,3.5999999999999996,64.2,1250.5,5741,968.36
273.4,38.3,40.8,2007-07-17,0,4.800000000000001,70.5,1804.8999999999999,5776,967.31
303.5,35.6,32.9,2007-07-18,1,12.3,77.3,112.4,5707,949.04
238.6,36.0,44.3,2007-07-19,1,4.300000000000001,60.9,101.69999999999999,5770,942.62
275.0,33.2,36.7,2007-07-20,0,10.2,62.3,-21.099999999999998,5760,977.09
344.7,37.3,42.8,2007-07-21,0,6.0,67.6,5.5,5751,969.84
252.2,31.2,41.5,2007-07-22,0,-0.9000000000000004,56.2,3807.6000000000004,5750,975.73
246.9,35.9,41.7,2007-07-23,0,1.8000000000000003,66.5,3020.2,5797,949.69
199.6,27.1,36.1,2007-07-24,0,4.5,49.5,1446.3999999999999,5726,961.86
374.7,45.1,50.6,2007-07-25,0,1.2000000000000002,74.9,2110.8,5812,963.94
236.3,34.3,43.0,2007-07-26,0,-2.0999999999999996,63.2,3687.8,5749,979.84
262.5,33.7,36.8,2007-07-27,0,6.8999999999999995,71.5,391.3,5795,995.07
239.8,32.2,42.2,2007-07-28,0,-1.0,57.2,3430.9,5755,992.6
209.8,30.1,35.6,2007-07-31,0,2.4000000000000004,61.5,3775.7,5764,934.95
239.4,35.5,42.0,2007-08-01,0,2.3999999999999995,62.6,-10.0,5784,969.46
214.1,35.3,40.8,2007-08-02,0,4.0,59.7,992.1999999999999,5767,982.53
188.6,27.3,39.7,2007-08-03,0,1.3000000000000003,53.5,2432.6,5775,985.03
242.2,37.1,47.7,2007-08-04,0,-2.7,54.8,1884.9,5756,958.7
422.2,41.2,48.9,2007-08-05,0,0.7999999999999998,63.0,1985.8,5757,948.99
307.3,34.2,38.1,2007-08-06,0,7.7,59.6,-4.999999999999999,5732,948.08
260.0,36.3,41.4,2007-08-07,0,1.7000000000000002,61.9,2924.7,5752,972.28
244.4,33.5,39.7,2007-08-08,0,13.799999999999999,54.2,0.0,5729,902.88
193.9,25.2,33.5,2007-08-09,0,5.199999999999999,48.1,1306.8000000000002,5754,962.27
258.9,36.3,41.1,2007-08-10,0,2.1000000000000005,63.3,3299.0,5784,954.97
273.9,40.2,40.9,2007-08-11,0,2.8,69.2,3331.5,5765,963.25
238.1,32.1,36.9,2007-08-12,1,11.3,58.0,-64.19999999999999,5714,946.38
256.2,35.8,37.6,2007-08-13,1,10.2,68.0,39.4,5726,984.18
284.8,43.1,45.4,2007-08-14,0,5.5,75.5,2430.6,5803,957.16
228.5,31.0,38.8,2007-08-15,1,-0.2999999999999998,56.4,4631.0,5767,890.17
335.9,44.4,47.5,2007-08-16,0,4.3999999999999995,79.9,1294.4,5804,970.84
338.9,45.8,51.8,2007-08-17,0,-0.1999999999999993,76.3,244.0,5837,974.78
274.2,34.3,39.9,2007-08-18,0,10.3,60.9,-99.4,5752,979.23
292.5,32.9,37.3,2007-08-19,0,13.0,59.8,0.0,5755,971.93
240.2,32.4,40.1,2007-08-20,0,3.8000000000000003,57.3,89.5,5762,982.59
240.5,35.3,46.2,2007-08-21,0,0.5999999999999996,52.5,2239.3,5839,990.13
225.9,34.7,41.8,2007-08-22,0,1.2000000000000002,59.5,2204.2,5782,987.56
190.1,31.4,41.5,2007-08-23,0,-0.7000000000000002,53.1,1853.2,5763,987.56
226.1,34.4,42.2,2007-08-24,0,1.2000000000000002,63.3,3634.8,5780,984.97
217.6,38.0,42.0,2007-08-26,0,0.7000000000000002,65.6,2909.0,5751,985.03
228.4,36.4,42.5,2007-08-27,0,1.9000000000000004,62.3,2983.2,5755,987.56
230.4,36.9,45.2,2007-08-28,0,-0.20000000000000018,58.9,1227.2,5780,987.59
265.7,42.0,48.8,2007-08-29,0,0.10000000000000053,66.3,3145.3,5823,984.97
190.5,31.5,42.5,2007-08-30,0,-0.7000000000000002,55.9,1700.2,5780,974.62
173.0,28.8,40.6,2007-08-31,0,-1.8000000000000003,51.7,2351.1,5749,987.59
209.1,35.6,42.3,2007-09-01,1,-1.4000000000000004,60.0,2893.0,5764,980.83
209.1,32.8,42.7,2007-09-02,0,-2.5999999999999996,53.8,378.2,5741,985.0
239.0,33.0,40.3,2007-09-03,0,1.2999999999999998,58.3,2395.0,5786,979.81
200.1,26.5,34.1,2007-09-04,0,6.7,53.3,1410.0,5741,972.34
225.3,35.6,41.3,2007-09-05,0,3.4000000000000004,58.5,1024.6999999999998,5720,957.84
262.9,33.4,39.3,2007-09-06,0,6.800000000000001,58.5,-0.5,5721,968.89
264.6,35.1,41.1,2007-09-07,0,3.8,59.4,43.7,5732,954.74
225.9,38.2,45.5,2007-09-08,0,-3.1999999999999997,60.3,4066.6,5775,979.84
220.4,33.2,35.2,2007-09-09,0,4.8999999999999995,64.9,1365.4,5770,979.81
233.8,36.8,42.5,2007-09-10,1,3.4,60.1,1413.6000000000001,5745,977.37
181.0,29.2,36.0,2007-09-11,0,2.0999999999999996,54.0,1286.2,5755,985.09
249.0,37.6,46.9,2007-09-12,0,-1.5,60.9,3316.8,5786,990.07
356.9,44.1,52.7,2007-09-13,1,-3.9000000000000004,71.7,3594.4,5808,979.81
197.9,29.7,39.8,2007-09-14,0,2.0,36.4,84.4,5752,987.66
263.5,37.7,43.5,2007-09-15,0,5.8,64.0,1140.3999999999999,5835,992.6
189.5,33.4,45.5,2007-09-16,0,-7.800000000000001,46.9,4185.700000000001,5711,940.21
250.9,39.6,46.1,2007-09-17,0,5.199999999999999,68.5,297.1,5830,955.76
245.7,38.6,46.7,2007-09-18,1,0.0,60.5,-5.2,5816,982.44
241.3,33.9,43.3,2007-09-19,0,-1.2000000000000002,61.8,752.6,5799,992.57
251.7,37.2,43.1,2007-10-07,1,-4.4,67.5,4074.7999999999997,5743,928.82
233.2,36.7,41.5,2007-10-08,1,4.3,59.2,48.6,5703,972.37
260.8,37.8,47.7,2007-10-09,0,6.4,66.6,-149.7,5777,977.62
193.1,31.8,41.4,2007-10-10,0,7.1000000000000005,52.5,-60.00000000000001,5745,950.76
110.9,20.7,32.2,2007-10-11,0,4.6,38.3,1145.7,5733,987.69
120.4,26.4,41.5,2007-10-12,0,3.0,40.5,-99.8,5741,950.79
186.4,32.3,46.5,2007-10-13,0,-0.09999999999999964,49.9,1917.1,5749,980.06
179.0,28.9,38.5,2007-10-14,0,1.5000000000000004,44.7,2233.2999999999997,5730,979.97
240.8,35.1,42.5,2007-10-15,0,5.6,51.5,65.6,5727,964.4
234.6,33.5,45.3,2007-10-16,0,4.8,52.0,499.20000000000005,5763,977.58
231.9,33.3,41.5,2007-10-17,0,11.4,55.7,-94.2,5813,972.4
188.5,35.6,42.5,2007-10-18,0,-0.20000000000000018,51.8,2242.7000000000003,5720,985.15
96.7,23.3,35.3,2007-10-19,0,-3.1,43.8,3937.7999999999997,5726,941.39
160.0,29.3,39.7,2007-10-20,0,4.8,37.4,-177.0,5722,927.72
150.8,6.7,38.4,2007-10-21,0,4.3999999999999995,28.0,14.600000000000001,5711,972.55
75.7,1.8,30.4,2007-12-10,0,9.5,14.5,0.0,5649,879.71
73.7,-4.5,28.7,2007-12-11,0,34.5,13.3,0.0,5679,882.74
100.4,0.5,30.2,2007-12-12,0,27.299999999999997,15.0,0.0,5681,955.64
91.6,-0.8,38.2,2007-12-13,0,6.1,17.7,0.0,5661,872.97
87.3,-7.1,15.3,2008-02-12,0,15.0,18.3,0.0,5646,873.48
139.9,26.0,45.8,2008-02-19,1,-10.3,30.5,1397.6,5641,939.47
294.3,-27.3,56.8,2008-03-15,0,-12.8,26.4,1152.0,5606,975.21
268.8,40.3,53.4,2008-03-17,0,-10.8,41.6,0.7000000000000001,5710,997.54
34.9,12.8,23.9,2008-03-18,0,-4.0,20.6,2947.5,5677,992.66
529.8,-35.6,65.7,2008-03-19,0,-31.2,37.0,5.800000000000001,5680,987.47
489.8,42.2,61.3,2008-03-20,0,-19.9,42.8,4170.7,5724,979.84
232.2,32.2,53.6,2008-03-21,0,-7.7,34.7,1169.1000000000001,5705,980.18
231.6,41.2,53.4,2008-03-22,0,-14.9,41.3,4.7,5721,997.54
205.1,-12.7,49.7,2008-03-23,0,-12.4,46.4,5116.400000000001,5708,952.74
65.7,14.7,23.6,2008-03-24,0,-4.3,35.3,3114.3,5585,944.75
306.4,-43.9,47.6,2008-03-25,0,8.7,46.2,-327.6,5849,958.72
336.6,31.8,53.6,2008-03-27,0,-22.299999999999997,51.8,10960.199999999999,5752,957.53
118.3,21.3,49.9,2008-03-28,1,-7.4,41.4,2314.8,5814,982.44
156.7,15.1,43.7,2008-03-29,0,-5.1000000000000005,30.2,28.60000000000001,5808,969.65
290.3,37.8,55.7,2008-03-30,1,-17.2,32.8,1751.0,5632,972.31
355.7,31.6,56.5,2008-03-31,0,-20.1,33.1,6175.299999999999,5675,882.8
651.2,50.7,67.5,2008-04-01,0,-8.700000000000001,56.0,1424.5,5693,956.66
207.1,35.1,49.6,2008-04-02,1,-4.300000000000001,42.8,1866.5,5723,944.93
451.7,45.0,57.7,2008-04-03,1,-3.9,63.4,2697.5,5804,990.13
209.3,31.0,51.1,2008-04-04,1,-2.7,34.1,584.4000000000001,5673,915.7
224.0,34.1,48.0,2008-04-05,0,-1.0,43.2,761.5,5720,990.28
253.7,25.1,52.9,2008-04-06,0,-10.6,39.7,1732.1,5678,918.05
198.6,7.1,43.6,2008-04-07,0,-3.0000000000000004,29.4,1563.9,5760,823.68
220.2,11.0,47.0,2008-04-08,0,1.1,32.3,-210.20000000000002,5768,898.06
392.1,-14.2,56.9,2008-04-09,0,-29.1,62.3,16540.4,5864,997.45
164.3,10.8,46.3,2008-04-10,0,0.5,28.8,929.2,5723,859.05
121.3,14.7,42.3,2008-04-11,0,-3.6999999999999997,26.5,799.7,5794,900.44
153.4,21.6,43.7,2008-04-30,0,-6.6,33.7,9.0,5774,995.07
261.7,-27.2,51.1,2008-05-01,0,-7.499999999999999,45.2,4013.6000000000004,5871,891.17
343.4,34.2,54.3,2008-05-02,1,-16.1,48.7,-10.200000000000003,5780,907.3
403.0,34.8,60.0,2008-05-03,1,-14.399999999999999,47.3,2049.7,5753,975.31
232.2,34.7,53.8,2008-05-04,0,-15.0,41.9,3881.9,5762,997.54
115.8,24.1,32.0,2008-05-05,0,3.1999999999999997,39.8,423.7,5701,939.13
57.5,18.3,30.4,2008-05-06,0,-2.7,33.2,877.4000000000001,5650,866.1
175.7,31.7,50.1,2008-05-07,1,-4.4,41.7,798.0999999999999,5777,955.95
222.2,39.1,50.0,2008-05-08,0,-11.7,56.6,-82.5,5809,908.77
132.1,-36.6,34.6,2008-12-13,0,3.5,24.0,-2.3999999999999773,5717,906.62
133.3,-37.5,40.9,2008-12-14,0,-2.2,26.5,-15.4,5697,992.75
60.1,3.2,31.9,2008-12-16,0,4.7,17.7,-450.8,5749,970.26
99.7,-52.9,35.1,2008-12-19,0,19.6,25.5,0.0,5757,952.16
158.2,18.0,35.1,2008-12-20,0,18.2,39.0,0.0,5742,943.59
97.3,17.6,32.1,2008-12-21,0,22.5,27.0,6.600000000000001,5701,970.78
74.5,8.1,32.1,2008-12-23,0,9.8,26.8,0.0,5704,942.98
46.6,8.6,30.6,2009-05-01,0,1.5999999999999996,27.2,1840.8000000000002,5800,959.32
56.3,5.9,37.0,2009-05-02,1,-10.5,26.0,26.300000000000004,5755,961.11
96.9,14.6,43.1,2009-05-04,0,6.7,29.3,-384.5,5767,959.37
301.0,27.4,53.8,2009-05-05,0,-6.8999999999999995,38.3,2315.2000000000003,5771,977.34
247.4,34.0,52.2,2009-05-06,0,-6.8,38.6,3296.5,5767,977.31
236.0,33.7,50.9,2009-05-07,0,-6.699999999999999,42.2,2.7,5786,963.94
64.0,16.6,39.4,2009-05-08,0,-14.1,26.3,5424.1,5755,971.85
115.8,23.9,44.4,2009-05-09,0,-8.3,29.6,4002.7000000000003,5757,949.84
83.4,20.0,43.6,2009-05-10,1,-8.2,24.1,3003.2999999999997,5766,905.44
285.3,32.4,55.1,2009-05-11,1,-17.9,39.7,66.3,5742,960.95
215.2,34.3,51.2,2009-05-12,1,-1.5,38.4,908.9,5743,959.09
190.4,33.3,46.8,2009-05-13,1,0.0,42.5,325.7,5725,956.34
178.3,32.6,47.5,2009-05-14,1,-3.3000000000000003,38.7,470.49999999999994,5700,945.31
278.8,31.5,47.4,2009-05-15,0,-2.5,55.3,2257.9,5764,979.87
200.4,27.6,47.9,2009-05-16,0,3.9,37.1,-177.7,5735,969.99
291.7,40.6,51.7,2009-05-17,1,-8.2,55.4,-1.0,5740,982.5
259.6,25.6,44.2,2009-05-18,0,-3.4,46.7,3566.3,5782,969.19
198.3,38.0,48.4,2009-05-19,0,3.5,48.5,264.8,5793,958.85
353.3,42.3,53.4,2009-05-20,0,-5.199999999999999,51.7,3327.3999999999996,5776,982.47
215.4,35.1,45.8,2009-05-21,0,-2.0,50.3,3.3000000000000003,5870,987.5
162.2,9.1,36.2,2009-05-22,0,1.8000000000000003,34.3,-16.2,5765,952.93
195.7,30.0,38.6,2009-05-23,0,2.9999999999999996,45.2,1740.9,5798,977.22
250.7,24.2,43.0,2009-05-26,1,1.3999999999999995,42.5,-58.699999999999996,5771,902.34
190.1,38.0,48.6,2009-05-27,0,-3.6,56.8,2123.9,5801,979.81
209.0,-42.7,43.4,2009-05-28,0,6.3,36.1,-110.0,5782,977.55
375.3,40.2,53.8,2009-05-29,1,-8.3,63.1,4319.7,5814,977.13
222.9,32.8,41.8,2009-05-30,1,2.4,51.0,1581.6,5738,974.62
227.2,33.1,42.1,2009-05-31,1,0.9000000000000004,57.2,-2.9000000000000004,5794,979.81
295.7,-20.8,46.7,2009-06-01,0,6.8999999999999995,50.3,-161.29999999999998,5802,974.87
262.2,32.3,42.8,2009-06-02,1,1.5,50.8,-1.0000000000000002,5803,978.15
193.2,34.5,46.3,2009-06-03,0,-2.8000000000000003,42.8,3070.7000000000003,5751,913.38
154.5,25.9,37.8,2009-06-04,0,5.199999999999999,39.3,997.3000000000001,5756,977.22
237.6,33.4,45.6,2009-06-05,0,-0.20000000000000018,50.5,-0.20000000000000018,5757,956.15
210.0,33.5,44.1,2009-06-06,0,1.0,34.9,5.5,5757,961.94
268.0,-31.0,44.8,2009-06-07,0,6.6,57.8,-130.6,5767,917.97
247.3,37.9,45.4,2009-06-08,0,0.5999999999999996,44.3,1759.4,5769,932.68
288.5,-27.6,47.5,2009-06-09,0,-2.8,53.8,4485.099999999999,5835,950.33
195.6,18.6,43.7,2009-06-10,0,-1.8000000000000003,46.4,3451.9,5804,963.64
124.7,21.2,42.3,2009-06-11,0,-7.6000000000000005,37.6,26.3,5753,969.19
192.1,-30.3,44.0,2009-06-12,0,-3.9999999999999996,52.3,24.1,5775,969.16
250.9,-30.9,49.9,2009-06-13,1,-2.8,62.4,2693.7,5802,969.19
279.0,-9.8,51.1,2009-06-14,1,-5.9,51.4,4048.7999999999997,5842,974.44
219.0,34.4,45.6,2009-06-16,1,-3.8,54.5,5.700000000000001,5836,969.13
236.9,41.4,47.0,2009-06-17,0,-0.6000000000000005,57.1,0.2,5782,980.57
255.2,37.1,48.3,2009-06-18,0,2.2,51.5,2559.8,5782,876.9
150.9,30.7,40.9,2009-06-19,0,-2.2,45.7,-2.0,5750,966.25
200.5,35.9,46.7,2009-06-20,0,-5.2,48.2,-2.0999999999999996,5766,963.09
219.8,36.9,48.3,2009-06-21,0,-5.0,50.1,9.100000000000001,5756,969.72
181.4,30.8,43.4,2009-06-22,0,-3.1999999999999997,50.8,5244.400000000001,5784,968.71
122.9,-17.6,38.2,2009-06-23,1,0.0,44.6,-1.5,5780,968.74
230.2,16.8,43.9,2009-06-24,0,-1.0999999999999996,54.8,-4.5,5733,967.22
263.0,34.6,39.9,2009-06-25,0,2.8999999999999995,63.8,-6.2,5780,963.17
251.9,35.5,37.4,2009-06-26,1,10.200000000000001,64.4,-28.900000000000002,5773,957.36
247.3,33.5,36.8,2009-06-27,0,7.1000000000000005,65.6,1741.6,5789,969.78
254.3,38.7,41.3,2009-06-28,1,5.5,68.0,1357.1,5778,964.78
310.9,40.0,43.3,2009-06-29,1,8.0,74.8,-100.5,5787,922.52
296.7,42.8,45.0,2009-06-30,1,2.0999999999999996,76.1,3683.5,5788,965.68
254.8,32.3,40.8,2009-07-01,1,-0.2999999999999998,57.7,-2.0,5733,986.0
239.0,35.0,38.1,2009-07-02,0,5.800000000000001,52.8,504.9,5708,958.82
260.7,40.0,42.6,2009-07-03,1,6.199999999999999,46.3,16.9,5708,958.85
257.6,36.0,40.6,2009-07-04,1,7.199999999999999,58.2,154.1,5735,961.52
238.2,30.8,38.6,2009-07-05,1,5.7,52.0,1639.4,5746,969.86
225.2,32.4,39.5,2009-07-06,1,11.0,55.4,-613.6999999999999,5748,943.44
229.7,37.7,40.3,2009-07-07,0,6.5,67.2,-3.6999999999999997,5733,970.87
255.2,37.9,41.0,2009-07-08,0,6.0,67.2,2147.7,5769,967.31
237.9,37.2,40.9,2009-07-09,0,5.2,62.8,-4.5,5746,961.37
252.7,38.0,38.9,2009-07-10,0,6.3,65.2,2386.7,5773,965.77
241.1,38.2,39.6,2009-07-11,0,10.6,64.7,33.4,5748,963.96
244.4,33.4,36.6,2009-07-12,0,8.1,62.1,1641.3999999999999,5739,966.85
278.5,30.8,35.3,2009-07-13,0,12.899999999999999,53.1,3.1999999999999993,5713,963.44
308.7,34.2,41.5,2009-07-14,1,6.800000000000001,63.8,-7.3,5741,959.9
368.8,38.7,42.5,2009-07-15,0,8.7,73.8,-64.8,5754,950.55
290.4,34.8,36.5,2009-07-16,1,11.3,65.2,-2.2,5748,971.33
238.1,37.6,41.9,2009-07-17,0,3.8999999999999995,63.1,35.9,5719,967.89
275.8,34.4,41.1,2009-07-18,0,4.4,59.9,1697.4,5739,967.83
323.1,34.0,43.4,2009-07-19,0,5.2,67.7,-29.2,5727,960.27
303.8,34.9,40.4,2009-07-20,0,7.4,66.0,7.5,5730,954.95
310.8,35.1,39.4,2009-07-21,0,6.5,64.7,78.0,5735,970.35
254.5,38.6,41.9,2009-07-22,1,3.1,70.0,1799.3,5761,975.73
260.6,39.7,41.1,2009-07-23,0,5.7,66.4,422.5,5767,976.72
272.2,40.7,42.8,2009-07-24,1,2.9,75.1,1192.5,5815,992.54
272.2,41.7,43.5,2009-07-25,1,-0.5999999999999996,61.9,4384.1,5767,974.69
263.6,41.8,44.1,2009-07-26,1,3.5999999999999996,67.2,1722.1000000000001,5776,976.72
264.4,40.4,45.2,2009-07-27,0,2.5999999999999996,67.7,2979.5,5767,948.99
278.2,43.7,46.7,2009-07-28,0,-0.10000000000000053,76.4,3451.6000000000004,5786,976.17
268.9,42.0,44.4,2009-07-29,1,5.4,68.1,836.8,5761,959.8
246.9,36.2,45.6,2009-07-30,0,0.40000000000000036,63.5,3371.1,5782,979.81
245.6,40.0,44.1,2009-07-31,1,1.7999999999999998,63.8,2501.0,5795,968.25
242.0,39.7,41.5,2009-08-01,1,9.100000000000001,69.3,-50.0,5791,986.65
251.3,35.2,42.1,2009-08-02,1,4.4,60.9,-48.8,5763,957.19
256.9,40.9,43.5,2009-08-03,0,6.5,68.0,349.0,5782,964.86
277.0,41.7,42.8,2009-08-04,1,9.5,72.9,9.800000000000011,5792,966.37
270.9,41.6,44.0,2009-08-05,0,4.0,67.7,1981.5,5778,950.92
271.1,42.2,45.0,2009-08-06,0,2.9,70.5,2002.8,5756,963.81
218.1,35.0,40.2,2009-08-07,1,3.4000000000000004,65.9,628.9000000000001,5776,951.92
245.1,39.5,42.3,2009-08-08,1,7.2,65.3,295.8,5754,962.39
280.7,41.6,41.8,2009-08-09,1,10.3,72.4,3.799999999999997,5790,977.73
267.1,42.3,46.2,2009-08-10,0,0.6999999999999993,71.4,3345.6,5768,971.73
262.5,33.7,36.5,2009-08-11,0,8.0,65.7,2025.8,5821,982.38
250.3,31.4,39.1,2009-08-12,0,3.3999999999999995,61.3,3084.3999999999996,5817,979.75
442.0,49.2,55.8,2009-08-13,0,-6.6,74.7,4823.2,5824,974.47
251.2,38.3,43.3,2009-08-14,1,-0.7000000000000002,64.2,2761.1000000000004,5770,982.41
263.3,35.2,41.8,2009-08-15,1,2.3999999999999995,69.1,1761.7,5783,972.0
220.8,24.5,37.8,2009-08-16,0,8.9,52.0,-80.4,5774,964.22
183.7,26.8,39.2,2009-08-17,1,1.2000000000000002,53.5,2104.5,5776,985.03
217.7,36.7,43.2,2009-08-18,1,0.6999999999999993,64.3,1775.9,5785,982.41
225.6,36.5,43.7,2009-08-19,0,0.7000000000000002,63.2,-2.4,5781,979.84
227.3,38.0,46.0,2009-08-20,0,-2.3,57.6,3.0,5748,992.63
259.0,38.7,43.2,2009-08-21,0,3.5000000000000004,64.4,2582.0,5759,974.75
227.8,38.0,43.9,2009-08-22,0,1.5999999999999996,62.5,1186.1,5777,974.69
225.1,33.5,38.8,2009-08-23,0,8.6,59.3,35.69999999999999,5801,969.41
202.7,36.4,40.7,2009-08-24,1,0.7999999999999998,59.9,2862.2999999999997,5743,979.87
382.6,44.8,47.7,2009-08-25,0,5.6,77.7,479.4,5826,979.93
320.6,45.5,48.8,2009-08-26,1,3.3,78.0,156.89999999999998,5810,987.63
265.0,38.1,43.8,2009-08-27,1,3.7,50.6,194.8,5810,973.32
238.7,32.7,43.3,2009-08-28,0,0.6000000000000005,61.8,-1.8000000000000003,5798,985.03
224.9,36.3,43.2,2009-08-29,1,0.5999999999999996,60.2,-0.7999999999999999,5763,987.59
233.0,35.4,44.6,2009-08-30,1,3.0,65.4,-24.2,5806,992.6
311.7,44.9,51.3,2009-08-31,0,-0.20000000000000018,77.0,2391.1,5797,982.47
247.0,34.2,40.1,2009-09-01,0,5.2,65.6,1500.6999999999998,5796,992.5
223.2,36.5,44.0,2009-09-02,1,1.4999999999999996,61.8,15.099999999999998,5778,985.09
267.1,38.8,43.4,2009-09-03,0,3.8999999999999995,69.3,-69.6,5818,979.84
270.2,33.9,39.4,2009-09-04,0,5.8,50.9,21.5,5818,965.89
289.4,37.6,40.8,2009-09-06,1,7.0,65.4,1642.5,5689,967.85
265.2,37.6,43.0,2009-09-07,1,4.9,64.3,-5.3999999999999995,5737,961.97
309.5,41.5,45.8,2009-09-09,0,3.0000000000000004,73.2,1802.3,5784,995.1
189.7,31.5,38.4,2009-09-10,1,2.6000000000000005,58.9,1326.1999999999998,5784,992.6
198.7,27.7,39.1,2009-09-12,0,4.3,50.4,1369.2,5775,974.66
227.3,19.1,42.3,2009-09-13,1,-0.40000000000000036,58.6,708.1,5816,984.91
175.0,20.7,35.2,2009-09-15,1,3.1,46.4,2178.7000000000003,5791,977.19
195.8,30.2,38.8,2009-09-16,1,2.3,50.0,3735.3,5800,984.97
182.8,-37.8,39.3,2009-09-17,1,2.5000000000000004,57.0,-2.3,5788,985.0
222.0,30.8,38.4,2009-09-18,0,4.3,58.7,2736.7,5789,987.53
180.9,26.9,38.1,2009-09-19,1,1.3999999999999995,48.3,1984.1000000000001,5754,982.5
211.1,33.3,39.9,2009-09-20,1,4.7,58.9,1009.9,5769,985.03
213.5,35.4,42.8,2009-09-21,1,1.9000000000000004,61.3,1481.9,5759,995.1
247.9,38.5,41.7,2009-09-22,1,6.6,72.1,-0.5999999999999999,5703,985.06
180.6,34.8,43.8,2009-09-23,1,-1.5,48.2,1885.4,5735,987.63
202.6,30.4,39.0,2009-09-24,1,2.6,58.3,1964.5,5793,987.5
229.1,39.3,44.0,2009-09-25,0,3.1999999999999997,59.6,1239.1,5788,990.13
225.2,31.7,41.2,2009-09-26,0,5.0,56.0,-1.2000000000000028,5800,982.5
231.8,34.5,46.1,2009-09-27,0,-4.6,53.1,4949.4,5771,979.78
247.5,37.8,47.1,2009-09-28,0,-3.0000000000000004,56.3,-4.699999999999999,5764,974.62
265.3,33.5,40.1,2009-09-29,0,5.5,63.4,-36.1,5811,982.47
270.2,34.1,41.2,2009-09-30,0,4.4,60.7,-45.9,5813,982.47
258.8,32.7,37.8,2009-10-01,1,4.1,54.4,1432.1000000000001,5776,982.5
228.7,31.6,36.6,2009-10-02,1,7.799999999999999,55.7,0.7999999999999972,5796,979.97
246.2,35.9,41.0,2009-10-03,0,7.699999999999999,64.5,-172.6,5805,987.63
295.3,35.1,41.9,2009-10-04,0,7.6,49.0,-31.5,5816,995.1
266.1,37.0,42.8,2009-10-05,0,5.199999999999999,69.0,261.7,5798,987.59
242.9,34.0,38.6,2009-10-06,0,8.4,71.1,28.499999999999996,5795,987.63
280.6,36.5,45.5,2009-10-07,1,-2.1000000000000005,71.2,2120.3,5799,987.53
284.9,40.8,43.9,2009-10-08,0,5.3999999999999995,71.6,-8.799999999999999,5794,982.5
260.3,33.4,41.5,2009-10-09,0,7.3999999999999995,43.0,0.0,5780,977.52
79.0,11.7,25.9,2009-10-10,0,12.799999999999999,36.3,-91.5,5755,964.52
135.4,14.3,28.0,2009-10-11,0,10.799999999999999,34.8,99.7,5764,967.03
124.0,1.3,30.5,2009-10-13,0,11.600000000000001,32.5,-45.599999999999994,5767,944.9
135.6,0.2,31.3,2009-10-14,0,16.2,27.8,0.0,5762,945.39
122.0,0.7,28.0,2009-10-15,0,11.3,29.7,89.10000000000001,5758,944.72
131.7,3.1,33.3,2009-10-16,0,9.5,29.7,-46.400000000000006,5717,945.02
143.4,1.3,29.8,2009-10-17,0,13.2,35.8,-85.2,5786,944.78
135.6,3.4,35.4,2009-10-18,0,8.0,29.0,-37.1,5760,944.96
160.8,4.8,35.5,2009-10-19,0,14.8,27.4,-191.9,5754,945.6
189.9,6.9,33.6,2009-10-20,0,15.9,20.5,-173.4,5780,959.3
67.9,-0.6,25.9,2009-10-21,0,23.0,16.3,0.0,5759,817.28
42.7,-16.2,15.0,2009-10-22,0,27.4,17.9,0.0,5799,913.44
120.0,-2.7,24.5,2009-10-23,0,26.8,25.6,0.0,5798,943.16
151.0,-3.2,26.4,2009-10-24,0,28.0,22.0,0.0,5803,900.56
134.1,-4.6,29.3,2009-10-25,0,22.4,25.1,0.0,5793,906.94
157.4,6.6,36.0,2009-10-26,0,20.299999999999997,28.9,0.0,5746,911.49
178.7,4.2,42.4,2009-10-27,0,15.8,24.7,0.0,5752,946.03
171.0,7.9,39.1,2009-10-28,0,14.5,25.4,0.0,5762,928.15
159.3,9.8,44.5,2009-10-29,0,17.4,21.2,0.0,5745,901.05
33.0,-3.9,30.2,2009-10-30,0,25.9,20.6,0.0,5778,848.56
54.3,3.0,28.3,2009-10-31,0,30.799999999999997,17.1,0.0,5718,849.96
60.7,1.7,29.8,2009-11-01,0,13.8,26.3,0.0,5762,989.61
23.3,4.9,25.4,2009-11-02,0,4.6000000000000005,23.0,-196.6,5763,980.24
138.2,-39.4,46.6,2009-11-03,0,-0.6999999999999997,32.5,991.9000000000001,5716,969.8
122.7,24.8,43.4,2009-11-04,0,0.8999999999999999,33.2,171.6,5685,930.56
114.9,32.0,44.6,2009-11-05,0,-1.1,38.8,848.6999999999999,5707,939.25
116.3,21.2,33.2,2009-11-06,0,12.5,36.4,-45.4,5717,964.68
147.1,24.1,45.0,2009-11-07,0,4.0,34.6,-123.89999999999999,5692,942.76
127.3,27.5,37.5,2009-11-08,0,8.8,40.2,0.0,5751,956.56
40.7,12.5,27.0,2009-11-09,0,12.0,23.7,0.0,5695,825.58
174.2,25.1,39.7,2009-11-10,0,11.899999999999999,39.8,0.0,5743,902.91
52.4,9.7,23.1,2009-11-11,0,20.700000000000003,27.2,0.0,5762,879.65
85.5,17.6,26.7,2009-11-12,0,17.0,38.0,0.0,5745,942.64
170.7,24.1,38.8,2009-11-13,1,16.2,42.8,0.0,5777,909.47
209.5,29.4,38.7,2009-11-14,0,7.6000000000000005,44.8,-116.7,5782,966.96
240.3,-38.7,36.3,2009-11-15,1,8.9,44.3,-10.6,5758,974.81
254.3,-38.0,44.7,2009-11-16,0,7.9,48.5,-145.2,5771,950.61
227.9,27.1,39.7,2009-11-17,0,9.6,46.5,-229.9,5747,905.32
244.9,17.3,39.6,2009-11-18,0,18.9,41.0,0.0,5702,962.99
156.7,23.6,33.2,2009-11-19,0,21.0,39.1,0.0,5745,967.79
149.4,-7.3,31.2,2009-11-20,0,18.4,19.4,0.0,5708,925.98
159.1,-4.7,37.1,2009-11-21,0,21.799999999999997,13.7,0.0,5702,851.71
75.1,-10.5,18.7,2009-11-23,0,34.9,18.1,0.0,5725,860.95
117.9,-16.0,15.1,2009-11-24,0,39.9,17.1,0.0,5773,875.2
90.9,-16.9,21.9,2009-11-25,0,32.6,16.3,0.0,5729,905.78
50.4,-4.7,11.0,2009-11-26,0,36.5,13.0,0.0,5713,869.89
70.8,-12.1,23.9,2009-11-27,0,32.9,16.7,0.0,5750,872.61
65.8,-10.7,27.1,2009-11-28,0,21.4,11.7,0.0,5759,826.55
69.7,-5.0,33.4,2009-11-29,0,21.7,15.9,0.0,5755,880.04
40.7,-11.4,24.9,2009-11-30,0,28.0,13.1,0.0,5693,904.91
56.3,-12.8,20.8,2009-12-02,0,22.6,17.4,0.0,5708,995.53
56.3,-19.3,18.4,2009-12-03,0,31.200000000000003,15.2,0.0,5711,925.83
48.5,-12.2,21.7,2009-12-04,0,18.6,20.2,0.0,5741,954.54
48.5,-13.3,24.6,2009-12-05,0,19.5,16.3,0.0,5713,926.62
58.2,-11.4,25.9,2009-12-06,0,23.2,15.0,0.0,5723,949.81
108.3,-11.9,27.4,2009-12-07,0,26.1,18.9,0.0,5724,971.15
76.1,-10.5,27.4,2009-12-08,0,34.5,11.1,0.0,5671,795.51
158.4,0.8,32.5,2009-12-09,0,19.2,22.1,0.0,5699,957.47
61.6,2.4,29.6,2009-12-10,0,28.9,19.3,0.0,5704,912.46
74.3,1.8,25.5,2009-12-11,0,28.5,21.0,0.0,5697,960.74
54.3,4.7,32.0,2009-12-13,0,13.1,21.4,0.0,5674,960.25
99.2,6.2,36.9,2009-12-14,0,14.7,21.4,0.0,5675,970.84
175.8,8.0,39.2,2009-12-15,0,12.0,25.0,0.0,5746,910.32
190.5,17.2,41.4,2009-12-16,0,15.5,26.4,0.0,5753,973.4
117.4,12.2,38.3,2009-12-17,0,10.100000000000001,26.7,0.0,5617,927.46
134.8,23.0,39.2,2009-12-18,0,11.0,29.1,-69.5,5604,952.22
167.6,32.4,49.5,2009-12-19,0,5.5,29.3,-146.0,5600,967.75
196.3,24.3,46.3,2009-12-20,0,11.4,35.6,0.0,5686,975.66
104.3,-6.5,40.7,2009-12-21,0,20.5,17.5,0.0,5654,864.83
60.1,-0.9,21.7,2009-12-22,0,24.299999999999997,15.3,0.0,5676,939.22
75.7,-4.9,18.2,2009-12-23,0,25.299999999999997,10.3,0.0,5683,925.13
77.6,-3.1,26.2,2009-12-24,0,27.9,12.4,0.0,5629,886.54
122.2,-2.0,22.4,2009-12-25,0,27.6,16.9,0.0,5636,909.13
98.9,5.1,28.9,2009-12-26,0,30.700000000000003,16.8,0.0,5671,951.03
100.9,-5.6,20.1,2009-12-27,0,32.9,13.9,0.0,5631,942.76
104.8,-8.9,13.0,2009-12-28,0,29.9,13.3,0.0,5684,909.71
132.7,-4.2,19.3,2009-12-29,0,35.2,17.9,0.0,5655,886.81
93.1,-0.4,25.2,2009-12-30,0,26.7,14.8,0.0,5656,934.07
158.3,15.4,34.6,2009-12-31,0,25.6,23.6,0.0,5654,942.06
38.8,0.4,24.5,2010-12-15,0,19.1,15.3,0.0,5660,986.5
38.8,-5.9,15.5,2010-12-16,0,32.5,19.7,0.0,5725,973.97
114.7,9.5,29.2,2010-12-17,0,24.5,32.7,0.0,5749,949.48
36.9,-7.2,16.7,2010-12-18,0,27.6,13.3,0.0,5679,876.57
52.4,-0.1,18.7,2010-12-19,0,33.9,17.2,0.0,5636,919.82
38.8,-0.5,21.2,2010-12-20,0,30.5,15.6,0.0,5687,910.05
52.4,4.5,25.8,2010-12-23,0,34.3,14.3,0.0,5637,882.24
70.0,-9.8,35.4,2010-12-24,0,16.5,14.1,0.0,5673,961.96
112.4,19.9,37.9,2010-12-25,0,10.7,33.3,0.0,5684,943.34
42.7,-1.4,22.1,2010-12-26,0,28.0,12.5,0.0,5667,852.25
66.0,-4.9,16.5,2010-12-27,0,32.0,12.2,0.0,5697,859.57
62.1,-55.4,10.2,2010-12-28,0,26.2,17.3,0.0,5683,917.95
50.4,-55.3,19.7,2010-12-29,0,26.200000000000003,15.4,0.0,5720,912.19
48.5,4.4,28.4,2010-12-30,0,23.4,18.5,0.0,5729,896.07
52.4,7.2,29.8,2010-12-31,0,11.7,15.8,0.0,5659,932.48
140.5,17.9,48.5,2011-01-01,0,17.0,20.8,0.0,5668,979.87
184.4,3.7,29.5,2011-01-02,0,28.6,27.2,0.0,5650,983.35
54.3,-62.3,11.5,2011-01-03,0,35.8,13.2,0.0,5684,966.35
38.8,-1.8,18.4,2011-01-06,0,33.3,16.2,0.0,5685,950.27
25.2,6.9,38.9,2011-01-07,0,25.5,17.8,0.0,5657,989.65
148.8,17.6,48.0,2011-01-09,0,19.7,24.0,0.0,5628,963.79
75.7,-3.4,23.4,2011-01-10,0,36.0,12.1,0.0,5613,937.97
67.9,-9.0,9.5,2011-01-11,0,40.7,9.0,0.0,5648,972.0
71.8,-0.9,20.5,2011-01-12,0,27.5,11.3,13.600000000000001,5615,990.89
62.1,1.9,25.9,2011-01-13,0,35.4,14.4,0.0,5665,943.28
71.8,-2.0,27.7,2011-01-14,0,34.900000000000006,15.4,0.0,5660,961.87
73.7,2.2,35.5,2011-01-15,0,31.5,15.3,0.0,5615,944.58
256.7,37.4,53.7,2011-01-16,0,-0.5000000000000002,29.6,-90.39999999999999,5630,997.63
87.9,-4.1,29.7,2011-01-17,0,37.5,11.2,0.0,5583,838.91
73.7,-1.2,15.2,2011-01-18,0,32.1,14.2,0.0,5636,920.0
77.2,-47.0,31.7,2011-01-19,0,1.6,26.5,417.70000000000005,5639,985.37
87.5,-3.6,28.5,2011-01-20,0,25.2,19.0,0.0,5640,985.89
83.0,-2.3,29.2,2011-01-21,0,34.400000000000006,16.9,0.0,5670,908.61
67.9,-3.3,20.4,2011-01-22,0,30.7,14.6,0.0,5654,907.73
99.5,-0.1,26.7,2011-01-23,0,30.299999999999997,21.4,0.0,5689,930.56
54.3,-1.3,31.7,2011-01-24,0,29.1,13.8,0.0,5670,873.98
128.5,9.3,40.6,2011-01-25,0,16.1,25.9,0.0,5643,941.14
135.2,12.7,46.3,2011-01-26,0,8.1,21.3,0.0,5635,917.53
284.0,19.1,52.7,2011-01-27,0,11.899999999999999,29.2,0.0,5645,934.35
97.0,-1.4,45.3,2011-01-28,0,5.6,17.0,0.0,5630,917.43
120.0,-31.9,46.1,2011-01-29,0,25.200000000000003,21.8,0.0,5617,853.57
176.5,31.2,49.1,2011-01-30,0,10.3,29.8,0.0,5628,938.4
147.2,34.8,50.2,2011-01-31,0,4.5,30.4,0.0,5623,963.47
92.7,2.7,39.6,2011-02-01,0,8.8,19.2,-114.8,5603,990.47
63.3,3.1,40.6,2011-02-02,0,23.0,15.8,0.0,5629,861.79
50.4,0.8,24.9,2011-02-03,0,22.2,11.5,0.0,5638,873.92
42.1,-6.1,32.8,2011-02-04,0,13.2,18.2,0.0,5668,926.65
34.9,-0.4,24.9,2011-02-05,0,18.1,17.6,0.0,5695,902.48
64.0,-3.0,29.9,2011-02-06,0,21.5,16.9,0.0,5661,900.56
56.3,0.3,33.1,2011-02-07,0,6.800000000000001,18.6,0.0,5692,897.75
265.4,39.9,49.7,2011-02-09,0,6.1,54.2,-124.29999999999998,5722,967.42
162.6,33.7,46.3,2011-02-10,0,1.9999999999999998,32.1,-552.5,5660,801.35
121.2,9.1,43.1,2011-02-11,0,12.1,20.4,0.0,5658,892.23
94.7,5.4,31.1,2011-02-12,0,14.1,19.8,0.0,5712,907.03
134.5,15.1,34.8,2011-02-13,0,10.6,28.0,3.5999999999999996,5726,987.93
126.7,8.2,37.5,2011-02-14,0,10.5,29.0,0.0,5765,977.92
126.7,26.0,43.1,2011-02-15,0,0.8000000000000003,29.1,315.29999999999995,5672,992.78
73.7,22.7,37.7,2011-02-16,0,0.8999999999999999,25.2,465.00000000000006,5649,953.99
243.4,28.9,50.6,2011-02-17,0,0.3999999999999999,33.6,1.0,5674,995.22
197.8,24.8,36.8,2011-02-18,0,17.7,27.5,-162.3,5629,914.3
179.8,18.0,42.3,2011-02-19,0,9.8,34.6,-63.0,5655,928.63
207.9,38.1,51.7,2011-02-20,0,-4.1000000000000005,34.9,1002.0999999999999,5621,997.6
170.7,34.3,45.4,2011-02-21,0,4.1000000000000005,38.8,88.2,5636,946.0
100.7,5.7,42.4,2011-02-22,0,5.2,19.4,-116.89999999999999,5611,957.6
64.0,0.2,34.4,2011-02-23,0,18.5,14.4,0.0,5649,883.13
116.2,5.3,40.9,2011-02-24,0,21.299999999999997,17.9,0.0,5676,866.92
110.4,6.3,39.9,2011-02-25,0,13.5,16.5,0.0,5663,878.56
115.6,22.3,38.3,2011-02-26,0,5.5,26.1,117.4,5618,919.57
102.1,24.1,39.7,2011-02-27,0,17.1,27.5,0.0,5597,871.81
91.3,8.3,45.0,2011-02-28,0,6.2,17.7,0.0,5639,878.52
56.3,7.6,35.1,2011-03-01,0,13.7,15.6,0.0,5654,936.8
48.5,5.1,32.5,2011-03-02,0,26.200000000000003,11.0,0.0,5679,791.46
73.2,16.5,39.8,2011-03-04,0,29.7,20.3,0.0,5669,748.58
282.7,37.7,52.3,2011-03-05,0,6.0,36.1,-462.5,5706,897.12
172.7,18.2,43.8,2011-03-07,0,7.2,24.8,0.0,5718,833.33
104.7,14.8,37.6,2011-03-08,0,17.4,22.9,0.0,5739,813.92
124.2,-36.1,47.5,2011-03-09,1,-2.2,26.0,-122.30000000000001,5722,921.74
101.0,30.2,44.1,2011-03-10,1,0.7999999999999998,35.2,184.8,5715,921.62
255.0,35.9,54.0,2011-03-11,1,-6.3,34.4,816.0999999999999,5685,905.65
343.1,35.0,55.7,2011-03-12,0,-4.1,38.5,-144.2,5682,909.68
143.8,10.6,44.2,2011-03-13,1,1.5,32.3,46.5,5696,997.6
197.7,21.4,50.0,2011-03-14,0,-8.799999999999999,37.6,1.1,5712,997.57
283.6,33.7,56.0,2011-03-15,0,-11.7,32.9,-22.8,5651,997.6
436.3,24.3,62.8,2011-03-16,0,-9.0,24.9,-48.80000000000001,5631,869.61
56.8,-33.7,42.2,2011-03-17,0,-3.0,26.4,1144.1,5706,956.44
125.5,27.5,39.3,2011-03-18,0,2.3000000000000003,39.3,13.399999999999999,5711,990.22
159.7,25.9,39.7,2011-03-19,0,6.4,33.0,-10.5,5732,942.21
197.7,30.5,43.1,2011-03-20,0,3.5,35.1,1213.5,5770,956.07
147.6,22.8,36.9,2011-03-21,0,12.0,28.8,-411.5,5766,921.77
52.4,16.8,26.8,2011-03-22,0,4.7,26.4,-82.2,5736,953.6
31.0,17.9,35.3,2011-03-23,1,0.3999999999999999,28.3,1021.5000000000001,5760,964.31
318.6,38.9,54.8,2011-03-24,0,-1.0,42.4,599.2,5727,947.92
204.9,32.8,52.9,2011-03-25,0,-2.8,32.1,137.0,5680,945.82
291.7,34.5,55.4,2011-03-26,0,-10.1,38.4,975.1999999999999,5677,964.46
190.0,25.7,50.1,2011-03-28,0,1.0,30.9,49.29999999999998,5663,945.79
273.7,-28.6,52.6,2011-03-29,1,-4.8,41.0,-25.2,5670,1000.59
251.8,35.6,49.5,2011-03-30,0,-1.7000000000000002,38.1,10.799999999999999,5648,972.58
111.4,8.6,31.9,2011-03-31,0,11.9,31.2,-151.29999999999998,5661,952.52
82.7,15.8,32.4,2011-04-01,0,0.7999999999999998,28.4,11.3,5688,976.32
190.5,31.6,47.1,2011-04-02,0,-3.0,35.2,-3.8999999999999995,5701,972.34
92.4,20.3,40.0,2011-04-03,1,-0.20000000000000018,32.6,0.09999999999999964,5708,974.96
138.5,27.6,43.2,2011-04-04,1,2.8,36.2,474.19999999999993,5710,972.52
136.1,32.1,47.7,2011-04-05,0,3.0,35.6,-123.19999999999999,5643,959.88
103.1,19.2,34.3,2011-04-06,0,16.1,21.9,0.0,5623,904.89
48.5,0.9,33.9,2011-04-07,0,-3.8,19.7,1651.8000000000002,5686,975.08
76.8,15.6,40.1,2011-04-08,0,-2.9000000000000004,31.6,2454.3,5738,974.87
289.4,38.8,51.5,2011-04-15,0,-5.699999999999999,49.8,3643.2999999999997,5712,969.5
290.1,39.7,52.1,2011-04-16,0,-16.5,42.7,6844.6,5689,946.73
266.7,-10.9,52.0,2011-04-17,1,-14.2,44.0,39.0,5720,997.54
128.1,31.6,42.8,2011-04-18,0,-3.6999999999999997,45.3,0.2999999999999998,5778,985.0
319.8,37.1,53.5,2011-04-20,1,-6.8,45.8,1623.7,5738,958.76
281.2,31.7,53.0,2011-04-21,0,-9.200000000000001,42.8,1266.1999999999998,5732,974.72
237.4,39.6,50.2,2011-04-22,0,-11.0,55.7,6247.9,5726,969.16
241.0,38.8,49.5,2011-04-23,0,-9.3,52.9,4029.7,5721,997.54
296.2,37.8,53.0,2011-04-24,0,-10.600000000000001,45.8,-2.6,5717,982.44
302.3,35.9,54.3,2011-04-25,0,-11.2,40.5,24.0,5683,997.57
163.4,31.8,43.8,2011-04-26,1,8.4,43.2,-196.5,5715,945.63
182.6,-26.8,46.0,2011-04-27,0,-1.1999999999999997,40.1,-37.1,5702,959.03
150.5,29.9,44.6,2011-04-28,0,0.6999999999999997,38.9,208.39999999999998,5702,975.11
131.4,25.4,39.9,2011-04-29,1,4.0,36.0,487.9,5697,972.52
167.9,35.1,48.6,2011-04-30,1,-4.8,46.1,3.9000000000000004,5699,969.62
107.1,16.5,29.3,2011-05-03,1,1.4,35.9,309.6,5680,947.78
618.8,51.2,66.7,2011-05-04,0,-12.0,50.9,2096.9,5710,947.53
234.9,42.0,50.3,2011-05-05,0,0.19999999999999973,46.0,0.30000000000000004,5746,997.57
234.2,37.7,46.6,2011-05-06,1,-4.6000000000000005,55.4,3975.1000000000004,5770,997.54
218.4,35.2,47.1,2011-05-07,0,-5.7,48.7,3799.4,5760,997.54
170.5,23.8,40.0,2011-05-08,0,0.7000000000000002,41.4,0.9,5707,995.13
187.8,32.7,42.2,2011-05-09,0,1.5,45.7,0.0,5851,997.54
407.7,43.1,56.9,2011-05-10,1,-13.7,51.5,24.8,5797,997.51
419.6,41.2,59.9,2011-05-11,1,-20.6,49.6,39.1,5793,983.55
413.3,38.0,60.1,2011-05-12,1,-15.4,48.3,2569.7,5772,995.07
248.4,37.1,51.5,2011-05-13,1,-7.1,52.2,-14.0,5792,969.16
299.7,27.2,51.6,2011-05-14,0,-3.3,58.1,2276.2,5801,997.54
120.9,29.6,43.1,2011-05-15,0,-2.5,36.1,2087.8,5734,966.78
316.4,40.9,54.7,2011-05-17,1,-10.700000000000001,62.7,3835.4,5857,979.66
216.8,31.2,44.1,2011-05-18,1,-1.9,53.3,3482.1,5784,979.78
270.8,-23.6,46.1,2011-05-19,0,6.7,56.3,-1.1,5755,990.28
245.0,-24.6,48.5,2011-05-20,1,2.6,49.5,42.10000000000002,5779,974.93
409.9,-27.5,55.4,2011-05-21,0,-4.1,61.2,1520.1,5763,963.14
495.9,-20.0,59.2,2011-05-22,0,-10.2,63.6,7.1000000000000005,5808,997.54
265.2,-21.7,49.5,2011-05-23,1,-5.1000000000000005,60.7,-3.0,5816,992.51
287.9,43.4,49.4,2011-05-24,1,-3.5999999999999996,66.2,-0.10000000000000009,5814,997.54
508.6,48.2,60.6,2011-05-25,0,-15.399999999999999,60.1,-45.699999999999996,5811,937.24
241.7,43.3,47.4,2011-05-26,0,2.8,61.2,-76.60000000000001,5788,997.57
258.3,39.8,48.2,2011-05-27,0,-4.6,63.2,10.200000000000001,5811,997.51
275.7,38.9,46.7,2011-05-28,0,-5.2,63.5,567.1,5826,987.41
233.5,39.2,44.7,2011-05-29,1,-0.39999999999999947,61.1,3153.5,5790,997.54
249.9,37.3,43.5,2011-05-30,1,-2.6999999999999997,62.1,4004.9,5783,987.47
255.2,34.7,50.6,2011-05-31,0,-7.0,45.5,0.2,5761,964.62
224.2,32.8,45.5,2011-06-01,1,6.0,57.5,792.7,5815,980.0
251.8,39.3,49.6,2011-06-02,0,-15.4,63.2,8862.7,5785,997.51
206.3,34.3,42.1,2011-06-03,1,-1.5,59.1,-4.7,5806,971.73
680.3,45.6,64.0,2011-06-04,0,-8.5,92.5,6326.3,5893,992.51
197.2,26.6,47.3,2011-06-06,0,-6.3999999999999995,55.9,6558.4,5864,963.3
208.8,39.4,45.5,2011-06-07,0,-5.800000000000001,53.5,-15.1,5800,982.32
248.0,37.7,48.6,2011-06-08,0,-5.4,59.4,3912.9,5778,965.22
274.6,-21.3,46.7,2011-06-09,0,1.5999999999999996,68.8,2172.4,5766,956.43
206.9,37.2,44.0,2011-06-10,1,5.3,53.8,-211.1,5771,921.57
309.9,-26.3,50.9,2011-06-11,0,1.8000000000000003,71.0,-30.099999999999994,5765,901.4
217.4,38.9,43.5,2011-06-12,0,4.1,60.7,1276.6999999999998,5780,978.91
224.0,36.2,40.4,2011-06-13,1,3.0,57.0,3729.9,5778,956.66
241.5,40.9,47.1,2011-06-14,0,-0.8000000000000007,68.2,1756.3,5770,966.35
272.9,36.4,40.8,2011-06-15,0,4.8999999999999995,69.7,-11.2,5755,980.09
311.0,40.3,42.7,2011-06-16,0,5.6,76.3,-2.5,5707,977.72
293.6,38.0,40.2,2011-06-18,1,4.199999999999999,68.5,1179.3999999999999,5663,983.16
259.2,32.9,33.6,2011-06-19,1,5.3,70.8,559.0,5684,970.07
281.0,39.1,43.3,2011-06-20,0,-3.0999999999999996,63.4,3.4000000000000004,5716,981.0
256.7,37.4,40.8,2011-06-21,1,-0.3000000000000007,61.1,9.1,5730,985.52
269.8,43.5,47.7,2011-06-22,1,0.0,68.5,2371.8,5758,985.58
251.3,41.3,44.3,2011-06-23,1,-0.9000000000000004,74.1,3846.5,5774,988.05
272.1,42.3,49.1,2011-06-24,1,-4.9,66.3,-3.8,5748,979.39
255.7,-31.8,43.6,2011-06-25,1,3.4,76.7,-12.5,5760,975.94
270.4,40.1,42.1,2011-06-26,1,3.5,76.7,1574.5,5752,982.6
240.6,36.9,40.7,2011-06-27,1,-0.7999999999999998,69.4,2460.1,5717,978.46
282.0,39.5,41.7,2011-06-28,1,5.1,74.2,1697.6999999999998,5746,989.61
280.8,40.2,44.8,2011-06-29,0,1.6000000000000005,69.3,1725.3,5731,986.65
307.9,39.7,47.1,2011-06-30,0,-1.9,74.8,2498.9,5786,983.97
323.2,45.7,50.9,2011-07-01,1,-3.2,71.5,3983.3,5792,979.84
311.9,45.7,49.3,2011-07-02,1,2.2,72.8,1442.2,5777,975.37
237.5,36.7,40.6,2011-07-03,0,8.600000000000001,60.9,-2.1,5773,984.15
273.6,43.6,45.6,2011-07-04,0,3.0999999999999996,75.0,2807.5,5800,995.07
239.7,33.2,42.4,2011-07-05,1,-0.9000000000000004,58.5,2962.2,5762,995.1
333.7,39.9,50.5,2011-07-06,1,-7.3,62.9,78.69999999999999,5791,997.54
263.4,-34.4,43.8,2011-07-07,0,0.20000000000000018,65.2,1796.4,5751,997.57
309.3,44.0,46.4,2011-07-08,0,0.5,73.2,3.3,5810,997.54
320.5,42.1,47.3,2011-07-09,1,12.1,76.6,-337.8,5852,977.46
249.2,41.1,46.2,2011-07-10,0,-5.1,65.3,2.7,5799,990.01
240.5,-23.5,46.3,2011-07-11,1,-4.9,66.1,-14.6,5776,981.35
249.7,36.4,43.4,2011-07-12,1,-1.2000000000000002,64.3,3784.9,5765,974.2
282.5,36.9,43.3,2011-07-13,0,3.0999999999999996,68.3,-9.899999999999999,5800,972.6
424.3,48.2,52.8,2011-07-14,1,-0.6000000000000005,76.2,3520.9,5799,966.35
242.7,30.8,38.2,2011-07-15,1,-0.8999999999999995,65.9,3305.2,5762,975.25
274.6,38.5,45.4,2011-07-16,1,-0.5,67.6,1957.6000000000001,5765,983.03
279.3,40.8,47.9,2011-07-17,0,-1.0,72.3,3141.8999999999996,5768,976.9
298.8,41.6,43.3,2011-07-18,1,4.1000000000000005,80.3,1249.1,5787,984.55
288.0,43.9,46.6,2011-07-19,1,-1.5999999999999996,79.6,7.9,5781,988.57
315.4,42.5,44.7,2011-07-20,1,2.1,80.6,-21.3,5751,973.96
235.7,32.1,34.1,2011-07-21,0,7.8,63.0,178.1,5736,985.64
291.1,36.8,39.5,2011-07-22,0,8.0,71.7,161.4,5737,987.67
261.2,30.3,33.9,2011-07-23,0,14.2,63.9,0.0,5809,991.64
267.8,39.5,44.8,2011-07-24,0,-1.7999999999999998,71.9,6089.5,5812,997.51
239.0,37.2,43.0,2011-07-25,0,-3.1,66.0,4274.1,5792,997.54
239.0,38.6,48.7,2011-07-26,0,-9.0,66.1,5936.9,5779,997.54
228.7,36.2,45.5,2011-07-27,0,-2.4999999999999996,64.6,3164.4,5811,974.47
251.6,-33.6,44.9,2011-07-28,0,-6.800000000000001,64.0,5937.5,5809,995.01
232.3,36.8,46.1,2011-07-29,0,-4.1000000000000005,69.7,52.300000000000004,5839,992.54
198.5,28.8,37.6,2011-07-30,0,-1.5999999999999996,50.5,3455.9,5738,983.13
243.5,34.2,45.7,2011-07-31,0,-1.3000000000000003,63.6,-20.1,5781,964.58
259.6,40.1,45.9,2011-08-01,0,1.2000000000000002,77.4,-67.1,5845,949.69
262.3,-25.3,48.6,2011-08-02,0,-4.199999999999999,76.2,5103.7,5828,959.66
314.4,47.3,49.8,2011-08-03,0,1.0,88.9,-13.0,5858,980.42
277.8,43.1,45.7,2011-08-04,0,1.4000000000000004,76.1,1938.3,5816,968.25
292.7,40.7,42.5,2011-08-05,1,4.800000000000001,81.8,3113.1,5825,974.23
314.9,44.1,44.1,2011-08-06,1,7.7,91.7,-70.1,5854,971.69
244.2,38.3,41.6,2011-08-07,0,1.0,69.3,5.2,5743,990.12
220.9,31.5,35.2,2011-08-08,1,9.0,66.6,10.5,5794,989.64
285.2,42.6,46.7,2011-08-09,1,0.6000000000000005,72.7,2876.9,5789,991.61
219.4,31.8,35.4,2011-08-10,0,-1.0,59.8,4575.2,5777,984.58
228.1,36.3,40.5,2011-08-11,0,1.0,66.5,3419.2000000000003,5764,990.63
273.3,35.4,39.9,2011-08-12,1,5.699999999999999,68.4,9.0,5750,981.71
276.9,39.0,43.5,2011-08-13,1,1.5999999999999996,71.7,-5.6,5761,982.69
257.9,38.3,44.9,2011-08-14,0,-2.3999999999999995,59.5,-1.4,5737,992.6
294.5,43.0,46.6,2011-08-15,1,-1.7999999999999998,76.6,5182.3,5801,997.54
260.2,41.3,48.0,2011-08-16,1,-4.2,68.3,5.0,5777,987.53
279.7,39.3,46.3,2011-08-17,0,2.9000000000000004,66.6,1801.8,5777,987.63
225.8,39.6,45.0,2011-08-18,0,-0.5,63.6,3123.5,5741,997.57
226.8,33.4,34.7,2011-08-19,0,2.8999999999999995,66.9,3453.7,5808,984.91
266.4,41.3,46.8,2011-08-20,0,-2.3,74.7,4470.8,5829,997.54
215.4,37.2,43.6,2011-08-21,0,0.10000000000000053,65.6,2783.6000000000004,5801,982.41
241.6,43.2,49.1,2011-08-22,0,-4.7,76.4,-0.7000000000000002,5810,997.54
233.2,37.0,42.9,2011-08-23,1,-1.0999999999999996,74.9,4775.4,5820,997.51
244.8,40.3,43.6,2011-08-24,1,3.9,67.2,-3.9,5790,990.1
372.0,48.2,53.1,2011-08-25,0,-1.6999999999999997,77.6,2612.5,5805,997.54
262.8,42.5,45.6,2011-08-26,0,-4.7,75.9,6559.9,5797,997.51
259.1,40.5,43.7,2011-08-27,0,0.5999999999999996,64.0,3226.1,5773,997.54
260.3,40.9,44.5,2011-08-28,0,-1.3999999999999995,67.8,4279.799999999999,5786,986.57
216.0,28.8,33.9,2011-08-29,0,1.2000000000000002,61.7,4526.5,5795,990.01
284.4,38.7,43.2,2011-08-30,0,1.3999999999999995,71.7,-0.7,5830,997.54
298.9,41.0,46.9,2011-08-31,0,-1.5,68.4,3873.4,5796,995.07
288.3,43.6,49.3,2011-09-01,0,-4.6,63.2,3683.5,5731,978.2
265.7,41.4,46.7,2011-09-02,0,-3.8000000000000003,68.6,5115.9,5760,997.54
449.3,46.7,55.5,2011-09-03,0,-1.6999999999999997,74.5,2326.5,5794,997.57
329.1,42.8,49.6,2011-09-04,0,-6.1,66.6,5222.4,5771,997.54
283.7,38.2,42.4,2011-09-06,0,1.7999999999999998,68.0,3229.2000000000003,5804,982.59
254.7,40.0,44.8,2011-09-07,1,0.6000000000000005,71.5,2514.3,5760,975.31
241.6,41.3,44.9,2011-09-08,0,2.3000000000000003,71.1,-5.3,5755,974.39
276.0,42.2,47.0,2011-09-09,1,-1.4999999999999996,66.8,2892.2,5744,977.92
277.8,36.2,42.4,2011-09-10,0,3.4000000000000004,66.6,0.7,5799,997.54
221.2,38.7,47.5,2011-09-11,0,-3.5,61.1,3762.4,5767,997.54
219.3,32.3,39.6,2011-09-12,1,-1.4000000000000004,66.0,3772.9,5831,997.51
287.4,44.8,50.6,2011-09-13,0,-7.8999999999999995,66.1,2.9,5795,997.54
281.7,42.4,46.2,2011-09-14,1,-1.2999999999999998,76.9,4255.3,5814,987.47
250.2,40.4,44.9,2011-09-15,1,1.0999999999999996,64.1,2951.9,5762,968.63
286.9,38.4,41.9,2011-09-16,1,6.1,68.7,-20.3,5756,997.57
299.5,40.4,46.0,2011-09-17,1,-0.7999999999999998,63.0,5397.7,5778,960.64
274.1,41.3,44.9,2011-09-18,1,2.4,71.3,2764.5,5760,991.64
233.0,-34.2,39.8,2011-09-19,1,3.3999999999999995,69.2,10.3,5812,984.94
238.8,37.4,46.4,2011-09-20,0,0.8000000000000003,60.3,0.0,5764,997.57
285.0,39.4,40.4,2011-09-21,1,1.7999999999999998,70.9,4480.1,5818,935.5
279.1,34.3,41.3,2011-09-22,0,2.3000000000000003,60.6,635.4000000000001,5736,976.33
291.1,40.0,43.1,2011-09-23,1,4.1,70.7,24.800000000000004,5769,984.09
280.0,32.7,42.3,2011-09-24,1,4.7,66.7,-14.600000000000001,5769,997.57
271.2,37.4,44.3,2011-09-25,1,-0.8999999999999995,57.7,4409.2,5771,997.54
273.6,36.3,39.9,2011-09-26,0,2.7,62.2,1.7,5803,997.54
94.6,-32.4,32.6,2011-09-27,0,0.5999999999999996,51.9,2.4,5769,997.54
194.2,16.8,32.6,2011-09-28,0,11.200000000000001,44.8,-100.7,5805,947.46
159.8,29.2,35.4,2011-09-29,0,-5.699999999999999,42.8,6428.6,5776,940.51
223.7,17.4,38.5,2011-09-30,0,10.299999999999999,42.2,-71.5,5773,941.88
249.9,-33.3,45.6,2011-10-01,0,0.9999999999999996,50.2,2196.9,5782,965.1
195.6,22.6,41.7,2011-10-02,0,-0.5,40.9,3274.7,5766,982.47
208.8,16.9,41.1,2011-10-03,0,1.0,41.5,2954.9,5788,969.28
203.3,25.9,42.1,2011-10-04,0,1.5,42.4,1707.0,5768,944.29
214.4,35.9,41.3,2011-10-05,0,-2.9000000000000004,56.6,5106.5,5796,974.35
243.0,33.6,49.3,2011-10-06,0,-9.600000000000001,44.0,6796.4,5751,974.44
203.8,35.6,48.6,2011-10-07,0,-14.3,48.4,7659.5,5744,992.51
203.1,20.6,46.3,2011-10-08,1,0.0,50.1,-65.2,5762,961.47
173.1,31.8,42.0,2011-10-09,0,-5.2,45.5,0.09999999999999998,5731,997.54
225.1,23.6,48.0,2011-10-10,0,0.20000000000000018,52.7,-41.3,5759,974.81
194.1,28.0,41.8,2011-10-11,0,3.1,45.2,-36.800000000000004,5749,941.76
193.9,31.7,40.5,2011-10-12,0,-3.1000000000000005,50.2,6266.700000000001,5783,997.54
17.5,18.3,25.2,2011-10-13,0,-4.199999999999999,33.0,6868.7,5792,997.51
184.4,13.3,39.3,2011-10-15,0,1.6000000000000005,33.8,65.9,5781,961.35
76.9,16.6,35.0,2011-10-16,0,-5.1,40.4,4259.400000000001,5749,982.44
233.1,35.2,40.6,2011-10-17,0,11.9,45.3,-657.9,5777,908.49
261.4,39.8,44.6,2011-10-18,0,1.5000000000000004,59.4,2965.3,5784,977.25
251.6,36.2,46.8,2011-10-19,0,5.6,47.3,-195.1,5766,975.08
220.9,32.4,43.3,2011-10-20,1,-3.8,47.4,4487.3,5784,977.13
191.3,33.1,46.9,2011-10-21,1,-5.9,43.8,-12.799999999999999,5730,982.5
251.7,40.6,47.4,2011-10-22,0,1.0999999999999996,59.1,1502.3,5741,985.15
228.3,28.4,41.0,2011-10-23,0,7.1,49.1,-18.099999999999998,5763,997.57
43.4,-5.4,27.1,2011-10-24,0,-1.7000000000000002,21.0,1801.8999999999999,5660,972.4
162.9,3.5,34.7,2011-10-25,0,9.299999999999999,35.5,20.0,5753,961.69
164.0,10.0,38.8,2011-10-26,0,6.7,31.2,-124.19999999999999,5728,911.82
139.0,11.3,39.5,2011-10-27,0,12.6,24.2,-167.9,5671,919.88
113.2,6.2,36.4,2011-10-28,0,24.2,21.0,0.0,5738,753.77
177.9,7.3,39.0,2011-10-29,0,12.5,35.6,-545.0,5776,915.57
84.7,2.3,35.6,2011-10-30,0,20.4,12.8,0.0,5675,736.98
81.4,-0.9,36.4,2011-10-31,0,19.7,17.3,0.0,5683,801.9
164.3,8.4,42.4,2011-11-01,0,9.3,28.5,-107.9,5682,962.95
122.5,-1.5,29.6,2011-11-02,0,13.8,18.5,-51.60000000000001,5671,912.98
129.1,-1.5,29.9,2011-11-03,0,18.8,23.3,-292.09999999999997,5691,880.36
139.4,5.6,36.5,2011-11-04,0,11.5,30.1,-155.10000000000002,5692,931.81
161.4,5.6,34.3,2011-11-05,0,10.7,27.8,-82.60000000000001,5728,956.5
147.8,6.1,37.9,2011-11-06,0,-0.40000000000000036,26.6,1222.1,5698,977.58
172.5,4.0,35.1,2011-11-07,0,4.5,25.2,0.09999999999999998,5709,997.57
74.2,-37.9,27.3,2011-11-08,0,17.0,24.2,0.0,5730,959.58
52.4,-44.1,22.7,2011-11-09,0,23.6,17.3,0.0,5717,884.94
33.0,-56.2,22.0,2011-11-10,0,18.6,16.4,0.0,5759,893.91
27.6,-6.2,25.1,2011-11-11,0,13.3,22.5,0.0,5751,933.82
151.2,-43.8,35.3,2011-11-12,0,5.9,31.6,108.49999999999999,5723,980.18
188.7,-29.8,41.0,2011-11-13,0,6.8,31.9,71.69999999999999,5696,945.42
78.3,25.4,35.3,2011-11-14,0,5.0,28.7,-41.6,5658,956.8
49.9,29.8,32.1,2011-11-15,0,-1.4000000000000004,37.6,2500.2,5698,980.12
217.2,34.6,40.3,2011-11-16,0,6.3,43.9,-25.2,5703,992.72
129.8,9.9,37.8,2011-11-17,0,10.6,24.0,0.0,5671,897.66
124.4,-0.7,21.7,2011-11-18,0,23.8,24.3,-119.3,5764,936.69
124.2,8.2,35.5,2011-11-19,0,7.2,26.9,75.0,5687,970.14
50.4,-61.2,20.7,2011-11-20,0,18.0,19.6,0.0,5725,928.88
29.1,-54.7,22.3,2011-11-21,0,17.4,20.6,0.0,5707,916.58
57.3,-7.1,27.6,2011-11-22,0,16.1,21.8,-163.1,5715,916.79
65.6,21.8,22.6,2011-11-23,0,25.5,27.6,0.0,5750,897.81
61.3,-47.3,32.2,2011-11-24,0,13.3,23.0,0.0,5719,906.11
101.0,-2.9,30.3,2011-11-25,0,19.9,20.8,0.0,5772,850.27
134.3,-1.2,28.5,2011-11-26,0,30.200000000000003,19.9,0.0,5701,900.05
50.6,-2.0,26.9,2011-11-27,0,24.5,13.1,0.0,5706,791.58
179.5,5.9,35.2,2011-11-28,0,22.2,23.6,0.0,5747,855.51
166.8,-43.8,25.2,2011-11-29,0,36.8,23.3,0.0,5744,864.82
117.3,-3.6,20.6,2011-11-30,0,36.1,23.2,0.0,5731,889.57
113.3,0.2,18.8,2011-12-01,0,36.5,21.4,0.0,5733,987.67
125.8,1.6,26.6,2011-12-02,0,25.3,24.1,0.0,5741,920.06
154.2,-48.7,19.8,2011-12-03,0,35.8,30.1,0.0,5718,888.14
173.7,6.7,30.9,2011-12-04,0,19.1,28.1,-45.60000000000001,5648,931.96
137.2,-42.0,35.3,2011-12-06,0,12.2,32.2,-68.7,5731,962.51
149.2,-2.7,29.1,2011-12-07,0,8.9,29.4,8.699999999999996,5791,964.16
38.8,2.9,27.8,2011-12-08,0,6.800000000000001,22.8,-11.2,5744,970.02
48.5,-1.7,22.1,2011-12-09,0,14.7,21.6,0.0,5722,972.92
211.4,6.0,36.3,2011-12-10,0,21.0,30.3,0.0,5752,964.06
87.8,9.8,25.7,2011-12-11,0,14.6,26.2,10.7,5693,990.34
63.7,16.6,24.3,2011-12-12,0,26.3,25.7,0.0,5633,949.81
102.2,-4.7,29.4,2011-12-13,0,23.7,19.5,-169.5,5665,914.99
150.4,-4.8,28.6,2011-12-14,0,32.2,23.4,0.0,5682,897.08
67.9,1.3,22.6,2011-12-15,0,23.1,17.9,0.0,5692,968.4
71.8,-3.6,19.0,2011-12-16,0,21.3,15.7,0.0,5673,960.8
62.1,-0.4,18.2,2011-12-17,0,30.0,12.4,0.0,5672,942.49
64.0,0.0,19.6,2011-12-18,0,34.5,15.1,0.30000000000000004,5653,997.73
50.4,-13.2,6.3,2011-12-19,0,31.7,12.6,0.0,5673,968.83
64.0,-3.1,13.7,2011-12-20,0,29.2,12.9,0.0,5674,988.42
54.3,-1.9,15.6,2011-12-21,0,32.7,11.7,0.0,5598,997.76
60.1,3.0,24.9,2011-12-22,0,37.5,18.1,0.0,5702,997.76
50.4,-47.4,31.2,2011-12-23,0,35.6,19.7,0.0,5715,964.25
69.8,2.7,24.6,2011-12-24,0,29.9,17.3,0.0,5688,997.73
48.5,-45.0,38.5,2011-12-25,0,17.9,16.4,0.0,5665,915.82
50.4,0.2,25.7,2011-12-26,0,25.0,13.8,0.0,5645,925.64
33.0,-50.9,25.4,2011-12-27,0,22.7,15.9,0.0,5651,936.97
190.3,32.4,41.1,2011-12-28,0,21.8,35.0,0.0,5652,917.78
139.2,31.3,38.8,2011-12-29,0,20.9,45.3,0.0,5685,933.24
125.4,29.5,41.1,2011-12-30,0,20.200000000000003,39.2,0.0,5643,918.7
98.7,4.5,33.4,2011-12-31,0,30.4,27.6,0.0,5692,780.01
126.4,22.6,43.0,2012-02-01,0,21.6,20.7,0.0,5596,962.21
62.1,11.6,42.7,2012-02-05,0,20.0,14.5,0.0,5659,856.12
171.8,30.2,49.6,2012-02-16,0,11.399999999999999,23.9,137.9,5650,1004.63
172.8,33.7,47.7,2012-02-17,0,7.9,31.3,0.0,5633,938.16
145.2,18.1,37.9,2012-02-19,0,15.9,27.7,0.0,5665,881.42
66.0,3.5,29.1,2012-02-20,0,23.299999999999997,16.1,0.0,5658,825.27
91.2,7.0,33.4,2012-02-26,0,17.6,16.7,0.0,5697,790.02
231.2,22.6,42.6,2012-03-01,0,-2.4,33.2,1544.3000000000002,5655,982.48
122.2,12.5,15.9,2012-03-03,0,27.299999999999997,21.6,0.0,5643,779.37
67.9,11.7,31.8,2012-03-04,0,-0.3999999999999999,19.3,42.5,5657,972.55
89.2,17.7,28.5,2012-03-05,0,16.9,21.1,0.0,5735,865.37
114.4,15.3,29.4,2012-03-06,0,11.6,23.3,7.700000000000017,5726,950.91
106.7,7.7,17.5,2012-03-07,0,11.1,21.1,-12.8,5705,959.12
124.2,5.3,13.3,2012-03-08,0,18.0,19.7,-157.9,5690,937.15
251.3,28.3,44.6,2012-03-10,0,2.1,39.8,-18.9,5734,969.65
81.1,-4.9,29.1,2012-03-11,0,29.8,10.4,0.0,5680,833.82
85.4,15.2,28.6,2012-03-13,0,19.9,19.9,0.0,5725,843.55
220.3,15.2,49.7,2012-03-14,0,11.899999999999999,22.9,0.0,5661,885.6
100.9,19.7,30.2,2012-03-15,0,7.199999999999999,21.7,-240.1,5712,918.99
79.4,-1.1,42.4,2012-03-16,0,-1.8,21.3,-6.0,5633,972.82
139.9,10.5,37.5,2012-03-17,0,-9.0,20.9,2899.7000000000003,5568,977.55
102.4,-2.4,35.0,2012-03-18,0,-5.6,21.7,696.8000000000001,5732,969.53
161.7,3.7,36.5,2012-03-19,0,7.2,25.3,9.100000000000001,5731,972.55
175.7,11.8,40.8,2012-03-20,0,1.0999999999999996,31.0,28.10000000000001,5776,969.53
126.5,17.6,40.5,2012-03-21,0,-1.1999999999999997,21.0,-4.5,5744,974.9
56.3,6.0,26.1,2012-03-22,0,7.0,16.8,-422.40000000000003,5741,909.41
38.8,-5.9,22.4,2012-03-23,0,10.5,18.5,-440.8,5760,954.03
56.3,-4.1,22.0,2012-03-24,0,0.0,13.7,-20.4,5733,969.77
38.8,-1.9,34.2,2012-03-25,0,-2.0999999999999996,18.5,-64.7,5752,961.59
56.3,11.1,39.6,2012-03-26,0,-3.0000000000000004,18.0,-300.79999999999995,5825,945.08
38.8,4.8,24.5,2012-03-28,0,8.7,16.1,0.0,5752,912.66
114.2,9.5,47.8,2012-03-30,0,-6.6,21.5,-8.0,5633,961.78
23.3,23.3,39.6,2012-03-31,0,-14.0,20.8,5.699999999999999,5671,980.12
139.6,2.7,37.9,2013-01-17,0,4.1,23.1,-248.4,5717,894.08
121.3,6.9,39.9,2013-01-18,0,9.3,20.6,0.0,5694,931.93
74.3,6.7,38.8,2013-01-19,0,5.699999999999999,20.3,-187.89999999999998,5682,954.42
164.5,31.4,47.6,2013-01-20,0,6.300000000000001,25.7,-129.39999999999998,5642,957.53
126.5,4.0,44.0,2013-01-21,0,15.9,24.4,0.0,5616,947.49
60.1,0.0,15.0,2013-01-22,0,24.8,11.5,0.0,5630,881.33
83.4,4.9,18.8,2013-01-23,0,25.8,9.7,0.0,5628,904.5
95.1,2.4,31.7,2013-01-24,0,23.9,9.7,0.0,5618,925.61
106.7,-28.6,27.5,2013-01-25,0,29.5,8.3,0.0,5620,969.22
85.4,-18.5,27.8,2013-01-26,0,27.2,9.9,0.0,5627,913.5
95.1,-19.2,25.4,2013-01-27,0,30.4,7.8,0.0,5645,888.41
52.4,-16.2,15.0,2013-01-28,0,27.1,9.5,0.0,5655,916.28
58.2,-12.9,23.0,2013-01-29,0,22.6,9.9,0.0,5618,913.19
69.8,6.5,36.7,2013-01-30,0,17.6,12.7,0.0,5598,880.57
75.0,-5.6,33.2,2013-01-31,0,20.0,13.5,0.0,5630,861.77
46.6,-1.9,31.7,2013-02-01,0,12.9,17.7,0.0,5647,964.44
58.2,21.1,33.0,2013-02-02,0,6.1,20.3,0.0,5615,905.38
202.4,28.6,51.3,2013-02-03,0,1.1,25.5,-167.3,5613,904.71
94.4,12.5,36.0,2013-02-04,0,17.9,24.3,0.0,5673,844.62
128.4,14.8,34.6,2013-02-05,0,16.0,24.1,0.0,5711,910.66
44.6,10.9,34.3,2013-02-06,0,14.3,22.1,0.0,5722,870.19
171.2,24.2,46.6,2013-02-07,0,5.9,30.7,0.0,5714,919.39
195.4,30.1,45.7,2013-02-08,0,11.2,34.6,0.0,5691,949.26
159.0,24.9,40.0,2013-02-09,0,20.1,24.9,0.0,5654,938.86
44.6,17.8,13.8,2013-02-10,0,25.4,16.9,0.0,5678,887.59
48.5,-2.1,17.8,2013-02-11,0,19.2,12.0,0.0,5698,915.63
46.6,-0.3,15.4,2013-02-12,0,15.9,11.1,0.0,5693,879.23
66.0,10.5,34.9,2013-02-13,0,12.5,20.1,0.0,5705,892.32
118.1,21.5,48.8,2013-02-14,0,5.9,22.2,0.0,5689,874.13
118.7,21.0,45.8,2013-02-15,0,8.2,22.8,0.0,5694,894.73
119.0,23.3,47.5,2013-02-16,1,11.1,27.9,0.0,5681,888.9
175.4,31.0,42.5,2013-02-17,0,13.399999999999999,34.6,-356.3,5667,957.6
173.5,25.3,36.8,2013-02-18,0,18.2,32.5,0.0,5635,990.59
134.5,-1.2,35.2,2013-02-19,0,11.2,18.1,-21.8,5641,962.94
150.3,14.9,34.7,2013-02-20,0,18.700000000000003,23.7,0.0,5665,923.75
186.4,-1.9,37.9,2013-02-21,0,16.9,21.7,0.0,5669,946.82
44.6,5.2,28.2,2013-02-22,0,12.8,15.1,0.0,5693,952.16
58.2,13.9,35.7,2013-02-23,0,8.7,17.2,0.0,5705,887.8
52.4,11.1,32.2,2013-02-24,0,11.3,17.3,0.0,5697,877.46
90.8,27.0,43.1,2013-02-25,0,11.8,23.6,0.0,5692,907.94
149.8,-1.0,36.6,2013-02-26,0,15.399999999999999,23.0,0.0,5719,919.78
69.8,-11.6,30.8,2013-02-27,0,13.3,17.6,0.0,5739,907.18
131.3,-9.1,34.1,2013-02-28,0,17.0,16.0,0.0,5744,890.79
91.5,-15.8,31.8,2013-03-01,0,22.4,14.7,0.0,5737,902.52
66.0,-16.2,25.6,2013-03-02,0,28.5,10.6,0.0,5747,837.48
71.8,0.5,16.6,2013-03-03,0,14.899999999999999,15.1,0.0,5731,910.66
56.3,-6.6,33.4,2013-03-04,0,9.9,15.4,0.0,5713,929.06
88.2,-7.8,36.2,2013-03-05,0,12.4,17.0,0.0,5724,897.45
98.3,-13.8,35.4,2013-03-06,0,9.7,18.6,0.0,5728,943.04
88.5,19.5,41.7,2013-03-08,0,4.2,20.8,-199.20000000000002,5671,879.56
116.3,5.1,35.6,2013-03-09,0,10.4,21.6,-230.29999999999998,5703,919.24
121.9,5.9,39.8,2013-03-10,0,3.7,22.5,990.1,5707,980.3
85.8,21.0,43.5,2013-03-11,0,-5.6,23.2,1970.6999999999998,5689,977.65
126.4,21.3,48.9,2013-03-13,0,-6.1000000000000005,28.1,1555.0,5732,987.75
117.0,26.0,46.2,2013-03-14,0,-3.4,31.2,1565.5,5736,977.62
274.6,22.2,53.0,2013-03-15,0,-5.6,34.0,2043.6,5726,995.16
153.2,24.8,50.4,2013-03-16,0,-6.199999999999999,34.9,1423.0,5723,927.38
221.7,35.7,53.0,2013-03-17,0,-10.7,39.3,2532.4,5720,985.21
99.9,4.7,40.5,2013-03-18,0,6.8,23.2,0.0,5669,935.01
90.1,21.6,38.6,2013-03-19,0,-0.6999999999999997,26.5,1475.8,5682,967.27
112.3,27.0,45.0,2013-03-20,0,-4.1000000000000005,26.5,1500.9,5715,977.65
102.4,27.5,45.6,2013-03-21,0,-3.8000000000000003,26.2,1367.6000000000001,5725,972.46
154.2,29.8,44.8,2013-03-22,0,-4.7,30.6,2944.2,5713,972.31
143.7,32.2,45.6,2013-03-23,0,-3.8999999999999995,31.3,2983.0,5748,985.12
88.0,21.7,43.4,2013-03-24,0,-3.6,30.4,2065.2,5748,987.72
267.2,35.6,53.0,2013-03-25,0,-3.8000000000000003,35.2,1394.2,5748,927.29
170.2,34.3,49.0,2013-03-26,0,-7.3,34.7,2550.5,5749,985.15
173.0,31.7,46.1,2013-03-27,1,2.8000000000000003,30.6,-384.2,5757,878.31
149.8,29.9,44.3,2013-03-28,0,-4.300000000000001,34.7,2681.8999999999996,5780,974.78
183.2,34.2,45.8,2013-03-29,1,10.1,39.4,0.0,5755,845.6
265.0,39.5,51.7,2013-03-30,0,-1.0,43.0,280.29999999999995,5751,898.73
186.3,29.1,47.2,2013-03-31,0,-3.0,43.3,1566.5,5748,969.59
219.5,30.6,50.6,2013-04-01,0,-8.700000000000001,41.1,2300.9,5752,978.92
241.8,34.1,52.7,2013-04-02,0,-9.3,37.9,1747.8,5748,990.19
225.6,33.5,50.8,2013-04-03,1,-0.5,40.8,194.7,5762,888.35
205.5,35.1,45.7,2013-04-04,0,-1.2999999999999998,42.6,620.5,5751,958.79
185.4,18.8,36.9,2013-04-05,0,4.4,34.6,143.59999999999997,5757,938.98
85.5,15.3,31.1,2013-04-06,0,5.1,29.0,24.30000000000001,5750,930.28
92.5,17.8,39.5,2013-04-07,0,-1.2000000000000002,23.8,754.6,5764,961.59
140.2,22.1,40.6,2013-04-08,0,-0.3999999999999999,24.9,1280.7,5774,961.47
116.2,20.5,36.8,2013-04-09,0,2.4999999999999996,27.9,2149.7,5804,977.37
123.9,29.0,44.3,2013-04-10,1,-2.1,33.2,2421.3,5809,982.53
370.3,37.5,56.9,2013-04-11,0,-10.1,37.3,2669.2999999999997,5799,974.72
115.6,29.2,44.3,2013-04-12,0,2.4000000000000004,37.1,948.9,5790,947.68
231.0,36.0,50.3,2013-04-13,0,0.6000000000000001,36.9,979.0,5814,907.82
215.3,34.5,51.2,2013-04-14,0,2.7,38.1,-431.90000000000003,5748,889.63
177.6,30.3,49.1,2013-04-15,1,3.2,33.5,-348.2,5732,899.92
294.6,33.6,54.3,2013-04-16,1,-11.6,35.2,2634.5,5743,966.81
164.9,22.6,46.9,2013-04-17,1,-0.6000000000000001,35.2,1247.7,5757,956.19
124.5,23.1,46.7,2013-04-18,1,3.0,31.6,-339.7,5719,948.78
133.7,28.4,47.1,2013-04-19,0,-3.9999999999999996,36.1,2023.3999999999999,5737,980.12
180.8,31.5,52.0,2013-04-20,1,-1.7000000000000002,34.1,-135.10000000000002,5735,937.06
215.2,37.4,48.6,2013-04-21,0,0.0,46.5,1143.4,5701,961.93
201.0,32.8,45.6,2013-04-22,1,3.7,39.2,102.30000000000001,5690,956.86
181.6,28.7,47.2,2013-04-23,1,1.1,39.2,758.8000000000001,5715,975.14
206.1,35.3,46.9,2013-04-24,0,2.8,45.2,931.8,5729,964.46
185.2,32.5,41.2,2013-04-25,0,2.8,39.9,1958.8,5750,987.69
158.7,31.9,43.6,2013-04-26,0,1.2999999999999998,36.0,1399.1,5774,964.22
227.8,40.7,49.2,2013-04-27,1,-3.8,53.4,3060.2000000000003,5789,982.47
275.6,41.5,50.4,2013-04-28,0,-4.2,51.2,3415.6,5807,974.59
164.2,33.8,43.3,2013-04-29,0,-0.2999999999999998,47.8,-5.0,5815,971.94
204.3,30.2,46.6,2013-04-30,0,-1.5000000000000004,45.8,-13.6,5825,963.79
298.3,38.1,52.4,2013-05-01,1,-5.7,46.4,3281.2,5840,960.13
347.2,40.3,56.4,2013-05-02,0,-8.1,40.2,3354.7,5803,935.87
304.1,35.5,52.7,2013-05-03,0,-3.1999999999999997,37.8,1278.6999999999998,5787,823.01
381.7,41.8,54.3,2013-05-04,1,-7.6,53.8,-19.2,5790,952.68
364.8,35.7,52.0,2013-05-05,1,-8.3,52.5,1.8000000000000007,5782,952.68
266.0,37.5,48.4,2013-05-06,0,-5.6,55.6,4.0,5792,958.36
266.6,34.3,47.3,2013-05-07,0,-1.7999999999999998,52.5,1798.7,5797,950.06
368.0,40.7,51.5,2013-05-08,0,-5.4,52.1,36.8,5815,971.76
411.7,39.1,54.5,2013-05-09,0,-7.2,52.2,-3.0999999999999996,5815,966.38
112.5,17.0,39.4,2013-05-10,1,-4.300000000000001,38.4,24.9,5809,966.42
344.3,36.9,53.6,2013-05-11,1,-6.2,52.8,-4.0,5838,966.38
450.3,44.3,58.8,2013-05-12,0,-10.399999999999999,49.9,13.3,5808,987.5
262.6,37.8,51.3,2013-05-13,1,-0.5999999999999996,53.8,285.40000000000003,5802,967.0
247.2,33.3,45.3,2013-05-14,0,11.0,55.7,-214.89999999999998,5780,961.96
222.6,35.2,45.5,2013-05-15,0,2.0,54.7,575.3,5809,980.0
276.3,24.9,42.3,2013-05-16,0,13.100000000000001,38.0,0.0,5771,921.56
338.4,36.2,54.3,2013-05-17,1,-6.1000000000000005,49.7,568.4,5791,974.69
334.0,33.1,54.4,2013-05-18,1,-7.699999999999999,55.2,2081.8999999999996,5810,979.81
146.4,28.6,44.8,2013-05-19,1,-2.7,47.8,1760.0,5826,974.59
373.6,36.9,55.2,2013-05-20,0,-6.799999999999999,52.4,2.1999999999999993,5819,979.78
238.8,29.0,46.9,2013-05-21,0,1.4,48.7,1554.2,5826,985.03
228.0,26.8,43.6,2013-05-22,1,6.199999999999999,54.6,1146.2,5829,982.5
263.5,27.0,45.5,2013-05-23,1,4.6,43.3,2168.9,5839,905.3
245.1,29.4,47.5,2013-05-24,0,1.4000000000000004,41.6,0.40000000000000013,5821,943.01
250.4,29.0,48.7,2013-05-25,0,1.8000000000000007,48.1,1579.0,5840,913.32
244.8,36.3,41.6,2013-05-26,0,6.300000000000001,48.6,1804.7,5839,935.87
242.1,35.0,43.7,2013-05-27,0,7.699999999999999,47.4,-7.699999999999989,5823,916.31
251.0,37.8,43.3,2013-05-28,0,7.7,58.3,170.2,5809,933.59
288.2,37.2,41.5,2013-05-29,0,9.0,60.3,96.0,5786,945.4
315.4,31.1,36.6,2013-05-31,0,12.3,50.0,201.9,5771,903.1
260.1,26.6,43.6,2013-06-01,0,0.5,54.9,-10.6,5801,971.19
214.4,32.6,44.0,2013-06-02,0,0.09999999999999964,55.9,2566.2999999999997,5829,977.19
203.7,34.2,41.6,2013-06-03,0,0.0,56.5,-2.5999999999999996,5823,982.38
173.7,28.7,41.0,2013-06-04,0,1.0,52.7,1966.2,5835,966.57
187.9,30.0,44.1,2013-06-05,0,-1.7000000000000002,56.8,2039.8999999999999,5830,966.54
247.7,38.2,44.8,2013-06-06,1,4.3,54.2,4.3,5806,935.92
217.9,36.3,44.0,2013-06-07,0,0.0,62.7,-18.0,5831,958.21
224.6,37.6,43.7,2013-06-08,1,5.1000000000000005,55.3,1008.1999999999999,5824,923.65
244.5,36.5,43.7,2013-06-09,1,3.0999999999999996,57.7,1912.9,5822,915.87
282.8,41.1,47.6,2013-06-10,1,6.7,58.7,16.099999999999994,5816,856.41
269.0,41.5,45.4,2013-06-11,0,4.0,61.7,861.4,5837,916.01
254.9,36.8,41.5,2013-06-12,1,7.699999999999999,51.0,-13.899999999999999,5795,913.73
300.4,34.4,41.7,2013-06-13,0,7.5,56.3,349.6,5790,935.95
304.5,37.1,40.8,2013-06-14,1,8.4,60.5,7.6,5792,938.34
262.7,40.2,43.7,2013-06-15,0,7.0,60.1,193.0,5811,913.65
254.4,38.4,45.6,2013-06-16,1,0.2999999999999998,63.2,1348.8999999999999,5826,990.1
181.9,34.1,44.1,2013-06-17,1,-2.3000000000000003,51.0,1826.1,5826,979.81
216.5,36.0,42.2,2013-06-18,1,4.6,50.9,1671.2,5817,928.54
218.3,40.5,44.2,2013-06-19,1,2.8999999999999995,54.0,2167.8999999999996,5816,928.51
238.9,41.4,45.4,2013-06-20,0,3.1999999999999997,58.1,1440.4,5815,897.25
250.8,39.9,43.2,2013-06-21,1,9.5,59.4,148.79999999999998,5811,931.14
270.4,41.5,44.9,2013-06-22,1,3.1999999999999997,63.1,1526.3,5809,923.54
267.6,34.3,38.7,2013-06-23,1,10.0,57.9,0.20000000000000018,5816,935.92
274.5,38.0,39.2,2013-06-24,0,8.9,62.0,25.699999999999996,5813,943.01
273.6,35.6,38.8,2013-06-25,0,9.3,63.5,1.4,5813,949.99
290.8,40.4,42.2,2013-06-26,0,7.6,66.9,355.40000000000003,5831,913.48
248.3,37.0,42.4,2013-06-27,0,8.5,56.2,-49.9,5807,905.82
266.9,37.1,39.7,2013-06-28,0,9.2,59.9,-30.1,5816,908.27
256.6,40.1,42.6,2013-06-29,1,6.6000000000000005,64.6,470.2,5803,910.87
276.7,41.0,43.0,2013-06-30,0,7.500000000000001,45.9,30.6,5803,949.99
240.9,34.4,39.9,2013-07-01,1,2.7,61.9,1879.3,5792,992.1
259.3,39.1,42.6,2013-07-02,1,5.300000000000001,61.0,1633.0,5814,945.34
259.2,36.0,38.9,2013-07-03,1,8.7,56.5,-12.3,5818,926.12
253.4,35.1,41.5,2013-07-04,0,5.8999999999999995,57.0,1541.6000000000001,5822,943.01
243.3,33.7,40.6,2013-07-05,0,8.2,53.8,333.8,5821,916.12
234.1,33.7,40.2,2013-07-06,0,5.699999999999999,61.8,462.1,5832,961.26
259.6,36.7,43.6,2013-07-07,0,0.7000000000000002,68.8,1954.8,5833,979.81
214.1,33.5,40.7,2013-07-08,0,3.3,66.0,-22.4,5851,946.98
228.5,33.5,41.3,2013-07-09,1,8.7,50.8,96.3,5822,921.23
204.9,31.2,40.4,2013-07-10,1,9.200000000000001,46.6,-172.3,5809,892.2
288.5,40.4,45.7,2013-07-11,1,5.6,61.3,801.4,5790,935.92
281.2,35.0,41.7,2013-07-12,0,8.3,57.9,474.9,5822,933.56
254.6,38.1,41.6,2013-07-13,0,8.7,60.4,15.899999999999999,5806,913.7
249.0,35.9,40.6,2013-07-14,0,7.5,58.0,841.5,5801,935.92
239.0,32.8,38.9,2013-07-15,1,11.5,52.2,0.0,5786,931.25
261.1,35.9,41.2,2013-07-16,0,8.7,58.9,-4.0,5818,935.95
257.5,34.7,39.6,2013-07-17,0,8.700000000000001,58.5,22.8,5814,940.7
252.0,35.7,40.4,2013-07-18,0,10.0,61.2,-4.0,5810,935.95
273.7,40.3,40.8,2013-07-19,1,10.6,67.3,-10.400000000000002,5796,943.06
242.8,31.8,37.4,2013-07-20,0,11.200000000000001,54.6,-18.7,5806,926.2
213.3,30.0,35.7,2013-07-21,1,16.9,46.1,0.0,5787,889.95
288.9,35.7,40.0,2013-07-22,1,9.5,60.4,13.100000000000001,5787,940.7
269.5,30.6,35.9,2013-07-23,1,13.4,53.3,-56.000000000000014,5800,928.73
248.2,33.8,40.8,2013-07-24,1,9.200000000000001,55.0,-117.89999999999999,5800,913.7
266.9,35.8,41.8,2013-07-25,0,8.8,58.9,20.199999999999996,5786,928.7
268.2,38.1,41.5,2013-07-26,0,8.7,64.9,329.20000000000005,5746,938.31
250.8,40.0,42.3,2013-07-27,1,7.8,65.4,238.1,5767,949.99
266.2,37.1,41.8,2013-07-28,0,4.5,55.0,939.8000000000001,5802,889.09
265.7,35.4,38.5,2013-07-29,0,11.700000000000001,59.1,98.60000000000001,5768,949.99
316.5,37.3,40.8,2013-07-30,0,10.5,60.4,71.6,5745,938.37
250.3,37.2,41.2,2013-07-31,0,9.9,58.0,-83.1,5765,897.8
247.7,31.8,39.4,2013-08-01,0,3.5,60.2,1764.6999999999998,5788,992.1
249.8,34.1,40.7,2013-08-02,0,6.800000000000001,52.4,48.8,5812,949.99
245.1,38.0,42.1,2013-08-03,0,1.3999999999999995,66.8,2470.7,5826,995.07
229.2,37.0,42.4,2013-08-04,1,2.6999999999999997,64.0,1126.8,5828,972.0
242.9,35.1,42.7,2013-08-05,0,6.1000000000000005,55.6,-15.9,5827,935.95
279.9,38.8,40.8,2013-08-06,1,9.6,55.5,197.0,5820,949.99
269.7,34.3,42.6,2013-08-07,1,5.3,64.3,-31.200000000000003,5824,969.5
240.8,38.3,43.7,2013-08-08,1,5.800000000000001,66.9,165.1,5814,969.53
240.3,38.1,45.3,2013-08-09,1,5.3,66.6,65.10000000000001,5814,974.87
204.8,34.8,42.7,2013-08-10,0,4.3,59.6,424.0,5824,961.32
227.9,38.4,41.4,2013-08-11,0,4.7,68.2,1331.2,5824,985.06
239.4,37.1,40.9,2013-08-12,0,8.1,67.4,1223.9,5814,999.98
219.3,35.4,44.9,2013-08-13,0,-0.5999999999999996,60.7,1913.5,5812,995.1
216.6,38.4,45.7,2013-08-14,1,-0.5999999999999996,65.1,1924.8000000000002,5822,987.56
220.7,39.5,45.1,2013-08-15,0,-1.3000000000000007,68.5,2390.6000000000004,5816,985.0
207.1,35.5,40.8,2013-08-16,1,8.0,62.3,-100.5,5820,958.76
219.2,35.5,43.1,2013-08-17,1,5.6,56.0,1071.1000000000001,5819,931.06
225.2,36.1,42.4,2013-08-18,0,7.1000000000000005,53.1,279.20000000000005,5796,911.04
255.4,39.6,41.7,2013-08-19,1,9.399999999999999,64.9,-1.0,5755,947.71
250.5,34.4,39.8,2013-08-20,1,11.5,53.4,0.0,5795,903.49
283.1,37.1,40.9,2013-08-21,0,8.100000000000001,57.5,208.1,5735,938.4
252.4,37.0,40.5,2013-08-22,0,7.0,55.3,1066.2,5805,940.68
235.7,36.9,42.2,2013-08-23,0,7.7,51.2,-34.2,5824,931.17
214.4,34.1,42.0,2013-08-24,1,4.6,58.6,-58.8,5817,955.89
221.0,35.4,42.0,2013-08-25,1,8.299999999999999,49.5,-67.0,5816,878.0
233.0,38.9,42.1,2013-08-26,1,5.2,52.3,1509.9,5816,905.38
278.3,42.1,45.4,2013-08-27,0,2.0,66.6,2361.4,5802,949.99
256.0,39.1,41.2,2013-08-28,0,5.800000000000001,72.5,528.3,5813,999.98
247.0,35.1,41.7,2013-08-29,0,4.699999999999999,64.2,891.0,5823,990.13
257.5,35.3,39.9,2013-08-30,1,5.2,66.1,1580.3,5833,987.56
223.7,33.3,38.0,2013-08-31,0,6.3,59.3,1266.3999999999999,5836,958.36
249.2,36.6,40.4,2013-09-01,1,1.0,31.5,18.9,5841,981.7
239.0,40.1,46.8,2013-09-02,0,2.7,72.4,972.1,5835,997.57
226.9,32.5,39.2,2013-09-03,0,8.600000000000001,59.5,0.0,5826,958.69
269.3,40.0,44.7,2013-09-04,0,1.9999999999999996,67.8,1413.1,5821,987.59
238.8,30.7,43.6,2013-09-05,1,-0.6000000000000005,58.4,3261.8,5821,984.94
220.0,24.1,40.1,2013-09-06,0,1.0,55.9,3555.2,5814,984.94
190.0,31.8,41.3,2013-09-07,1,0.0,60.8,2747.7000000000003,5805,995.07
208.3,37.1,42.9,2013-09-08,1,-0.09999999999999964,65.7,2325.9,5796,992.6
221.6,39.0,43.0,2013-09-09,1,4.2,65.5,860.6999999999999,5794,990.16
210.8,39.1,45.5,2013-09-10,0,-1.0999999999999996,64.1,2008.3999999999999,5795,987.59
204.4,38.0,43.8,2013-09-11,0,1.7999999999999998,62.9,948.5,5780,969.53
202.7,34.7,41.8,2013-09-12,0,3.1000000000000005,58.6,1258.1000000000001,5810,966.72
202.5,34.7,41.6,2013-09-13,1,3.2,57.2,1305.0,5824,950.03
232.5,35.5,44.1,2013-09-14,0,3.0,56.6,813.7,5814,932.48
210.4,33.5,43.5,2013-09-15,1,2.8,56.7,1018.6,5805,987.63
230.3,36.7,44.0,2013-09-16,1,0.9000000000000004,60.0,3.5,5808,997.54
258.1,39.7,41.5,2013-09-17,1,3.1999999999999997,66.5,566.3,5807,999.98
253.3,38.6,44.6,2013-09-18,1,2.2,59.0,2039.3,5804,945.37
313.4,43.4,46.6,2013-09-19,1,3.2,60.0,1769.3,5792,949.99
272.6,39.1,42.3,2013-09-20,0,1.4000000000000004,65.8,1822.2,5820,997.54
239.6,34.1,41.4,2013-09-21,0,0.3000000000000007,58.4,1005.7,5811,999.98
233.4,34.5,42.4,2013-09-22,0,0.5,57.4,843.8,5806,999.98
214.8,34.3,44.2,2013-09-23,0,0.8999999999999999,57.8,1123.1,5802,987.63
229.4,38.9,45.8,2013-09-24,0,-1.2000000000000002,64.6,2418.1,5815,999.98
222.4,35.5,45.3,2013-09-25,1,-3.3000000000000003,59.3,3417.1,5811,990.04
212.2,37.9,47.0,2013-09-26,1,-2.4,62.6,2279.6,5805,985.0
226.5,38.7,44.6,2013-09-27,1,1.7999999999999998,65.6,1480.5,5813,979.9
229.1,38.8,46.1,2013-09-28,0,1.1,65.1,1221.1,5806,987.63
260.3,41.0,45.1,2013-09-29,1,1.3000000000000003,72.0,1835.3,5805,999.98
271.8,38.7,44.2,2013-09-30,1,5.699999999999999,67.9,391.9,5788,999.98
289.2,40.4,45.2,2013-10-01,0,3.1,70.6,962.2,5799,997.57
255.1,39.4,45.9,2013-10-02,0,-0.09999999999999964,63.8,1752.0,5801,999.98
229.4,39.2,43.6,2013-10-03,1,0.10000000000000053,64.9,2200.0,5797,999.98
235.9,38.6,44.9,2013-10-05,0,-1.0,61.4,2846.8,5796,999.98
247.9,40.6,46.0,2013-10-06,1,0.8000000000000007,65.2,1654.6,5791,997.57
191.8,33.1,42.8,2013-10-09,0,5.0,51.5,114.4,5744,975.08
205.0,30.8,43.2,2013-10-10,0,0.10000000000000009,51.0,1805.8999999999999,5801,910.45
190.2,24.4,39.5,2013-10-11,0,5.300000000000001,46.1,985.6,5790,958.66
266.1,31.8,40.5,2013-10-12,1,2.9,62.6,3331.3999999999996,5798,999.98
342.7,31.2,42.9,2013-10-13,0,4.2,54.7,106.60000000000001,5793,950.45
266.6,34.2,38.1,2013-10-14,1,9.1,51.8,-34.3,5802,923.72
263.3,34.6,43.7,2013-10-15,0,5.8,54.8,12.0,5783,974.96
221.8,23.0,37.7,2013-10-16,0,9.4,47.9,-47.699999999999996,5810,958.76
180.7,23.0,33.5,2013-10-17,0,10.8,42.7,117.2,5793,969.56
214.4,30.2,41.8,2013-10-18,1,0.2999999999999998,49.1,2859.7,5795,935.1
162.8,27.3,36.9,2013-10-19,0,7.699999999999999,43.2,184.0,5771,941.79
184.5,35.5,42.6,2013-10-22,0,2.5,54.9,-4.300000000000001,5749,980.12
168.0,30.4,41.3,2013-10-23,0,9.0,47.5,0.0,5736,953.87
225.2,38.1,42.7,2013-10-24,0,5.6000000000000005,57.5,1388.0,5756,999.98
246.1,34.9,42.5,2013-10-26,0,9.6,36.3,0.0,5755,982.86
176.4,27.6,41.0,2013-10-27,0,10.0,46.1,0.0,5752,977.83
174.0,24.2,35.8,2013-10-28,0,9.4,32.1,-6.0,5745,985.31
164.6,-5.0,41.7,2013-10-29,0,2.8000000000000003,26.5,-21.799999999999997,5753,959.09
95.5,4.4,33.4,2013-10-30,0,6.1,20.7,-78.60000000000001,5758,961.93
104.4,-4.1,33.5,2013-10-31,0,8.5,18.2,0.0,5748,912.43
72.8,-29.4,32.3,2013-11-01,0,4.9,15.4,-57.2,5733,999.11
52.4,-14.8,28.7,2013-11-02,0,13.3,14.8,0.0,5740,916.21
151.0,8.8,37.1,2013-11-03,0,13.2,24.9,0.0,5751,853.16
114.2,-8.1,36.6,2013-11-04,0,10.4,20.7,0.0,5741,857.01
95.7,-29.4,30.4,2013-11-05,0,16.9,13.0,0.0,5728,880.29
29.1,4.3,22.2,2013-11-06,0,9.1,21.3,-8.7,5747,970.05
21.3,-26.6,-1.8,2013-11-07,0,13.7,12.5,0.0,5750,913.74
31.0,5.9,32.6,2013-11-08,0,5.3999999999999995,23.9,0.0,5727,945.85
36.9,-13.5,12.0,2013-11-09,0,13.5,14.0,0.0,5735,884.14
42.7,0.4,18.7,2013-11-10,0,17.799999999999997,13.2,0.0,5734,911.24
52.4,-2.6,22.3,2013-11-11,0,16.4,14.7,0.0,5728,917.25
38.8,0.2,29.8,2013-11-12,0,22.2,16.2,0.0,5731,895.65
48.5,-5.2,29.0,2013-11-13,0,23.2,18.4,0.0,5719,905.17
60.1,-28.4,30.4,2013-11-14,0,29.0,13.5,0.0,5707,812.36
40.7,-30.5,26.7,2013-11-15,0,27.6,15.2,0.0,5733,868.42
54.7,14.6,31.0,2013-11-16,0,19.6,24.9,0.0,5731,926.25
119.5,-3.1,38.1,2013-11-17,0,19.9,21.8,0.0,5748,874.13
38.8,-9.0,11.7,2013-11-19,0,15.7,10.0,0.0,5713,863.2
29.1,4.2,25.8,2013-11-20,0,16.7,17.5,0.0,5728,916.95
34.9,-8.1,12.8,2013-11-21,0,20.7,12.2,0.0,5710,867.36
184.7,30.6,40.1,2013-11-22,0,17.6,31.7,0.0,5725,907.36
145.2,8.6,38.9,2013-11-23,0,22.6,20.5,0.0,5723,852.52
203.6,12.0,40.5,2013-11-24,0,11.600000000000001,29.2,0.0,5745,942.89
66.0,-36.3,17.9,2013-11-25,0,34.5,7.0,0.0,5761,821.27
38.8,-38.4,19.2,2013-11-26,0,30.0,12.2,0.0,5780,901.72
31.0,-26.4,23.3,2013-11-27,0,26.3,14.6,0.0,5775,885.09
207.2,9.8,36.9,2013-11-28,0,15.7,31.4,0.0,5775,928.18
173.8,-6.8,40.6,2013-11-29,0,14.8,30.1,0.0,5738,873.18
146.4,0.6,35.7,2013-11-30,0,19.299999999999997,23.5,0.0,5728,839.86
66.0,-31.7,9.6,2013-12-01,0,18.8,14.5,0.0,5721,983.18
58.2,-3.2,24.3,2013-12-02,0,16.0,15.9,0.0,5723,887.8
27.2,-30.3,10.9,2013-12-03,0,20.200000000000003,11.5,0.0,5714,863.91
97.5,-31.1,28.8,2013-12-04,0,26.2,15.4,0.0,5725,864.46
113.9,-29.8,31.8,2013-12-05,0,23.4,14.9,0.0,5701,871.87
81.4,-33.3,27.1,2013-12-06,0,24.299999999999997,13.2,0.0,5708,856.8
123.7,-2.6,35.3,2013-12-07,0,18.1,18.4,0.0,5706,895.4
77.8,1.2,33.6,2013-12-08,0,11.0,22.1,-35.3,5721,951.58
50.4,-5.2,28.7,2013-12-09,0,16.5,19.1,0.0,5710,938.1
79.6,14.1,40.5,2013-12-10,0,10.3,24.5,0.0,5703,975.69
50.4,-1.1,25.1,2013-12-11,0,10.6,16.0,0.0,5700,922.81
123.0,-2.8,30.3,2013-12-12,0,11.5,18.0,-54.0,5685,940.44
132.7,-7.4,26.6,2013-12-13,0,16.2,17.5,-75.0,5662,940.57
132.6,12.8,43.7,2013-12-14,0,0.6000000000000001,20.4,40.30000000000001,5654,946.3
73.7,9.0,37.9,2013-12-15,0,10.399999999999999,14.3,0.0,5651,955.43
58.2,-3.6,14.1,2013-12-16,0,18.5,13.0,0.0,5656,929.21
64.0,-3.9,11.2,2013-12-17,0,26.799999999999997,14.0,0.0,5692,935.56
141.5,0.7,23.1,2013-12-18,0,26.1,21.9,-27.099999999999998,5695,975.75
115.4,-18.5,21.1,2013-12-19,0,26.799999999999997,17.4,0.0,5692,932.6
152.1,9.4,25.8,2013-12-20,0,18.1,23.5,151.70000000000002,5663,980.61
133.3,21.1,30.3,2013-12-21,0,11.5,26.2,326.2,5680,982.93
135.6,4.4,32.0,2013-12-22,0,9.899999999999999,27.6,208.9,5680,999.98
138.9,3.2,31.1,2013-12-23,0,12.6,25.7,61.7,5713,999.98
160.0,-2.7,33.4,2013-12-24,0,17.5,22.1,0.0,5711,910.75
75.7,-10.1,24.9,2013-12-25,0,29.1,15.0,0.0,5703,968.7
89.2,-22.1,7.8,2013-12-26,0,33.4,9.1,0.0,5711,883.96
95.1,-32.9,8.6,2013-12-27,0,32.1,6.1,0.0,5705,858.9
122.9,-0.3,32.0,2013-12-28,0,18.1,19.8,0.0,5696,975.85
103.2,-4.9,29.1,2013-12-29,0,27.0,14.4,0.0,5682,955.58
148.9,-0.8,37.0,2013-12-30,0,23.299999999999997,18.8,0.0,5671,955.64
98.9,2.4,27.8,2013-12-31,0,21.0,16.6,0.0,5670,909.5
44.6,6.7,24.7,2014-02-01,0,18.0,12.9,0.0,5662,984.75
62.1,-7.6,12.2,2014-02-02,0,37.3,10.0,0.0,5691,950.85
36.9,6.2,13.5,2014-02-03,0,31.5,11.5,0.0,5711,955.89
81.5,6.7,20.3,2014-02-04,0,24.9,17.2,0.0,5705,980.97
83.4,6.6,30.7,2014-02-05,0,11.899999999999999,13.4,0.0,5688,935.5
177.1,15.2,31.3,2014-02-06,0,19.1,23.8,0.0,5699,929.0
189.2,4.4,29.6,2014-02-07,0,15.7,23.8,-28.400000000000006,5689,942.95
178.2,21.7,37.0,2014-02-08,0,12.2,27.8,-38.099999999999994,5719,977.95
198.3,28.3,35.8,2014-02-09,0,15.399999999999999,29.0,-58.8,5720,977.95
211.8,10.4,33.2,2014-02-10,0,17.6,26.4,-131.89999999999998,5697,928.54
152.9,12.0,32.5,2014-02-11,0,19.9,24.3,0.0,5674,914.2
172.8,19.1,34.5,2014-02-12,0,21.9,23.0,0.0,5665,914.96
127.1,2.6,32.3,2014-02-13,0,20.6,19.2,0.0,5673,941.48
120.6,17.5,39.0,2014-02-14,0,15.700000000000001,25.9,0.0,5686,923.93
123.9,18.2,35.3,2014-02-15,0,14.5,28.4,0.0,5676,932.57
177.1,32.8,45.2,2014-02-16,0,9.9,38.5,0.0,5632,985.73
232.1,32.4,45.2,2014-02-17,0,6.9,38.9,76.4,5619,999.98
98.9,6.6,10.4,2014-02-18,0,39.5,30.9,0.0,5645,859.3
58.2,10.5,17.4,2014-02-19,0,25.200000000000003,18.0,0.0,5696,918.2
69.8,-14.6,15.8,2014-02-20,0,21.4,12.8,0.0,5694,912.19
129.8,-4.5,38.2,2014-02-21,0,9.6,19.2,0.0,5678,943.59
158.1,12.1,40.4,2014-02-22,0,6.3,22.6,-38.9,5686,983.05
148.7,26.4,40.9,2014-02-23,0,10.3,29.5,0.0,5677,937.97
192.9,33.5,49.4,2014-02-24,0,1.2999999999999998,35.7,-62.599999999999994,5664,943.25
135.6,22.3,37.9,2014-02-25,0,13.8,35.7,0.0,5688,884.41
163.5,4.8,40.3,2014-02-26,0,6.7,29.7,-33.199999999999996,5692,948.65
207.3,25.0,50.0,2014-02-27,0,2.5,29.6,-255.2,5675,919.69
213.3,33.3,49.7,2014-02-28,0,3.5,35.0,0.0,5643,937.97
71.8,3.2,39.3,2014-03-01,0,2.8,24.9,-173.0,5658,993.32
175.6,26.4,43.0,2014-03-02,0,12.1,32.6,0.0,5654,949.39
156.2,5.5,41.1,2014-03-03,0,7.2,26.2,-67.5,5666,975.51
64.0,-26.4,11.3,2014-03-04,0,12.600000000000001,10.1,0.0,5656,840.19
166.0,18.0,42.3,2014-03-05,0,10.4,26.4,0.0,5643,962.97
157.4,7.3,43.8,2014-03-06,0,4.0,26.2,-90.8,5643,931.84
76.1,16.6,38.0,2014-03-07,0,5.800000000000001,24.8,0.0,5655,900.99
109.9,19.7,38.1,2014-03-08,0,9.8,21.5,0.0,5659,843.06
112.4,-4.4,41.3,2014-03-09,0,8.1,20.0,0.0,5669,862.47
86.0,21.4,39.3,2014-03-10,0,10.7,21.2,0.0,5669,870.47
152.6,28.2,44.3,2014-03-11,0,1.9999999999999998,30.6,-19.39999999999999,5663,940.23
151.2,7.3,41.3,2014-03-12,0,3.5999999999999996,26.7,-66.3,5714,959.43
161.5,23.3,45.7,2014-03-13,0,0.7000000000000002,32.5,-71.69999999999999,5724,948.23
237.1,26.9,50.4,2014-03-14,0,-2.6999999999999997,34.4,-50.5,5703,930.71
163.0,17.8,47.9,2014-03-15,0,2.6999999999999997,26.9,-364.40000000000003,5706,868.55
96.2,-3.2,42.2,2014-03-16,0,6.3,19.9,0.0,5715,879.99
112.0,9.6,43.8,2014-03-17,0,-0.2999999999999998,23.8,-95.9,5734,982.83
149.4,20.4,43.2,2014-03-18,0,1.0,30.8,892.1999999999999,5734,987.75
267.3,36.2,54.9,2014-03-19,0,-12.6,38.3,1738.3,5722,980.06
251.0,35.9,52.9,2014-03-20,0,-3.0,27.7,338.50000000000006,5708,892.75
289.2,18.5,53.2,2014-03-21,0,2.1,25.2,-644.2,5702,841.87
144.6,28.7,49.3,2014-03-22,1,-2.9,29.9,9.700000000000001,5699,997.6
345.6,33.9,55.6,2014-03-23,1,2.5,37.5,-142.60000000000002,5695,946.09
252.1,34.7,54.0,2014-03-24,1,-3.5999999999999996,38.0,2216.0,5696,999.98
258.2,34.8,51.8,2014-03-25,0,-5.5,37.8,1482.5,5718,987.75
186.9,33.1,47.6,2014-03-26,0,-3.1999999999999997,40.0,1811.3,5744,992.69
220.4,36.8,50.4,2014-03-27,0,-6.8,40.0,2460.6,5765,977.43
180.4,34.6,43.1,2014-03-28,0,-3.8000000000000003,41.6,4327.7,5789,990.07
166.2,14.2,41.6,2014-03-29,0,-2.4000000000000004,26.2,2214.0,5797,950.21
178.0,30.7,46.2,2014-03-30,0,-3.4000000000000004,29.0,1552.5,5810,910.9
210.4,32.0,50.3,2014-03-31,0,-1.4999999999999998,32.3,-427.0,5780,866.65
240.1,34.8,51.4,2014-04-01,0,-5.2,38.5,1472.5,5762,952.34
236.3,33.8,52.4,2014-04-02,0,-7.9,34.6,1422.1999999999998,5750,953.26
198.7,31.4,51.5,2014-04-03,0,-9.8,34.1,2498.5,5747,974.78
199.1,30.8,51.5,2014-04-04,0,-12.0,40.2,31.499999999999996,5747,977.28
114.8,26.7,42.6,2014-04-05,0,-4.3,32.6,2161.8,5743,990.19
143.9,25.5,39.3,2014-04-06,0,-0.8999999999999999,37.0,2037.1999999999998,5754,992.63
147.3,23.3,36.8,2014-04-07,0,4.8,33.0,1257.2,5780,953.08
201.6,33.0,49.9,2014-04-08,0,-6.6,40.8,-11.8,5803,963.88
320.4,39.0,55.0,2014-04-09,0,-10.0,46.8,-11.3,5777,966.69
67.4,21.8,42.3,2014-04-10,0,-10.0,35.8,2625.5,5754,958.54
38.8,14.7,36.3,2014-04-11,0,-1.2000000000000002,20.7,497.6,5721,902.36
210.1,29.9,52.8,2014-04-12,0,-6.0,28.9,1132.7,5721,885.03
217.9,29.6,53.8,2014-04-13,0,-5.9,30.9,978.9,5730,898.94
98.6,23.7,50.0,2014-04-14,0,-8.799999999999999,28.2,1938.6,5740,985.21
46.6,14.4,42.7,2014-04-15,0,0.20000000000000018,21.8,121.79999999999995,5744,921.71
180.5,31.1,50.0,2014-04-16,0,-4.800000000000001,32.7,2399.1,5770,958.66
244.2,32.5,51.7,2014-04-17,0,-7.5,38.6,2986.7,5783,947.25
240.6,36.7,52.7,2014-04-18,0,-4.4,41.3,1336.0,5781,891.04
160.5,34.0,48.0,2014-04-19,0,-2.4000000000000004,40.3,1639.8,5776,938.77
163.1,28.8,47.6,2014-04-20,0,-1.8000000000000003,36.2,1421.3000000000002,5784,923.75
141.7,26.7,46.0,2014-04-21,0,4.4,37.2,-411.8,5787,874.34
158.1,29.1,43.3,2014-04-22,0,5.3,36.7,-377.90000000000003,5796,873.83
199.0,35.1,47.5,2014-04-23,0,1.1,41.6,694.3,5803,894.42
159.7,33.5,47.8,2014-04-24,0,-3.8000000000000003,36.7,1478.2,5782,914.11
244.6,30.8,49.9,2014-04-25,0,-4.0,37.4,2360.4,5787,929.4
246.0,36.0,51.7,2014-04-26,0,-8.3,43.4,3652.5,5794,977.22
161.4,30.8,46.5,2014-04-27,0,-2.3,38.9,2954.4,5794,969.35
436.0,42.6,61.6,2014-04-28,0,-18.7,48.0,3535.2000000000003,5793,977.25
175.3,30.7,49.1,2014-04-29,0,-3.0999999999999996,37.4,1636.5,5801,950.18
226.8,31.2,51.1,2014-04-30,0,0.20000000000000018,36.0,443.9,5804,941.88
145.8,33.2,50.0,2014-05-01,1,-10.0,37.3,3743.8999999999996,5791,973.1
278.9,36.5,51.5,2014-05-02,1,1.3000000000000003,49.5,206.3,5772,936.42
293.1,32.4,56.6,2014-05-03,1,-4.5,37.4,169.70000000000005,5785,924.51
279.2,34.4,53.3,2014-05-04,1,0.3999999999999999,40.5,111.29999999999995,5775,961.93
136.8,27.1,45.4,2014-05-05,0,10.0,31.8,0.0,5781,868.82
220.6,38.1,50.2,2014-05-06,0,-2.9,50.6,1398.4,5767,985.18
219.4,34.8,50.1,2014-05-07,0,-4.5,45.6,1221.6,5780,941.57
258.1,38.1,45.7,2014-05-08,0,0.20000000000000018,51.9,1985.8999999999999,5797,955.58
257.4,38.0,45.9,2014-05-09,0,1.4000000000000004,54.9,1850.8,5815,949.97
225.2,36.6,47.9,2014-05-10,0,2.1,51.0,73.89999999999998,5815,880.51
370.6,34.1,39.9,2014-05-11,0,6.2,55.0,474.50000000000006,5796,941.64
147.6,25.5,39.5,2014-05-12,0,6.5,37.5,238.90000000000003,5765,961.72
122.3,25.0,40.9,2014-05-13,0,6.8,30.6,-50.0,5728,945.42
305.2,41.3,51.9,2014-05-14,0,-7.4,54.3,3406.0,5814,960.92
388.4,41.3,55.3,2014-05-15,0,-8.799999999999999,56.7,3400.1000000000004,5801,966.45
29.1,18.7,35.2,2014-05-16,0,-3.3999999999999995,30.4,891.1,5798,929.43
335.7,37.8,52.8,2014-05-31,1,0.0,44.3,629.3,5815,908.29
248.8,35.0,40.2,2014-06-01,1,12.100000000000001,59.8,-106.5,5809,985.64
248.0,33.4,40.2,2014-06-02,0,4.699999999999999,59.4,2119.6,5826,974.56
216.9,25.8,38.8,2014-06-03,0,9.600000000000001,53.2,-110.7,5836,953.08
192.4,24.6,37.9,2014-06-04,0,6.199999999999999,49.6,1233.6,5841,961.11
179.8,33.5,40.0,2014-06-05,0,7.2,45.1,1641.9,5844,940.65
222.0,36.7,44.9,2014-06-06,0,4.3,48.1,1465.3,5830,933.45
251.2,38.2,45.4,2014-06-07,0,4.799999999999999,44.8,1656.6,5833,938.26
211.0,24.6,44.6,2014-06-08,0,3.4,43.0,1296.6000000000001,5816,931.01
277.0,24.8,42.0,2014-06-09,0,6.2,46.2,-3.6,5825,938.26
231.2,31.7,48.4,2014-06-10,0,2.0999999999999996,45.2,1412.2,5814,940.65
277.1,36.4,48.9,2014-06-11,1,1.4000000000000004,51.4,2143.5,5814,930.92
238.7,32.2,47.7,2014-06-12,1,1.5999999999999996,43.1,2216.7,5821,896.98
268.9,37.2,47.7,2014-06-13,1,0.09999999999999964,55.7,3918.5,5805,947.68
201.0,34.3,46.7,2014-06-14,1,-5.800000000000001,42.0,5072.400000000001,5800,949.99
226.4,39.6,45.5,2014-06-15,1,-2.9000000000000004,55.6,4527.6,5812,912.85
221.2,37.5,45.2,2014-06-16,1,2.8,48.7,1545.8999999999999,5803,905.33
181.9,31.4,40.7,2014-06-17,1,12.0,42.1,0.0,5797,827.24
247.4,38.3,45.7,2014-06-18,1,1.0,60.2,2484.1000000000004,5797,933.37
258.9,41.0,44.0,2014-06-19,1,5.3999999999999995,65.7,890.3,5787,933.45
278.8,40.3,42.8,2014-06-20,1,8.7,66.9,324.3,5776,918.59
288.2,38.2,42.3,2014-06-21,0,7.8999999999999995,60.8,18.599999999999994,5780,894.86
309.9,41.2,44.7,2014-06-22,0,2.3,61.7,1679.1999999999998,5802,918.43
287.7,44.2,47.9,2014-06-23,0,1.5,61.1,1449.2,5819,849.13
274.6,43.1,49.1,2014-06-24,0,-6.9,60.8,5971.2,5798,933.18
236.7,32.6,46.7,2014-06-25,1,1.2999999999999998,47.0,1658.6000000000001,5784,933.42
214.4,37.9,46.8,2014-06-26,0,0.0,56.9,1567.3000000000002,5820,902.64
227.6,37.8,41.8,2014-06-27,0,5.1,62.9,408.40000000000003,5821,958.51
222.3,36.7,39.0,2014-06-28,1,4.7,68.5,1482.1,5842,987.53
215.6,34.5,39.2,2014-06-29,1,10.2,51.3,-44.2,5808,892.03
226.2,35.6,43.4,2014-06-30,1,9.9,51.3,-213.4,5800,881.07
224.7,36.7,39.7,2014-07-01,1,5.4,65.8,-2.0,5777,991.61
217.3,31.9,37.9,2014-07-02,1,14.0,50.8,0.0,5799,903.4
215.3,30.4,35.4,2014-07-03,1,15.299999999999999,49.9,0.0,5787,895.11
240.7,38.0,40.5,2014-07-04,0,9.6,64.8,0.7000000000000002,5769,940.73
266.1,33.8,38.1,2014-07-05,1,9.8,56.1,-4.800000000000001,5797,913.54
280.5,39.1,43.6,2014-07-06,0,1.6000000000000005,70.8,1752.6,5840,982.41
157.0,26.2,36.8,2014-07-07,1,6.1000000000000005,49.5,-148.70000000000002,5836,929.61
261.7,37.7,43.6,2014-07-08,0,6.500000000000001,57.3,948.8,5828,931.03
233.0,38.3,45.6,2014-07-09,1,0.5,61.3,2726.0,5825,947.68
239.6,35.6,44.8,2014-07-10,1,3.8000000000000003,55.3,1118.2,5817,905.46
239.2,37.5,41.9,2014-07-11,0,4.3,57.6,1158.1000000000001,5812,921.04
287.1,38.7,42.3,2014-07-12,1,7.299999999999999,64.0,956.9,5816,935.9
255.7,30.6,36.7,2014-07-13,1,17.8,48.3,0.0,5817,869.7
262.6,37.1,41.0,2014-07-14,0,6.8999999999999995,59.9,939.8,5819,938.29
222.7,28.8,33.6,2014-07-15,0,17.2,48.8,0.0,5795,898.02
292.4,38.2,40.8,2014-07-30,1,13.4,63.1,1127.0,5823,949.99
267.2,34.7,39.8,2014-07-31,0,8.5,57.2,13.7,5822,943.04
220.2,31.6,38.7,2014-08-01,0,2.5999999999999996,58.7,-6.199999999999999,5838,974.53
246.3,39.0,42.3,2014-08-02,0,5.6000000000000005,59.5,915.8000000000001,5829,938.29
241.1,31.1,37.2,2014-08-03,0,14.5,48.0,0.0,5796,895.25
279.3,32.1,35.8,2014-08-04,0,16.2,54.0,0.0,5833,906.04
296.6,38.2,39.4,2014-08-05,1,9.6,64.5,426.2,5801,940.7
254.1,37.9,41.5,2014-08-06,1,7.5,59.5,913.0,5837,928.62
240.4,40.6,42.4,2014-08-07,1,4.699999999999999,64.3,1813.8,5826,918.48
270.3,42.5,44.6,2014-08-08,1,5.9,65.9,1112.1000000000001,5823,949.99
249.6,33.3,39.9,2014-08-09,0,11.7,53.5,0.0,5824,913.76
249.4,35.3,39.6,2014-08-10,0,10.5,55.0,-1648.6,5831,918.79
234.1,31.9,36.9,2014-08-11,0,9.5,55.9,-102.10000000000001,5833,926.65
208.6,27.3,37.4,2014-08-12,1,13.8,40.6,0.0,5799,884.43
243.7,37.1,41.5,2014-08-13,1,7.5,54.7,223.20000000000002,5821,877.7
271.1,41.0,43.0,2014-08-14,1,6.3,65.0,1262.2,5829,921.04
182.4,29.4,37.8,2014-08-15,1,11.8,53.5,0.0,5812,930.28
258.0,41.9,45.4,2014-08-16,0,8.2,75.6,11.8,5819,999.98
251.6,38.6,44.1,2014-08-17,1,3.1999999999999997,72.3,-9.1,5814,992.63
235.2,35.1,40.7,2014-08-18,1,3.8,65.0,1604.0,5816,990.1
201.0,31.2,38.9,2014-08-19,1,9.799999999999999,51.6,-64.80000000000001,5807,953.54
244.2,36.5,44.2,2014-08-20,1,8.3,38.3,35.6,5807,999.98
230.4,39.3,43.3,2014-08-21,1,3.5,65.7,1320.5,5838,992.6
236.4,39.1,43.7,2014-08-22,1,-0.10000000000000053,68.2,3131.2000000000003,5830,997.54
260.8,38.2,44.3,2014-08-23,1,0.2999999999999998,68.5,2199.1,5825,982.41
250.1,40.0,44.4,2014-08-24,1,1.0,65.0,617.9,5825,984.97
215.6,38.4,44.3,2014-08-25,1,1.1000000000000005,66.0,5.3,5828,985.0
269.6,45.3,49.8,2014-08-26,0,-2.6,74.2,3769.5,5825,999.98
235.9,40.0,47.0,2014-08-27,1,-2.2,59.9,567.4,5841,999.98
251.7,37.6,44.0,2014-08-28,1,-0.20000000000000018,68.3,2776.3,5808,999.98
246.5,37.8,43.8,2014-08-29,1,1.6999999999999997,65.9,3.8,5819,997.54
249.5,35.6,40.5,2014-08-30,0,4.2,64.5,1427.3,5826,999.98
233.3,38.0,42.1,2014-08-31,1,2.6,68.1,1880.8,5816,995.07
295.1,37.0,40.5,2014-09-01,0,3.8999999999999995,69.6,1711.6999999999998,5819,987.56
257.3,37.9,43.1,2014-09-02,0,3.3999999999999995,67.8,866.9,5806,995.1
248.8,36.8,41.2,2014-09-03,1,6.2,63.7,473.9,5812,987.66
227.4,33.9,41.8,2014-09-04,0,2.7,62.6,-0.09999999999999998,5820,997.54
229.2,32.5,41.0,2014-09-05,0,9.5,46.9,-159.2,5804,900.66
270.2,29.8,39.4,2014-09-06,0,9.9,49.1,-78.3,5816,921.26
280.5,35.7,40.6,2014-09-07,0,3.7,65.4,2135.5,5834,992.6
251.0,37.8,41.6,2014-09-08,0,1.7000000000000002,68.2,2283.9,5817,999.98
212.9,34.9,41.2,2014-09-09,0,4.0,56.7,755.9,5812,977.37
228.9,38.1,43.7,2014-09-10,0,-1.2000000000000002,63.7,3244.0,5822,997.54
186.1,34.0,40.6,2014-09-12,1,6.199999999999999,54.6,236.89999999999998,5806,961.44
227.0,37.7,44.7,2014-09-13,0,-1.7000000000000002,63.3,3098.0,5816,997.54
229.1,36.9,45.3,2014-09-14,0,-2.1,63.3,3264.6,5819,999.98
209.7,34.6,44.3,2014-09-15,0,-1.6000000000000005,58.7,2584.7,5819,995.07
225.8,35.9,43.4,2014-09-16,0,1.4000000000000004,61.9,1759.4,5820,995.1
240.1,34.9,42.7,2014-09-17,1,5.4,47.5,185.2,5815,928.65
240.3,33.4,42.4,2014-09-18,0,2.5,62.2,1674.6,5841,982.44
253.3,38.4,43.9,2014-09-19,1,1.5,65.3,0.0,5824,990.07
287.1,42.3,46.2,2014-09-20,1,-0.5,75.2,2363.9,5822,999.98
289.5,39.5,43.1,2014-09-21,1,2.3,72.9,1523.6999999999998,5826,992.6
287.9,41.5,44.0,2014-09-22,1,2.4999999999999996,75.8,1844.6000000000001,5839,995.07
244.7,27.2,41.1,2014-09-23,0,4.8,57.0,726.0,5831,992.63
218.2,25.1,38.1,2014-09-24,1,10.0,43.6,0.0,5800,953.32
238.4,40.8,45.3,2014-09-25,1,3.3000000000000003,63.3,776.6,5791,985.12
214.9,29.7,40.4,2014-09-26,0,7.5,48.9,-61.69999999999999,5790,920.79
201.9,26.2,39.4,2014-09-27,0,0.8999999999999995,47.9,1496.6,5793,982.41
217.0,28.8,41.4,2014-09-28,0,0.9000000000000004,43.9,2428.0,5782,972.0
253.0,40.1,45.9,2014-09-29,1,-1.9999999999999996,55.0,4061.7999999999997,5779,999.98
216.1,34.3,45.8,2014-09-30,0,-3.8000000000000003,47.5,2618.9,5763,969.35
154.3,27.2,41.1,2014-10-01,0,-0.5,39.7,1503.6000000000001,5723,982.62
207.1,25.3,44.1,2014-10-15,0,3.3000000000000003,54.1,1902.7,5796,999.98
195.1,23.3,42.1,2014-10-16,0,6.0,31.8,0.0,5791,930.44
91.3,23.0,41.0,2014-10-17,0,2.1999999999999997,36.9,-119.20000000000002,5764,933.58
180.2,18.0,42.8,2014-10-18,0,0.20000000000000018,38.7,-23.7,5750,964.4
142.9,15.2,42.3,2014-10-19,0,0.0,32.5,-5.099999999999994,5735,961.81
140.9,8.6,38.1,2014-10-20,0,5.300000000000001,25.8,-253.79999999999998,5747,912.09
50.9,0.6,27.6,2014-10-21,0,19.9,19.6,0.0,5754,812.12
176.1,10.7,38.5,2014-10-22,0,3.9,30.0,13.599999999999998,5743,958.97
195.1,10.8,40.2,2014-10-23,0,4.7,29.4,-14.8,5744,969.8
181.4,7.4,41.2,2014-10-24,0,3.7,29.8,-19.400000000000006,5732,933.46
185.3,6.0,38.6,2014-10-25,0,6.1,30.2,-9.199999999999989,5740,933.49
180.6,6.8,39.1,2014-10-26,0,6.199999999999999,36.8,-50.300000000000004,5731,950.94
184.4,29.1,41.6,2014-10-27,0,7.0,46.0,5.900000000000006,5720,962.05
195.0,33.4,40.9,2014-10-28,0,5.8,48.6,147.3,5704,959.34
158.6,20.1,35.3,2014-10-29,0,12.2,42.4,27.300000000000004,5716,967.48
144.6,9.5,30.3,2014-10-30,0,9.200000000000001,29.4,255.0,5737,982.71
201.3,8.3,35.3,2014-10-31,0,9.5,33.1,37.0,5757,969.86
202.4,6.7,34.6,2014-11-01,0,17.7,35.5,0.0,5781,969.14
155.3,9.6,34.1,2014-11-02,0,10.5,31.6,0.0,5773,953.78
175.1,22.6,41.0,2014-11-03,0,6.8,35.5,-210.1,5767,961.93
83.3,13.7,34.2,2014-11-04,0,8.3,30.1,-210.6,5759,953.75
85.2,12.6,30.8,2014-11-05,0,21.4,25.3,0.0,5749,903.88
60.5,-2.3,24.7,2014-11-06,0,18.4,24.3,0.0,5775,954.09
31.0,-5.8,25.5,2014-11-07,0,14.6,25.6,0.0,5795,951.19
213.8,11.2,43.4,2014-11-08,0,14.3,36.5,0.0,5795,942.76
210.4,17.8,45.1,2014-11-09,0,9.4,41.2,0.0,5782,924.7
228.4,7.5,41.6,2014-11-10,0,13.3,37.1,0.0,5789,924.88
160.6,14.8,37.0,2014-11-11,0,5.8999999999999995,41.3,-26.5,5782,974.96
42.7,-9.7,25.8,2014-11-16,0,19.2,18.9,0.0,5730,920.43
109.0,2.6,35.7,2014-11-17,0,12.5,28.2,0.0,5744,948.84
114.4,1.7,32.5,2014-11-18,0,22.5,21.8,0.0,5729,835.77
42.7,-10.4,24.3,2014-11-19,0,19.1,16.0,0.0,5722,897.93
143.0,6.8,37.1,2014-11-20,0,11.5,21.8,0.0,5722,916.76
60.1,-3.1,18.9,2014-11-21,0,15.899999999999999,22.6,64.3,5729,999.98
107.3,-4.6,28.6,2014-11-22,0,18.5,18.2,0.0,5735,901.08
114.1,1.9,32.1,2014-11-23,0,18.4,19.9,0.0,5724,870.41
117.9,4.3,34.6,2014-11-24,0,22.0,15.8,0.0,5690,824.72
54.3,-5.3,17.4,2014-11-25,0,20.6,14.7,0.0,5704,881.21
64.0,-5.4,29.3,2014-11-26,0,21.0,13.7,0.0,5701,871.44
87.0,3.6,24.4,2014-11-27,0,23.5,19.2,0.0,5701,859.82
140.6,9.9,25.0,2014-11-28,0,18.6,28.4,0.0,5715,954.27
127.2,-8.9,24.2,2014-11-29,0,21.1,18.7,0.0,5734,887.1
71.8,-10.2,21.1,2014-11-30,0,19.6,16.0,-109.1,5729,928.82
129.3,-2.8,23.6,2014-12-01,0,33.9,22.0,0.0,5780,1001.53
64.0,-22.8,20.9,2014-12-02,0,21.8,17.1,0.0,5757,970.54
71.7,-19.9,18.5,2014-12-03,0,18.799999999999997,16.3,-21.2,5785,970.17
90.3,-6.3,23.3,2014-12-04,0,27.5,23.0,0.0,5782,901.81
33.0,-0.4,21.3,2014-12-05,0,21.0,26.5,0.0,5774,985.58
50.6,-3.9,26.1,2014-12-06,0,16.8,23.6,0.0,5763,999.98
151.9,-12.3,30.2,2014-12-07,0,20.6,23.6,0.0,5754,990.52
66.0,-12.1,24.0,2014-12-08,0,22.3,16.6,0.0,5741,970.72
67.9,1.9,22.8,2014-12-09,0,18.6,16.0,0.0,5733,940.81
75.7,12.6,34.1,2014-12-10,0,8.3,24.2,0.0,5724,975.48
106.9,2.6,30.7,2014-12-11,0,19.6,23.3,0.0,5707,965.53
69.8,3.9,27.1,2014-12-12,0,26.1,21.1,0.0,5699,990.74
44.6,-6.1,-4.2,2014-12-13,0,27.2,13.7,0.0,5709,912.67
48.5,-6.4,-1.8,2014-12-14,0,27.1,13.9,0.0,5674,854.87
118.7,25.0,38.1,2014-12-15,0,13.9,35.1,0.0,5687,973.1
103.5,19.6,35.2,2014-12-16,0,12.9,25.1,-138.9,5671,949.08
128.8,-0.5,33.5,2014-12-17,0,24.1,18.0,0.0,5634,944.84
73.7,-27.3,6.4,2014-12-18,0,31.4,9.4,0.0,5645,918.9
34.9,-14.5,21.2,2014-12-19,0,29.6,13.9,0.0,5702,930.19
40.7,-35.1,-17.9,2014-12-20,0,38.099999999999994,6.7,0.0,5712,877.18
46.6,-8.8,18.7,2014-12-21,0,27.3,14.6,0.0,5703,936.05
38.8,-29.0,-7.2,2014-12-22,0,21.2,11.1,0.0,5694,999.98
36.9,-6.9,4.3,2014-12-23,0,27.6,7.9,0.0,5692,887.56
67.9,-2.2,10.8,2014-12-24,0,23.2,14.7,0.0,5695,975.85
44.6,-3.3,15.7,2014-12-25,0,35.8,12.8,0.0,5735,960.98
77.6,-38.6,11.3,2014-12-26,0,34.5,5.5,0.0,5737,999.98
64.0,-27.9,11.4,2014-12-27,0,33.0,9.5,0.0,5716,999.98
48.5,-20.0,7.2,2014-12-28,0,34.2,11.6,0.0,5703,966.29
56.3,-29.7,6.9,2014-12-29,0,28.7,10.9,0.0,5695,955.89
139.2,25.0,42.7,2014-12-30,0,23.4,22.2,0.0,5688,968.73
194.5,34.5,42.4,2014-12-31,0,19.0,49.9,0.0,5681,968.22
201.5,31.9,38.9,2015-01-01,0,17.4,48.3,0.0,5705,988.34
162.3,30.9,42.4,2015-01-02,1,14.9,41.8,0.0,5683,901.9
234.6,34.8,44.8,2015-01-03,0,9.3,49.7,-65.89999999999999,5715,956.86
213.0,35.4,48.2,2015-01-04,0,5.1,42.2,18.8,5654,1000.02
220.4,6.1,34.1,2015-01-05,0,20.799999999999997,26.6,0.0,5687,985.67
89.2,-8.7,17.8,2015-01-06,0,20.6,18.0,0.0,5700,999.98
112.5,-3.9,28.7,2015-01-07,0,16.5,16.1,0.0,5646,983.35
139.0,12.0,45.6,2015-01-08,0,5.4,20.0,-66.3,5587,949.81
150.3,0.0,40.1,2015-01-09,0,10.0,18.2,-41.5,5550,955.28
119.2,-10.3,30.4,2015-01-10,0,29.4,23.7,0.0,5678,955.73
105.6,-9.6,30.1,2015-01-11,0,39.599999999999994,21.9,0.0,5669,956.62
62.1,-14.9,22.8,2015-01-12,0,35.4,15.4,0.0,5676,983.72
77.2,-16.0,22.5,2015-01-13,0,34.4,17.4,0.0,5651,999.98
100.5,-15.3,31.7,2015-01-14,0,20.8,18.5,0.0,5662,978.62
56.3,-2.3,29.8,2015-01-15,0,13.0,11.7,0.0,5663,933.03
168.0,27.0,46.8,2015-01-16,0,10.3,24.5,0.0,5636,955.18
138.4,12.9,46.5,2015-01-17,0,11.100000000000001,20.4,0.0,5602,950.12
113.3,-8.5,37.5,2015-01-18,0,15.4,14.5,0.0,5606,999.98
128.9,0.3,34.0,2015-01-19,0,21.7,18.2,0.0,5632,999.98
91.4,-4.0,28.9,2015-01-20,0,27.200000000000003,15.4,0.0,5667,999.98
67.3,-10.2,28.0,2015-01-21,0,28.2,12.7,0.0,5679,955.95
52.4,-15.5,29.1,2015-01-22,0,20.7,12.1,0.0,5653,953.02
115.1,10.2,35.0,2015-01-23,0,21.6,15.1,0.0,5671,853.84
147.9,21.7,34.1,2015-01-24,0,17.4,24.9,0.0,5678,901.44
188.9,0.5,35.7,2015-01-25,0,21.4,21.8,0.0,5684,878.34
102.8,1.9,22.8,2015-01-26,0,24.8,19.5,0.0,5681,908.77
209.3,18.1,38.6,2015-01-27,0,22.1,27.4,0.0,5699,935.71
197.9,25.0,39.4,2015-01-28,0,17.8,27.9,0.0,5675,904.83
180.8,25.9,43.2,2015-01-29,0,11.0,26.9,0.0,5664,940.87
173.3,31.9,44.6,2015-01-30,0,9.8,32.3,0.0,5640,970.72
83.3,3.2,33.6,2015-01-31,0,19.299999999999997,16.6,0.0,5610,950.45
98.9,5.1,35.2,2015-02-01,0,24.5,18.0,0.0,5612,964.44
83.4,3.7,35.6,2015-02-02,0,16.5,16.7,0.0,5649,932.12
38.8,13.2,36.6,2015-02-03,0,13.5,20.0,0.0,5682,922.47
38.8,13.2,39.7,2015-02-04,0,9.9,26.6,0.0,5672,884.72
130.2,23.0,39.2,2015-02-05,0,9.100000000000001,26.5,-133.0,5662,919.78
157.3,21.6,41.6,2015-02-06,0,19.6,23.1,0.0,5665,889.72
157.3,21.6,41.6,2015-02-07,0,25.8,9.0,0.0,5665,799.49
142.2,17.7,39.6,2015-02-08,0,20.7,9.9,0.0,5654,744.01
154.5,22.5,43.8,2015-02-09,0,9.2,25.0,0.0,5658,920.12
183.4,29.4,45.1,2015-02-10,0,7.7,28.9,-211.1,5671,916.87
161.4,26.0,46.8,2015-02-11,0,4.5,27.7,-125.7,5638,920.18
132.1,23.5,47.3,2015-02-12,0,6.5,26.2,0.0,5628,863.75
297.4,32.6,56.1,2015-02-13,0,-9.5,28.1,1411.1000000000001,5584,975.54
119.0,10.7,45.5,2015-02-14,1,10.3,14.3,0.0,5618,838.1
118.7,26.1,44.6,2015-02-15,0,4.2,29.6,17.5,5617,1000.02
152.9,30.6,43.7,2015-02-16,0,10.6,30.1,-137.8,5656,976.77
107.2,16.3,46.9,2015-02-17,1,-6.199999999999999,31.2,2078.2,5655,987.84
156.8,20.1,50.9,2015-02-18,0,-7.6,32.3,1547.1,5655,987.87
230.0,23.3,53.2,2015-02-19,0,-11.5,31.6,12.0,5633,987.84
189.1,20.9,51.6,2015-02-21,0,-11.2,28.4,2099.0,5659,999.98
139.1,22.4,49.0,2015-02-22,0,-5.1,21.2,1171.0,5675,999.98
117.7,16.0,46.9,2015-02-23,0,-3.5,26.9,68.0,5673,999.98
127.4,11.7,43.5,2015-02-24,0,0.10000000000000009,30.0,69.5,5734,999.98
111.9,9.0,41.0,2015-02-25,0,2.2,34.7,1052.7,5756,999.98
142.7,7.5,44.3,2015-02-26,0,0.6999999999999997,27.8,-86.9,5729,969.35
171.2,24.4,41.9,2015-02-27,0,6.1,31.1,446.9,5722,982.86
141.6,31.1,43.0,2015-02-28,0,3.6999999999999997,35.7,784.8000000000001,5726,985.34
135.2,16.8,40.6,2015-03-01,0,8.6,29.5,-230.0,5727,991.18
44.6,7.8,30.1,2015-03-02,0,12.8,21.2,0.0,5727,808.39
256.2,34.1,47.4,2015-03-04,0,4.0,40.8,167.7,5654,973.08
215.0,10.2,40.5,2015-03-05,0,16.2,26.7,0.0,5676,898.39
99.8,4.5,32.2,2015-03-06,0,16.0,19.1,0.0,5688,898.21
109.5,6.8,38.1,2015-03-07,0,7.1,20.3,-207.6,5688,897.57
101.1,-3.1,34.7,2015-03-08,0,12.1,20.6,0.0,5706,887.65
101.7,14.5,39.8,2015-03-09,0,9.2,21.7,0.0,5722,854.45
119.5,21.2,47.4,2015-03-10,0,-0.8999999999999999,28.3,-118.1,5676,952.49
107.6,12.2,47.6,2015-03-11,0,-0.5,24.8,0.0,5676,837.51
82.6,-2.5,36.8,2015-03-12,0,17.3,17.4,0.0,5728,847.64
79.5,19.5,24.6,2015-03-13,0,9.3,20.9,0.0,5719,910.39
131.9,25.2,45.2,2015-03-14,0,4.2,28.6,-72.4,5720,972.79
144.8,25.1,45.9,2015-03-15,0,3.0,30.0,-17.900000000000006,5725,918.84
196.9,33.6,45.9,2015-03-18,0,10.5,26.8,-249.8,5666,815.13
190.0,12.8,43.4,2015-03-19,0,10.0,26.9,0.0,5707,886.98
140.9,5.1,37.2,2015-03-20,0,13.2,23.6,0.0,5726,876.48
107.8,4.7,36.1,2015-03-21,0,14.8,26.7,0.0,5733,838.49
113.6,9.3,38.7,2015-03-22,0,16.3,26.9,0.0,5740,839.25
90.3,9.8,40.2,2015-03-23,0,10.0,27.4,0.0,5741,837.66
55.0,25.5,47.0,2015-03-24,0,-2.5,22.0,-192.3,5687,942.98
199.6,35.4,52.4,2015-03-25,0,-10.9,34.1,3490.9,5712,987.69
132.5,19.4,48.2,2015-03-26,0,-8.299999999999999,32.5,3.799999999999999,5724,985.18
136.1,20.6,42.7,2015-03-27,0,-1.6,35.3,2351.4,5733,974.9
151.3,32.6,46.2,2015-03-28,0,-2.0000000000000004,42.8,-0.4999999999999998,5724,987.72
189.4,35.4,47.8,2015-03-29,1,1.6,40.8,1297.5,5724,977.65
132.4,27.3,44.5,2015-03-30,0,0.5,35.3,1670.8,5745,977.55
154.0,26.5,46.3,2015-03-31,1,4.6,32.3,-165.5,5660,983.14
267.7,36.6,52.2,2015-04-01,0,-7.9,43.2,2583.2000000000003,5727,986.9
164.5,30.8,49.0,2015-04-02,0,-6.0,37.0,2359.2,5755,958.69
158.7,26.5,43.2,2015-04-03,0,0.8999999999999999,32.7,1041.6999999999998,5786,950.49
108.9,22.4,42.3,2015-04-04,1,3.2,26.8,794.5999999999999,5773,906.68
329.1,43.3,55.8,2015-04-25,1,-5.7,46.9,1038.7,5722,953.66
160.0,32.2,47.5,2015-04-26,1,4.300000000000001,33.5,65.60000000000001,5702,898.79
184.6,32.2,47.5,2015-04-27,1,-1.7999999999999998,40.7,1088.2,5708,969.77
179.8,35.0,46.4,2015-04-28,0,2.4,42.5,429.29999999999995,5730,961.93
192.8,32.6,50.8,2015-04-29,0,-0.10000000000000009,39.5,27.19999999999999,5741,987.87
222.4,33.9,49.9,2015-04-30,1,-6.6,41.8,2259.8,5756,992.63
378.3,41.2,55.2,2015-05-01,1,-12.0,50.3,4.2,5758,984.67
157.8,35.0,48.7,2015-05-02,0,-9.7,52.6,2543.5,5752,955.58
149.2,28.3,48.4,2015-05-03,0,-2.9,36.1,1120.0,5790,961.5
186.0,30.3,48.3,2015-05-04,0,4.6,42.3,-276.5,5773,898.91
121.3,31.3,45.9,2015-05-05,0,-6.8,50.8,3560.4,5803,982.44
272.7,36.5,53.8,2015-05-06,0,-15.200000000000001,47.7,5286.6,5800,992.54
413.2,42.0,59.3,2015-05-07,1,-14.6,51.4,3716.6,5790,982.44
478.3,42.7,62.0,2015-05-08,0,-16.9,47.7,3597.9,5790,985.0
420.6,40.5,57.1,2015-05-09,0,-10.7,52.2,24.7,5803,979.78
238.5,29.9,48.6,2015-05-10,0,-3.9000000000000004,49.4,0.20000000000000018,5811,979.75
223.2,32.1,49.3,2015-05-11,0,-5.9,59.9,3487.2000000000003,5823,979.78
254.0,37.7,51.3,2015-05-12,1,-8.1,56.5,3926.4,5806,990.04
170.4,35.7,49.1,2015-05-13,0,-7.3,48.7,2955.2000000000003,5809,982.41
219.1,37.6,48.6,2015-05-14,1,-4.0,58.6,0.0,5821,984.97
340.8,42.7,52.0,2015-05-15,1,-4.300000000000001,64.4,2819.8999999999996,5822,971.91
317.8,39.0,50.7,2015-05-16,1,1.1000000000000005,67.9,1015.6999999999999,5822,982.59
224.4,34.3,41.4,2015-05-17,0,5.3,56.3,619.1,5802,982.59
218.4,35.5,44.1,2015-05-18,0,-0.6000000000000001,52.3,1567.3,5816,896.77
215.1,37.2,40.7,2015-05-19,0,2.5,58.8,-4.6000000000000005,5807,987.56
238.6,36.1,39.3,2015-05-20,0,5.1,55.5,20.1,5839,1000.02
242.7,20.6,39.7,2015-05-21,0,1.7000000000000002,45.0,6.3999999999999995,5852,995.04
251.1,33.4,43.7,2015-05-22,0,3.6000000000000005,39.5,3210.4,5838,947.68
233.6,31.5,43.9,2015-05-23,0,4.4,41.5,2178.0,5863,933.42
400.6,38.1,57.5,2015-05-24,1,-11.5,44.9,4332.1,5839,945.32
400.6,38.8,57.5,2015-05-25,1,-9.9,44.1,3309.8,5839,923.4
260.1,41.8,52.4,2015-05-26,0,-11.4,58.5,-3.5,5830,977.01
289.9,36.5,51.2,2015-05-27,0,-7.0,56.7,3371.5,5830,969.1
289.9,35.1,51.2,2015-05-28,0,-10.0,56.9,44.6,5841,979.63
249.7,33.8,45.0,2015-05-29,0,-2.4,54.6,17.299999999999997,5839,969.01
206.1,37.4,45.4,2015-05-30,0,0.0,55.0,-8.899999999999999,5849,963.67
200.3,36.8,46.6,2015-05-31,0,-2.9000000000000004,56.3,-0.8000000000000007,5845,966.38
215.0,33.6,48.5,2015-06-01,0,-5.1,51.9,2340.7000000000003,5840,941.88
389.4,41.3,55.0,2015-06-02,0,-8.3,63.1,3155.2999999999997,5820,971.85
187.5,34.6,47.9,2015-06-03,1,-4.2,55.2,2384.9,5829,974.56
252.5,33.0,42.6,2015-06-04,1,2.0,58.3,-15.000000000000002,5838,966.51
215.7,31.6,43.5,2015-06-05,0,-1.7000000000000002,59.8,2602.0,5833,966.48
237.9,35.1,44.9,2015-06-06,0,-0.7000000000000002,65.7,-13.200000000000001,5845,963.67
250.0,36.3,46.7,2015-06-07,0,-2.9,60.6,14.299999999999999,5834,969.13
242.3,43.4,49.7,2015-06-08,1,-5.199999999999999,62.5,0.0,5846,969.07
242.3,40.3,49.7,2015-06-09,0,-4.3,63.7,2672.6,5856,963.67
366.4,38.3,53.0,2015-06-10,1,-2.0,54.0,2747.8,5856,945.34
419.6,47.0,55.3,2015-06-11,0,-7.799999999999999,72.5,-2.9000000000000004,5862,974.32
290.6,44.1,48.2,2015-06-12,1,2.0999999999999996,73.8,948.0,5826,985.06
334.7,45.0,52.9,2015-06-13,1,-6.700000000000001,69.6,3027.6,5828,979.75
226.6,38.7,42.3,2015-06-14,0,5.800000000000001,68.5,593.2,5830,997.57
236.9,40.1,44.1,2015-06-15,1,4.3,62.7,1101.8000000000002,5821,935.92
262.2,41.3,44.3,2015-06-16,1,3.2,64.9,1856.0,5821,949.99
247.6,38.7,42.4,2015-06-17,0,1.5999999999999996,72.5,2008.0,5831,984.97
226.6,37.0,42.3,2015-06-18,1,5.1,55.9,1240.8000000000002,5827,933.48
271.8,36.3,40.0,2015-06-19,1,6.999999999999999,58.9,-0.6,5837,945.37
300.0,40.0,41.0,2015-06-20,1,7.999999999999999,65.2,1259.6,5837,949.99
293.4,40.2,41.2,2015-06-22,0,8.3,70.8,355.0,5795,938.31
287.1,38.6,41.4,2015-06-23,0,9.2,63.4,-0.7999999999999998,5782,931.12
302.5,41.8,43.2,2015-06-24,1,7.800000000000001,71.5,458.4,5803,949.99
324.3,44.9,48.4,2015-06-25,0,-0.20000000000000018,65.5,2216.3,5797,938.23
299.9,42.2,43.8,2015-06-26,0,5.6,69.8,816.1,5763,928.56
318.4,39.0,39.8,2015-06-27,1,8.2,70.4,388.9,5765,949.99
308.8,44.3,47.8,2015-06-28,0,2.3000000000000007,70.4,0.49999999999999994,5843,947.68
262.2,40.6,44.0,2015-06-29,0,3.8999999999999995,68.6,1203.7,5799,997.57
220.7,40.8,44.3,2015-06-30,1,-0.09999999999999964,66.2,2019.4,5810,997.54
309.5,41.6,46.8,2015-07-29,1,1.9999999999999996,74.3,999.6,5810,973.4
383.8,41.4,43.8,2015-07-30,0,2.9,74.7,1654.4,5752,991.98
276.9,40.4,44.0,2015-07-31,0,3.9000000000000004,61.7,-42.8,5730,894.81
255.0,39.0,41.0,2015-08-01,1,9.8,60.7,2.3,5733,924.99
283.1,39.0,42.8,2015-08-02,0,8.3,65.1,-1.9,5783,935.98
265.1,40.0,44.8,2015-08-03,0,3.0999999999999996,71.3,1138.2,5821,995.1
240.4,35.0,42.8,2015-08-04,1,0.6000000000000005,61.2,10.100000000000001,5826,992.57
234.2,37.8,43.1,2015-08-05,0,1.5,62.2,0.8,5836,990.07
252.2,39.6,42.6,2015-08-06,0,6.6,60.5,1010.5999999999999,5826,918.59
228.5,36.3,40.2,2015-08-07,0,7.7,57.7,518.6,5837,905.6
222.8,35.7,41.8,2015-08-08,0,2.4999999999999996,69.3,-13.2,5849,941.18
240.9,39.8,43.8,2015-08-09,0,7.699999999999999,60.9,97.0,5812,892.2
250.4,40.0,45.2,2015-08-10,0,5.9,59.2,414.2,5815,905.66
257.8,36.4,41.8,2015-08-11,0,1.8000000000000007,66.2,2160.2000000000003,5834,987.5
277.5,38.8,41.4,2015-08-12,0,3.7,71.8,1873.6000000000001,5848,979.81
267.5,36.9,42.5,2015-08-13,0,3.0999999999999996,68.0,1847.3,5850,963.76
252.6,39.1,42.1,2015-08-14,0,4.0,70.0,52.300000000000004,5853,982.47
271.1,40.4,43.6,2015-08-15,0,2.2,72.7,1925.6,5839,971.91
271.4,38.2,43.8,2015-08-16,0,1.5999999999999996,71.5,1718.1,5833,979.84
273.4,41.2,46.7,2015-08-17,1,-1.2999999999999998,73.2,-2.4,5831,982.41
266.4,37.5,40.8,2015-08-18,1,4.7,69.9,1134.3,5839,963.85
281.2,30.4,42.8,2015-08-19,0,2.1999999999999997,67.8,1470.6,5842,969.25
273.7,40.6,45.7,2015-08-20,1,4.300000000000001,58.6,575.8,5839,905.57
256.3,33.1,40.4,2015-08-21,0,1.7000000000000002,62.0,3089.0,5833,974.47
242.8,35.8,41.0,2015-08-22,1,4.300000000000001,63.4,-2.6,5830,982.47
227.0,25.5,40.7,2015-08-23,1,5.9,57.6,937.0,5827,930.62
228.2,36.0,42.1,2015-08-24,1,6.1,60.2,899.7,5838,945.91
271.4,40.2,44.7,2015-08-25,0,4.6,65.5,1133.0,5839,964.4
252.0,39.1,42.3,2015-08-26,0,0.39999999999999947,70.2,3147.3,5846,982.35
263.6,34.2,40.1,2015-08-27,0,6.3,61.7,7.0,5841,974.6
278.8,42.0,44.5,2015-08-28,0,4.9,70.4,1331.8,5828,965.25
275.8,41.2,43.2,2015-08-29,0,2.6999999999999997,73.8,-1.5,5841,990.07
263.8,40.2,44.2,2015-08-30,1,0.40000000000000036,70.7,2462.0,5850,984.94
282.3,40.2,44.7,2015-08-31,0,0.7999999999999998,72.7,2502.0,5845,974.53
249.1,39.2,44.4,2015-09-01,1,1.8000000000000003,69.9,1441.5,5831,995.07
255.3,23.2,45.2,2015-09-02,0,4.4,59.9,-71.3,5822,972.12
228.3,38.6,43.4,2015-09-03,1,7.3,59.9,-123.1,5819,958.79
181.3,36.5,40.9,2015-09-04,1,0.40000000000000036,61.6,2725.8,5816,987.53
239.8,38.9,42.7,2015-09-05,0,7.8,65.4,-17.0,5813,944.53
232.5,25.2,43.2,2015-09-06,0,2.6999999999999997,56.7,1312.8,5820,963.94
177.4,24.2,40.0,2015-09-07,0,-0.6999999999999993,53.1,2502.8,5819,969.19
210.3,24.9,38.6,2015-09-08,0,1.7000000000000002,51.7,3399.7000000000003,5819,971.82
233.4,28.5,42.7,2015-09-09,0,0.7000000000000002,50.3,2068.7000000000003,5826,949.78
239.8,33.8,43.5,2015-09-10,0,-3.4000000000000004,61.3,4284.6,5829,960.8
232.9,35.0,41.1,2015-09-11,0,3.8,57.0,1576.2,5821,979.9
223.1,32.9,43.3,2015-09-12,0,2.1999999999999997,56.8,1223.1999999999998,5820,977.34
229.9,35.9,43.1,2015-09-13,0,1.8000000000000003,59.9,1350.3999999999999,5817,974.69
256.4,39.2,43.8,2015-09-14,1,1.0999999999999996,64.4,1669.3000000000002,5819,969.31
276.4,35.3,39.0,2015-09-15,1,6.5,66.0,1345.8999999999999,5830,977.28
270.1,37.0,44.7,2015-09-16,0,-0.3000000000000007,64.3,103.3,5836,982.44
251.5,36.6,41.5,2015-09-17,1,4.199999999999999,61.1,1717.2,5831,982.44
237.4,38.2,43.7,2015-09-18,0,1.4000000000000004,62.7,1934.6000000000001,5838,974.59
262.7,38.4,43.2,2015-09-19,0,3.6999999999999997,66.3,1758.3999999999999,5845,974.56
243.2,38.1,42.5,2015-09-20,1,5.5,70.3,-8.4,5833,977.34
280.8,38.0,43.6,2015-09-21,1,1.0,70.3,2107.8,5830,987.53
290.6,37.5,40.9,2015-09-22,1,7.0,68.3,-27.0,5834,958.48
293.8,39.9,43.8,2015-09-23,1,4.4,72.4,690.5,5819,987.63
281.6,41.6,45.4,2015-09-24,0,3.4000000000000004,70.5,948.6,5825,985.06
237.2,12.9,37.5,2015-09-25,0,3.7,44.2,2337.5,5823,990.07
192.9,29.6,37.2,2015-09-26,0,2.6,45.1,2464.9,5818,982.41
189.5,16.6,39.0,2015-09-27,0,1.9000000000000004,42.2,270.9,5814,985.03
166.0,25.8,38.6,2015-09-28,0,2.1000000000000005,40.6,169.4,5809,955.67
169.1,20.4,41.5,2015-09-29,0,-0.2999999999999998,51.3,1395.6,5805,967.81
154.3,30.1,39.9,2015-09-30,1,1.5999999999999996,50.3,1339.0,5812,941.3
183.7,33.5,42.7,2015-10-01,1,1.0,60.5,1926.2,5824,981.66
217.8,38.2,45.5,2015-10-02,1,-0.3000000000000007,59.5,2415.5,5813,969.28
218.6,35.8,44.2,2015-10-03,0,1.1000000000000005,54.2,2151.4,5812,971.97
193.6,26.5,40.8,2015-10-04,0,1.2000000000000002,43.4,2015.2,5810,984.76
210.4,32.6,40.5,2015-10-05,0,2.0,49.7,1670.3,5801,944.2
214.5,36.2,43.0,2015-10-06,0,0.6000000000000005,59.1,2084.7,5805,974.66
224.0,34.5,42.4,2015-10-07,0,4.8,62.0,614.5,5816,966.81
237.5,35.6,40.5,2015-10-08,0,7.1000000000000005,61.1,286.0,5810,977.43
239.5,31.5,41.6,2015-10-09,0,6.2,50.8,43.6,5810,974.81
210.7,34.4,41.1,2015-10-10,0,-0.2999999999999998,47.8,2309.4,5793,971.97
105.5,20.9,34.7,2015-10-11,0,-1.4000000000000004,34.5,2282.6,5768,982.81
75.3,24.8,34.3,2015-10-12,1,1.2000000000000002,35.3,977.8000000000001,5752,961.47
188.1,30.0,44.5,2015-10-13,0,2.8999999999999995,42.8,474.6,5751,974.99
199.3,34.4,44.8,2015-10-14,0,2.3,46.0,-8.7,5737,977.58
181.0,32.8,43.4,2015-10-15,1,4.300000000000001,46.8,506.7,5736,990.56
187.7,32.9,40.3,2015-10-16,0,4.1,45.8,1231.6,5743,980.06
203.5,24.6,41.4,2015-10-17,0,1.9000000000000004,39.8,1349.3999999999999,5758,982.59
184.1,11.1,38.7,2015-10-18,0,2.3000000000000003,35.8,1144.8,5765,986.18
197.7,16.3,40.2,2015-10-19,0,3.1000000000000005,38.3,68.7,5781,964.47
178.8,13.2,38.8,2015-10-20,0,2.0,39.6,149.0,5791,975.19
198.8,4.4,40.1,2015-10-21,0,-0.3000000000000007,39.3,2642.5,5779,987.56
180.3,10.6,38.4,2015-10-22,0,0.7000000000000002,37.4,2389.6,5770,981.46
180.5,16.8,39.5,2015-10-23,0,1.1,38.4,1435.3,5764,969.53
92.9,8.3,29.8,2015-10-24,0,4.0,33.2,1334.3,5759,970.87
83.2,6.1,26.6,2015-10-25,0,12.5,33.9,-95.3,5762,964.52
58.2,2.8,21.7,2015-10-26,0,13.7,30.2,0.0,5767,888.96
160.3,11.1,34.9,2015-10-27,0,9.299999999999999,29.1,-71.7,5761,956.61
164.4,2.8,37.6,2015-10-28,0,7.9,26.9,-130.89999999999998,5749,927.63
165.8,17.5,43.3,2015-10-29,0,1.0,33.6,-67.1,5734,950.7
159.8,34.0,46.7,2015-10-30,0,1.9000000000000001,40.5,-125.8,5720,951.19
207.6,28.9,40.3,2015-10-31,0,7.0,41.4,-39.0,5719,948.23
180.9,24.4,39.9,2015-11-01,0,8.1,39.1,-32.4,5732,974.5
188.2,23.7,44.6,2015-11-02,0,6.4,34.5,-141.8,5729,995.23
142.8,14.4,37.1,2015-11-03,0,10.7,31.5,-266.70000000000005,5740,959.62
126.1,15.8,36.4,2015-11-04,0,3.7,29.2,700.8,5734,967.06
131.4,29.7,37.4,2015-11-05,0,3.9,37.7,161.0,5744,980.11
143.4,1.8,36.8,2015-11-06,0,2.4,28.0,686.4,5730,972.11
70.1,19.8,34.6,2015-11-07,0,6.8999999999999995,27.7,-114.10000000000001,5730,956.73
127.6,15.0,35.0,2015-11-08,0,5.5,31.1,113.00000000000001,5726,963.04
150.9,10.1,30.2,2015-11-09,0,12.4,32.4,-38.1,5745,953.72
145.1,10.2,33.8,2015-11-10,0,11.600000000000001,34.2,0.0,5746,959.66
150.9,12.7,35.8,2015-11-11,0,17.7,17.9,0.0,5754,740.0
121.8,4.6,26.5,2015-11-13,0,14.5,33.4,4.399999999999999,5769,953.69
129.5,4.8,29.8,2015-11-14,0,10.1,37.2,1.3000000000000043,5783,953.54
125.7,5.6,29.2,2015-11-15,0,15.899999999999999,33.5,-91.10000000000001,5775,960.6
98.2,-11.8,31.6,2015-11-16,0,8.4,28.6,-16.599999999999994,5768,975.72
140.2,-0.7,36.0,2015-11-17,0,6.8,27.9,-60.0,5744,959.21
146.3,7.9,41.7,2015-11-18,0,3.5000000000000004,30.6,-42.5,5709,964.24
93.0,-10.4,28.0,2015-11-19,0,12.100000000000001,26.6,-47.3,5736,971.28
90.0,-9.3,31.4,2015-11-20,0,13.7,28.5,0.0,5752,967.58
25.2,-12.3,26.4,2015-11-21,0,16.9,23.5,0.0,5757,966.65
23.3,-12.3,26.6,2015-11-22,0,19.8,18.8,0.0,5755,960.18
21.3,-13.6,26.5,2015-11-23,0,17.6,20.8,0.0,5755,886.58
140.1,-10.2,28.1,2015-11-24,0,20.7,22.3,0.0,5760,890.12
141.7,12.2,29.1,2015-11-25,0,19.0,29.7,0.0,5771,909.9
150.4,-7.9,30.3,2015-11-26,0,19.3,24.4,0.0,5758,910.2
151.6,-6.7,33.2,2015-11-27,0,13.9,28.0,-56.800000000000004,5743,971.68
154.6,9.2,33.2,2015-11-28,0,10.600000000000001,28.8,25.4,5735,962.15
168.2,21.1,42.2,2015-11-29,0,10.7,27.0,0.0,5743,933.9
176.0,4.0,37.8,2015-11-30,0,12.4,37.8,0.0,5750,935.6
205.6,26.7,39.8,2015-12-01,0,10.1,44.7,-118.89999999999999,5745,977.2
207.5,21.2,42.3,2015-12-02,0,1.5000000000000004,42.4,956.1,5718,964.37
214.4,35.5,50.5,2015-12-03,0,-1.0999999999999999,37.2,227.89999999999998,5682,942.78
142.1,17.4,47.8,2015-12-04,0,3.1999999999999997,27.3,0.0,5664,961.21
131.3,-8.5,32.7,2015-12-05,0,7.8,24.5,124.3,5721,977.74
175.5,22.7,31.4,2015-12-06,0,13.1,30.7,187.7,5721,977.8
143.1,0.8,30.7,2015-12-07,0,13.3,29.8,53.199999999999996,5724,964.86
138.3,-4.7,25.0,2015-12-08,0,19.1,21.0,-58.2,5723,943.22
131.7,-5.8,22.1,2015-12-09,0,24.8,23.7,-68.1,5728,951.88
151.0,-3.6,29.8,2015-12-10,0,17.0,22.0,-60.5,5733,963.95
147.1,23.2,35.0,2015-12-11,0,7.0,37.3,-0.09999999999999787,5727,987.18
134.5,24.0,34.1,2015-12-12,0,7.9,33.9,26.699999999999996,5721,982.86
224.6,27.6,43.6,2015-12-13,0,5.8999999999999995,39.1,55.49999999999999,5717,980.39
234.6,11.2,44.4,2015-12-14,0,14.7,30.4,0.0,5702,932.17
230.6,14.4,41.2,2015-12-15,0,17.9,28.1,0.0,5692,952.19
99.8,1.8,29.0,2015-12-16,0,22.6,25.9,0.0,5686,918.2
127.7,-4.5,30.1,2015-12-17,1,29.9,17.2,0.0,5677,896.96
221.8,30.9,44.0,2015-12-18,0,20.0,37.0,0.0,5659,974.91
216.0,24.3,39.3,2015-12-19,0,21.4,32.9,0.0,5637,975.95
77.6,-13.1,5.9,2015-12-20,0,29.4,18.5,0.0,5654,906.17
101.4,5.8,24.3,2015-12-21,0,30.6,20.6,0.0,5653,872.57
174.1,24.7,34.6,2015-12-22,0,26.299999999999997,25.1,0.0,5669,879.29
133.2,15.3,27.3,2015-12-23,0,26.6,20.8,0.0,5697,932.69
199.7,23.3,29.1,2015-12-24,0,31.0,29.3,0.0,5692,886.41
174.5,16.8,25.7,2015-12-25,0,32.599999999999994,23.2,0.0,5659,918.41
69.8,-10.7,8.1,2015-12-26,0,36.3,14.2,0.0,5697,931.39
71.8,-2.8,3.7,2015-12-27,0,39.0,13.3,0.0,5737,835.65
108.5,-8.7,22.4,2015-12-29,0,30.0,17.1,0.0,5745,885.82
79.0,-3.9,27.1,2015-12-30,0,21.1,17.4,0.0,5722,892.23
100.8,5.5,36.5,2015-12-31,0,11.5,18.6,0.0,5682,923.48
100.8,5.5,36.5,2018-01-01,0,7.9,21.8,0.0,5682,889.05
100.8,5.5,36.5,2018-01-02,0,20.5,17.6,0.0,5682,955.43
100.8,5.5,36.5,2018-01-03,0,26.1,13.1,0.0,5726,922.59
100.8,5.5,36.5,2018-01-04,0,28.0,10.0,0.0,5726,918.31
66.0,3.5,34.5,2018-01-05,0,30.0,9.9,0.0,5726,955.24
66.0,3.5,34.5,2018-01-06,0,28.6,11.3,0.0,5726,961.26
66.0,3.5,34.5,2018-01-07,0,30.9,11.2,0.0,5726,991.28
66.0,3.5,34.5,2018-01-08,0,37.3,7.9,0.0,5721,788.75
73.7,-6.0,21.9,2018-01-09,0,43.7,11.3,0.0,5758,944.12
73.7,-6.0,21.9,2018-01-10,0,36.099999999999994,10.3,0.0,5758,928.8
73.7,-6.0,21.9,2018-01-11,0,34.900000000000006,11.9,0.0,5758,966.2
73.7,-6.0,21.9,2018-01-12,0,39.0,14.0,0.0,5758,827.07
73.7,4.9,8.4,2018-01-13,0,34.4,20.6,3.1000000000000005,5758,1025.74
73.7,4.9,21.7,2018-01-14,0,38.0,12.3,0.0,5758,869.18
73.7,4.9,21.7,2018-01-15,0,39.0,14.3,0.0,5758,946.33
73.7,4.9,21.7,2018-01-16,0,34.8,13.4,-21.6,5758,1011.31
73.7,4.9,21.7,2018-01-17,0,32.2,11.9,0.0,5758,916.33
73.7,4.9,21.7,2018-01-18,0,33.599999999999994,13.4,-20.1,5758,1012.32
73.7,8.0,24.8,2018-01-19,0,36.7,9.7,0.0,5758,851.12
73.7,10.9,30.6,2018-01-20,0,34.1,7.5,0.0,5738,776.97
73.7,10.9,30.6,2018-01-21,0,20.7,15.2,0.0,5738,926.54
73.7,10.9,30.6,2018-01-22,0,24.7,9.4,0.0,5741,936.05
73.7,10.9,30.6,2018-01-23,0,36.4,10.4,0.0,5741,870.69
73.7,10.9,30.6,2018-01-24,0,27.6,12.7,0.0,5741,785.41
73.7,10.9,30.6,2018-01-25,0,25.3,17.5,0.0,5741,836.97
73.7,10.9,30.6,2018-01-26,0,14.8,17.4,2676.6,5741,1168.11
73.7,10.9,30.6,2018-01-27,0,24.200000000000003,18.3,0.0,5741,979.72
73.7,10.9,30.6,2018-01-28,0,36.0,11.1,0.0,5741,789.9
73.7,10.9,30.6,2018-01-29,0,23.8,22.8,0.0,5741,870.6
73.7,10.9,30.6,2018-01-30,0,26.1,8.6,0.0,5741,874.18
86.0,1.9,20.5,2018-01-31,0,29.6,16.8,0.0,5757,1005.98
86.0,1.9,20.5,2018-02-01,0,28.799999999999997,22.7,0.0,5757,867.17
87.2,4.2,22.8,2018-02-02,0,25.299999999999997,16.7,0.0,5757,893.74
87.2,4.2,22.8,2018-02-03,0,22.5,19.2,0.0,5757,939.55
87.2,4.2,22.8,2018-02-04,0,19.5,20.8,0.0,5757,990.9
87.2,4.2,22.8,2018-02-05,0,20.7,21.4,0.0,5757,973.23
87.2,4.2,22.8,2018-02-06,0,20.9,20.3,0.0,5757,890.22
87.2,4.2,22.8,2018-02-07,0,20.7,21.8,159.4,5757,1060.46
87.2,4.2,22.8,2018-02-08,0,29.299999999999997,29.7,0.0,5757,829.95
87.2,4.2,22.8,2018-02-09,0,19.1,25.9,-156.2,5751,916.37
87.2,4.2,22.8,2018-02-10,0,21.4,29.3,-117.8,5751,938.49
87.2,4.2,22.8,2018-02-11,0,33.900000000000006,14.4,0.0,5751,791.51
87.2,4.2,22.8,2018-02-12,0,32.1,13.7,0.0,5751,828.15
87.2,4.2,22.8,2018-02-13,0,27.200000000000003,21.0,0.0,5751,979.07
149.1,26.3,46.6,2018-02-14,0,5.7,27.9,0.0,5639,898.36
149.1,26.3,46.6,2018-02-15,0,6.3,20.9,0.0,5639,887.4
149.1,26.3,46.6,2018-02-16,0,8.100000000000001,13.2,0.0,5639,881.03
149.1,26.3,46.6,2018-02-17,0,4.2,19.6,0.0,5639,901.57
149.1,26.3,46.6,2018-02-18,0,2.3000000000000003,18.8,0.0,5701,880.6
149.1,26.3,46.6,2018-02-19,0,-4.199999999999999,23.4,-0.7999999999999972,5701,995.8
149.1,26.3,46.6,2018-02-20,0,2.9,27.6,0.0,5701,964.2
149.1,26.3,46.6,2018-02-21,0,-6.300000000000001,27.6,887.6,5701,968.39
149.1,26.3,46.6,2018-02-22,0,-1.9000000000000001,26.7,-172.7,5701,948.76
149.1,26.3,46.6,2018-02-23,0,-9.8,27.7,8783.3,5701,1117.92
149.1,26.3,46.6,2018-02-24,0,-6.4,24.1,603.5,5701,946.4
149.1,26.3,46.6,2018-02-25,0,-7.6000000000000005,23.7,970.8000000000001,5701,955.74
149.1,26.3,46.6,2018-02-26,0,4.0,29.5,-829.5,5701,827.69
149.1,26.3,46.6,2018-02-27,0,-6.9,22.7,38.5,5701,948.02
149.1,-0.2,46.6,2018-02-28,0,-7.8999999999999995,21.1,-30.4,5701,945.45
149.1,-0.2,46.6,2018-03-01,0,-10.899999999999999,26.7,-2.1999999999999997,5701,992.55
131.9,3.3,44.9,2018-03-02,0,3.5,23.2,16.899999999999977,5739,831.64
131.9,3.3,44.9,2018-03-03,0,-3.8000000000000003,30.0,1040.5,5739,966.64
95.9,23.4,42.1,2018-03-04,0,-1.1999999999999997,25.4,643.5999999999999,5745,953.54
95.9,23.4,42.1,2018-03-05,0,-0.9999999999999996,27.8,894.3,5745,965.34
157.3,30.1,49.1,2018-03-06,0,1.3,27.4,-623.3,5703,828.99
157.3,30.1,49.1,2018-03-07,0,8.2,26.2,0.0,5679,833.3
157.3,30.1,49.1,2018-03-08,0,-0.3999999999999999,19.6,7701.900000000001,5679,1167.42
157.3,30.1,49.1,2018-03-09,0,6.1,25.2,0.0,5679,840.48
162.5,29.0,48.0,2018-03-10,0,1.8000000000000003,18.5,0.0,5679,826.16
162.5,29.0,48.0,2018-03-11,1,2.0,18.5,-562.9,5679,831.02
162.5,29.0,48.0,2018-03-12,0,-6.1000000000000005,24.8,998.7,5679,938.53
354.5,36.0,55.0,2018-03-13,0,-8.6,25.2,1869.8,5679,956.76
354.5,36.0,55.0,2018-03-14,0,14.2,19.6,0.0,5679,732.42
73.0,21.0,41.0,2018-03-15,0,3.1999999999999997,25.4,-219.1,5753,989.31
190.0,36.2,48.7,2018-03-16,1,-9.4,38.4,2342.1,5725,958.69
102.6,28.5,44.1,2018-03-17,0,4.0,29.9,-414.5,5697,857.44
185.3,27.9,49.3,2018-03-18,0,19.5,26.3,0.0,5700,801.44
31.0,16.4,34.0,2018-03-19,0,2.0,25.6,10.199999999999989,5764,961.26
42.7,7.6,26.5,2018-03-20,0,10.8,21.8,-108.3,5744,953.69
179.8,14.5,40.1,2018-03-21,0,8.7,21.5,-110.2,5768,945.08
179.8,14.5,40.1,2018-03-22,0,9.299999999999999,27.8,540.9,5768,941.54
179.8,14.5,40.1,2018-03-23,0,5.8,28.4,1293.5,5768,938.26
179.8,14.5,40.1,2018-03-24,1,3.2,40.9,7.700000000000001,5768,973.92
179.8,27.6,40.1,2018-03-25,0,5.300000000000001,32.5,1145.3000000000002,5768,949.68
179.8,27.6,40.1,2018-03-26,0,8.9,26.8,2.4000000000000004,5768,922.7
179.8,27.6,40.1,2018-03-27,0,9.5,24.4,180.3,5768,917.76
179.8,27.6,40.1,2018-03-28,0,6.8,21.0,1107.0,5768,930.52
179.8,27.6,40.1,2018-03-29,0,3.6,24.2,2047.3,5768,960.33
179.8,27.6,40.1,2018-03-30,1,9.5,18.6,-5.9,5768,895.43
179.8,27.6,40.1,2018-03-31,1,9.0,26.2,-9.3,5768,895.41
91.0,23.5,36.0,2018-04-01,0,11.299999999999999,30.5,907.9,5768,953.9
91.0,23.5,36.0,2018-04-02,0,18.7,27.9,-387.6,5768,837.51
91.0,23.5,36.0,2018-04-03,0,11.100000000000001,34.3,852.8,5742,975.84
91.0,22.2,36.0,2018-04-04,0,8.7,28.4,924.1999999999999,5742,917.07
91.0,22.2,36.0,2018-04-05,0,6.300000000000001,31.5,1505.7,5742,928.2
91.0,22.2,36.0,2018-04-06,0,3.0,38.7,3817.7999999999997,5742,1008.84
91.0,22.2,36.0,2018-04-07,1,5.9,32.7,2275.6,5742,926.24
91.0,22.2,36.0,2018-04-08,1,12.3,36.1,-265.2,5742,846.27
91.0,22.2,36.0,2018-04-09,1,5.0,44.5,1358.2,5742,958.1
91.0,22.2,36.0,2018-04-10,1,12.7,39.6,-182.0,5742,946.4
91.0,22.2,36.0,2018-04-11,0,7.6,31.4,1053.3999999999999,5742,927.32
91.0,22.2,36.0,2018-04-12,0,11.299999999999999,36.0,28.900000000000006,5742,934.19
91.0,22.2,36.0,2018-04-13,1,2.8999999999999995,39.2,12.9,5742,1025.15
91.0,22.2,36.0,2018-04-14,0,5.3,35.8,1391.6,5742,921.27
91.0,22.2,36.0,2018-04-15,0,8.2,39.2,486.5,5742,903.78
91.0,22.2,36.0,2018-04-16,1,4.6,30.9,1142.6000000000001,5742,911.03
217.6,34.0,49.5,2018-04-18,0,1.4,43.5,122.69999999999999,5761,960.21
217.6,34.0,49.5,2018-04-19,0,-2.0,33.4,831.7,5761,921.29
217.6,34.0,49.5,2018-04-20,1,-6.199999999999999,27.7,1917.5,5761,936.28
217.6,34.0,49.5,2018-04-21,1,-1.1999999999999997,45.1,-215.4,5796,873.73
370.4,39.6,55.1,2018-04-22,0,-9.1,45.7,2194.7,5796,946.15
370.4,39.6,55.1,2018-04-23,0,-6.6000000000000005,30.9,2083.8999999999996,5794,947.25
370.4,39.6,55.1,2018-04-24,0,-5.6,29.5,1490.8999999999999,5794,944.92
370.4,39.6,55.1,2018-04-25,0,-2.8,22.7,1597.1,5796,920.46
370.4,39.6,55.1,2018-04-26,1,3.9999999999999996,33.3,443.9,5796,903.46
370.4,39.6,55.1,2018-04-27,0,8.4,33.6,-358.0,5796,891.66
370.4,39.6,55.1,2018-04-28,0,-10.1,35.1,12999.0,5796,1157.85
170.4,31.3,46.8,2018-04-29,1,-5.1,41.9,2350.4,5797,953.61
199.1,29.3,44.9,2018-04-30,0,0.2999999999999998,45.0,-15.3,5778,939.19
199.1,29.3,44.9,2018-05-01,0,5.1,40.5,3.8,5778,994.64
213.1,31.7,49.7,2018-05-02,0,3.1,27.8,1084.5,5776,901.76
213.1,31.7,49.7,2018-05-03,0,9.899999999999999,39.1,0.0,5776,929.11
213.1,31.7,49.7,2018-05-04,0,4.0,29.3,634.1999999999999,5776,889.24
213.1,31.7,49.7,2018-05-05,0,9.200000000000001,31.6,-205.20000000000002,5776,860.21
213.1,31.7,49.7,2018-05-06,0,-1.7999999999999998,35.7,1051.0,5776,911.65
213.1,31.7,49.7,2018-05-07,0,-5.3,46.1,2085.1000000000004,5776,939.14
213.1,37.2,49.7,2018-05-09,0,-3.2,37.1,1901.9999999999998,5776,912.55
213.1,37.2,49.7,2018-05-10,1,-6.3,30.0,2798.0,5776,926.8
245.1,38.0,51.3,2018-05-11,1,-9.3,48.9,-11.6,5817,968.1
245.1,38.0,51.3,2018-05-13,0,-7.299999999999999,42.8,3256.1,5817,958.52
245.1,38.0,51.3,2018-05-14,0,5.1000000000000005,38.1,-328.40000000000003,5821,949.29
245.1,38.0,51.3,2018-05-15,1,-0.40000000000000036,30.9,687.3000000000001,5821,876.68
245.1,38.0,51.3,2018-05-16,0,-5.1,40.6,1594.6999999999998,5821,942.87
245.1,38.0,51.3,2018-05-17,0,6.8999999999999995,40.4,0.0,5821,965.88
245.1,38.0,51.3,2018-05-18,1,-4.8999999999999995,31.1,1140.0,5821,912.11
245.1,38.0,51.3,2018-05-19,0,1.0,45.3,-244.4,5823,964.52
245.1,38.0,51.3,2018-05-20,0,-7.3999999999999995,44.0,2009.6,5823,936.84
245.1,38.0,51.3,2018-05-21,0,-5.7,33.5,1189.1,5823,918.98
245.1,38.0,51.3,2018-05-22,1,-5.0,39.4,1475.7,5823,920.8
245.1,38.0,51.3,2018-05-23,0,-12.2,67.9,12391.6,5823,1157.7
245.1,38.0,51.3,2018-05-24,0,-6.6000000000000005,50.8,-20.599999999999998,5823,937.57
245.1,38.0,51.3,2018-05-25,0,-2.8,36.3,857.7,5823,891.84
245.1,38.0,51.3,2018-05-26,0,-9.5,44.3,2245.7,5823,940.83
245.1,38.0,51.3,2018-05-27,0,-7.4,35.4,1594.8,5823,939.11
245.1,38.0,51.3,2018-05-28,0,-7.000000000000001,47.5,1409.9,5823,939.85
199.1,33.6,42.5,2018-05-29,0,0.40000000000000036,43.4,1579.5,5790,936.81
199.1,33.6,42.5,2018-05-30,0,2.5,37.0,-42.7,5790,904.16
199.1,33.6,42.5,2018-05-31,1,1.9000000000000004,38.0,-6.5,5790,910.07
199.1,33.6,42.5,2018-06-01,0,-1.2999999999999998,57.6,1688.3,5790,979.46
199.1,33.6,42.5,2018-06-02,0,9.399999999999999,49.8,0.0,5790,914.98
199.1,33.6,42.5,2018-06-03,1,25.200000000000003,17.7,0.0,5790,632.98
244.4,33.4,44.2,2018-06-04,1,5.7,41.3,1091.3,5806,881.9
244.4,33.4,44.2,2018-06-05,0,7.5,70.7,4263.0,5808,1012.1
214.7,39.6,43.5,2018-06-06,0,8.200000000000001,51.8,59.7,5837,884.29
227.9,40.8,44.7,2018-06-07,1,29.200000000000003,9.2,0.0,5837,557.07
227.9,40.8,44.7,2018-06-08,1,0.5,58.7,1254.1000000000001,5837,942.46
226.4,39.3,45.1,2018-06-09,1,2.4,66.0,987.4000000000001,5776,958.1
226.4,39.3,45.1,2018-06-10,1,30.099999999999998,15.3,0.0,5776,570.1
277.4,42.6,46.2,2018-06-11,1,4.0,66.5,515.4,5757,917.86
277.4,42.6,46.2,2018-06-12,1,24.3,-24.4,0.0,5757,574.65
277.4,36.6,46.2,2018-06-13,0,13.799999999999999,28.8,-47.2,5757,744.67
277.4,36.6,46.2,2018-06-14,0,11.7,34.6,-612.8,5757,736.07
277.4,36.6,46.2,2018-06-15,0,30.700000000000003,6.6,0.0,5757,497.25
277.4,36.6,46.2,2018-06-16,1,3.7,42.2,649.8,5757,826.79
277.4,36.6,46.2,2018-06-17,1,2.8,47.1,1061.4,5757,823.99
277.4,36.6,46.2,2018-06-18,0,-0.20000000000000018,49.3,2951.7,5757,940.39
277.4,36.6,46.2,2018-06-19,0,-2.3,59.4,2562.0,5757,840.42
277.4,36.6,46.2,2018-06-20,1,0.2999999999999998,61.2,2566.2,5757,962.14
277.4,36.6,46.2,2018-06-21,0,1.3999999999999995,61.4,2057.1,5757,962.58
277.4,36.6,46.2,2018-06-22,0,6.3,50.8,762.5,5757,904.16
277.4,36.6,46.2,2018-06-23,1,9.7,46.7,337.0,5757,872.81
277.4,36.6,46.2,2018-06-25,0,2.8000000000000003,65.3,1759.2,5757,958.9
277.4,36.6,46.2,2018-06-26,0,9.399999999999999,64.0,-101.99999999999999,5757,933.35
277.4,36.6,46.2,2018-06-27,0,5.5,65.5,1643.6000000000001,5757,1003.57
277.4,39.3,46.2,2018-06-29,0,31.3,18.0,0.0,5757,630.46
271.6,39.0,45.6,2018-06-30,0,20.799999999999997,28.2,0.0,5838,752.54
233.6,37.5,44.4,2018-07-01,1,34.5,63.9,0.0,5837,662.17
250.6,37.4,43.2,2018-07-02,1,2.3,66.0,1123.0,5838,946.98
268.4,38.9,43.9,2018-07-03,1,11.0,68.6,0.0,5830,914.13
268.9,38.7,44.3,2018-07-04,0,-1.1000000000000005,67.4,2376.8,5816,972.3
270.3,39.1,43.1,2018-07-05,1,4.4,69.5,552.9,5811,965.56
246.7,39.6,45.3,2018-07-06,0,4.5,60.0,601.0,5818,933.99
245.0,35.3,40.7,2018-07-07,0,9.3,52.3,-70.0,5837,910.9
263.8,32.4,38.1,2018-07-08,0,12.200000000000001,56.1,-120.2,5826,926.2
258.9,32.3,38.5,2018-07-09,0,7.999999999999999,67.8,15.7,5829,964.92
264.6,39.3,42.2,2018-07-10,1,8.9,70.7,-69.1,5818,936.92
238.2,35.4,38.0,2018-07-11,1,18.5,67.9,0.0,5833,876.33
253.0,36.4,37.7,2018-07-12,0,8.9,71.3,714.6,5818,967.83
246.1,34.1,38.7,2018-07-13,0,8.5,66.1,277.8,5817,965.27
254.1,35.0,38.8,2018-07-14,0,10.6,57.5,-11.8,5816,926.2
290.4,33.0,40.5,2018-07-15,0,8.7,57.9,13.400000000000002,5811,923.65
275.9,36.8,40.3,2018-07-16,0,9.0,60.7,2.0999999999999996,5811,938.31
278.3,35.0,38.7,2018-07-17,1,9.5,67.3,-0.10000000000000142,5820,951.38
255.7,36.4,40.1,2018-07-18,0,8.700000000000001,70.4,-35.5,5834,963.59
256.6,37.9,42.0,2018-07-19,1,7.199999999999999,59.7,-9.1,5839,933.48
283.0,40.5,47.1,2018-07-20,0,0.7000000000000002,62.5,57.60000000000001,5833,923.68
293.6,35.4,38.4,2018-07-21,0,9.600000000000001,64.7,-9.4,5795,942.26
296.4,38.4,39.7,2018-07-22,1,5.0,73.8,1769.9,5791,984.12
300.8,37.8,41.7,2018-07-23,0,7.6,62.9,3.900000000000002,5821,918.62
256.7,38.4,43.5,2018-07-24,0,5.0,68.1,-56.1,5834,957.45
271.1,40.1,43.4,2018-07-26,1,6.4,68.3,0.0,5825,969.36
257.6,38.8,43.7,2018-07-27,1,2.8999999999999995,72.0,1365.4,5805,980.12
263.4,38.2,42.2,2018-07-28,0,4.199999999999999,65.0,2066.2999999999997,5818,935.84
243.2,38.2,42.9,2018-07-29,1,6.300000000000001,59.9,381.0,5815,931.12
244.1,37.5,43.2,2018-07-30,1,5.7,65.7,-39.6,5819,967.25
242.1,38.2,43.5,2018-07-31,0,7.800000000000001,57.1,-38.0,5805,940.92
269.9,38.3,41.9,2018-08-01,0,7.9,68.5,-29.900000000000002,5791,978.11
244.9,38.9,43.7,2018-08-02,1,9.8,59.7,0.0,5806,939.59
250.5,35.8,41.5,2018-08-03,1,16.7,65.8,0.0,5828,860.3
242.3,34.5,40.8,2018-08-04,1,7.000000000000001,56.5,-27.0,5830,897.69
248.4,37.8,42.8,2018-08-05,0,8.4,68.7,-133.3,5827,942.75
253.6,36.7,42.6,2018-08-06,0,6.2,58.2,3.3,5808,940.68
305.7,38.2,41.1,2018-08-07,0,7.8999999999999995,59.9,4.5,5797,931.12
267.6,35.1,38.4,2018-08-08,0,9.8,55.1,7.400000000000002,5817,941.37
255.5,36.8,41.7,2018-08-09,0,5.4,65.6,-11.8,5841,961.26
225.3,35.3,40.3,2018-08-10,0,4.699999999999999,64.7,1420.8,5846,985.0
222.7,35.4,41.0,2018-08-11,0,5.300000000000001,59.5,1175.8,5828,955.45
245.6,36.2,42.8,2018-08-12,0,2.0000000000000004,66.1,1555.8,5807,960.98
242.0,33.5,39.6,2018-08-13,0,5.8,63.2,1186.1000000000001,5812,964.22
258.9,34.9,41.2,2018-08-14,1,9.3,59.4,315.0,5818,923.67
305.9,35.7,40.8,2018-08-15,1,10.2,59.2,502.0,5825,933.51
270.9,34.8,40.7,2018-08-16,0,6.5,66.4,306.2,5840,950.06
235.3,34.9,40.6,2018-08-17,0,7.699999999999999,56.1,-9.0,5824,928.67
259.1,35.2,42.2,2018-08-18,0,4.4,68.2,-41.0,5817,942.42
270.8,38.0,42.4,2018-08-19,0,17.0,63.3,0.0,5800,833.1
293.3,37.4,40.5,2018-08-20,0,9.899999999999999,60.9,-2.5,5810,935.95
254.5,34.1,39.4,2018-08-21,0,9.9,66.2,-27.5,5823,962.17
243.6,38.7,42.2,2018-08-22,1,5.2,64.1,710.7,5818,929.88
238.5,37.0,43.2,2018-08-23,0,6.5,62.7,-83.10000000000001,5839,929.27
228.1,37.5,42.8,2018-08-24,0,9.6,69.4,0.0,5831,907.65
226.5,39.1,44.4,2018-08-25,0,3.3,56.2,24.799999999999997,5814,926.12
261.1,36.1,41.7,2018-08-26,1,7.300000000000001,57.8,486.20000000000005,5813,923.65
283.3,34.9,40.0,2018-08-27,0,10.0,57.7,-16.6,5823,931.09
267.8,37.3,43.0,2018-08-28,1,4.5,67.9,-13.600000000000001,5834,961.84
247.8,35.3,43.0,2018-08-29,1,2.1000000000000005,65.8,1948.3999999999999,5836,987.53
220.7,36.8,41.4,2018-08-30,1,5.4,65.4,762.2,5835,958.48
225.8,36.2,44.1,2018-08-31,0,3.0,65.9,650.2,5832,947.24
248.1,36.3,43.1,2018-09-01,1,35.3,62.9,0.0,5827,671.5
239.4,35.9,42.2,2018-09-02,0,8.700000000000001,65.5,-156.4,5820,941.88
237.2,36.5,43.4,2018-09-03,1,1.9999999999999996,65.3,1684.1000000000001,5824,982.47
230.9,39.2,43.8,2018-09-04,1,1.3000000000000003,66.4,1936.8,5823,974.62
255.4,38.0,44.6,2018-09-05,0,3.4,65.9,563.2,5803,970.86
303.9,36.1,41.5,2018-09-06,0,8.100000000000001,56.8,-20.3,5786,932.51
285.5,36.1,42.4,2018-09-07,0,3.4999999999999996,64.4,677.1,5832,974.72
238.3,34.0,42.1,2018-09-08,0,3.5999999999999996,56.2,830.5999999999999,5823,977.34
211.7,22.6,38.9,2018-09-09,0,6.9,55.6,-35.2,5819,958.54
207.2,29.8,41.0,2018-09-10,0,5.0,57.7,498.19999999999993,5812,955.83
209.0,32.5,40.2,2018-09-11,0,3.1999999999999997,58.6,2035.4,5815,971.97
221.3,36.8,42.1,2018-09-12,0,2.5999999999999996,62.1,1779.3,5815,963.91
234.3,35.9,42.5,2018-09-13,1,0.8999999999999995,57.0,2609.1,5820,966.54
226.1,36.3,44.3,2018-09-14,0,3.7,59.7,676.7,5813,966.81
218.6,34.3,43.4,2018-09-15,1,4.4,61.2,795.2,5810,953.02
210.0,33.4,43.6,2018-09-16,0,4.9,56.6,257.4,5809,950.33
224.8,36.1,44.6,2018-09-17,0,-0.9000000000000004,56.6,1861.8,5813,966.63
237.0,32.9,43.9,2018-09-18,0,1.2999999999999998,53.7,1284.2,5813,941.33
226.7,32.8,42.8,2018-09-19,1,2.1,53.5,928.1,5825,941.33
311.3,38.3,42.9,2018-09-20,0,13.1,67.3,0.0,5809,881.7
280.8,35.0,42.4,2018-09-21,0,5.5,62.1,106.9,5812,972.24
217.7,34.1,45.0,2018-09-22,0,3.1,59.3,633.3000000000001,5789,980.06
152.6,30.8,40.6,2018-09-23,1,0.5999999999999996,51.1,1406.9,5799,977.37
207.3,28.2,44.1,2018-09-24,1,0.0,53.5,1739.5,5805,969.38
214.3,39.4,46.0,2018-09-25,0,-0.20000000000000018,57.4,1827.4,5814,961.23
211.1,36.8,44.4,2018-09-26,0,1.1999999999999997,57.6,1979.9,5820,966.66
207.5,36.3,43.5,2018-09-27,1,1.8000000000000003,55.6,2040.1999999999998,5816,966.66
189.0,35.5,45.5,2018-09-28,1,10.100000000000001,53.7,0.0,5813,870.6
206.3,33.7,48.1,2018-09-29,0,-4.6,50.4,2479.4,5813,969.28
214.7,30.3,43.4,2018-09-30,0,1.2999999999999998,50.2,-22.7,5813,962.24
116.4,21.4,35.9,2018-10-01,0,3.8,33.1,-116.1,5802,937.11
179.3,11.2,41.4,2018-10-02,0,-0.39999999999999947,37.9,1915.5,5794,958.42
202.6,11.3,45.8,2018-10-03,0,-3.5,41.9,1967.6,5787,944.2
192.2,9.4,44.3,2018-10-04,0,-1.7000000000000002,36.4,1503.8,5781,947.25
201.6,20.8,42.3,2018-10-05,0,0.8000000000000003,37.0,1082.2,5780,947.37
207.5,21.1,43.4,2018-10-06,0,3.0000000000000004,37.9,-112.0,5768,920.82
202.6,10.5,41.4,2018-10-07,0,0.10000000000000053,38.1,2027.2,5768,965.15
188.0,18.6,41.5,2018-10-08,0,1.4,28.4,0.0,5760,932.91
147.4,3.0,35.8,2018-10-09,0,3.1000000000000005,27.5,789.7,5764,962.52
152.1,31.1,37.1,2018-10-10,0,5.9,51.9,349.3,5760,974.96
224.2,37.2,43.1,2018-10-11,1,8.299999999999999,60.8,-42.699999999999996,5771,972.46
275.2,34.4,50.9,2018-10-12,0,0.7999999999999998,50.7,-126.00000000000001,5767,957.44
240.2,35.3,40.4,2018-10-13,1,13.0,55.2,0.0,5785,977.71
195.3,22.4,35.1,2018-10-14,0,12.799999999999999,40.8,-4.7,5777,986.13
194.6,5.3,38.2,2018-10-15,0,16.1,36.6,0.0,5765,883.72
97.0,-4.5,29.0,2018-10-16,0,8.7,29.4,-48.1,5779,961.72
121.4,-0.4,34.3,2018-10-17,0,9.3,25.9,0.0,5768,927.72
181.1,7.2,41.2,2018-10-18,0,1.0000000000000004,34.3,64.8,5770,980.69
189.8,15.3,43.2,2018-10-19,0,-0.5,37.0,0.30000000000000004,5773,1010.86
166.7,14.7,43.4,2018-10-20,0,0.20000000000000018,34.4,670.4,5762,956.11
136.4,13.4,40.4,2018-10-21,0,1.5999999999999996,32.0,-15.199999999999989,5765,938.68
66.4,7.0,34.1,2018-10-22,0,4.5,28.5,-162.2,5754,915.18
165.9,9.8,42.7,2018-10-23,0,-1.6,31.5,1139.3,5740,978.1
193.6,32.1,43.4,2018-10-24,0,1.6999999999999997,38.8,849.8000000000001,5726,927.14
75.3,3.2,30.8,2018-10-25,0,14.4,16.0,0.0,5719,845.99
76.7,1.3,32.0,2018-10-26,0,4.1,21.3,66.0,5733,1002.64
158.4,5.9,36.1,2018-10-27,0,13.5,23.1,0.0,5740,841.6
31.0,21.2,31.6,2018-10-28,0,9.5,36.4,-273.0,5725,909.16
198.6,33.4,43.6,2018-10-29,0,4.6000000000000005,45.1,-45.4,5711,971.67
198.2,32.9,42.8,2018-10-30,0,11.8,41.3,0.0,5724,948.72
222.9,33.6,44.0,2018-10-31,0,10.0,50.4,-216.2,5726,953.26
178.4,29.3,39.4,2018-11-01,0,9.8,39.8,-48.599999999999994,5734,970.7
170.1,23.6,40.2,2018-11-02,0,7.3,37.0,46.99999999999999,5745,959.12
163.6,29.4,37.3,2018-11-03,0,13.200000000000001,36.4,-185.4,5742,927.09
173.7,24.0,39.5,2018-11-04,0,2.2,35.9,1563.7,5749,990.47
194.7,31.6,40.4,2018-11-05,0,2.9000000000000004,37.5,1306.1,5758,977.52
209.9,18.5,44.0,2018-11-06,0,11.899999999999999,37.8,0.0,5756,870.77
184.6,34.0,41.7,2018-11-07,0,19.799999999999997,46.1,0.0,5735,820.44
134.6,-11.3,37.3,2018-11-08,0,12.399999999999999,24.8,0.0,5717,942.94
134.4,-17.3,32.3,2018-11-09,0,17.799999999999997,17.6,0.0,5719,923.05
112.4,2.5,34.7,2018-11-10,0,11.4,18.7,0.0,5716,919.72
119.8,0.2,35.9,2018-11-11,0,9.6,23.5,0.0,5728,954.31
42.7,-3.6,27.5,2018-11-12,0,13.0,19.8,0.0,5737,919.27
52.4,1.0,23.5,2018-11-13,0,22.6,20.3,0.0,5728,848.22
88.9,6.2,28.1,2018-11-14,0,15.5,24.3,0.0,5727,945.79
114.0,11.5,29.5,2018-11-15,0,14.8,23.5,-144.9,5731,969.82
139.1,-3.6,35.2,2018-11-16,0,15.0,19.6,-217.8,5739,890.07
166.7,4.1,34.6,2018-11-17,0,13.1,26.0,0.0,5743,822.34
177.0,16.3,38.6,2018-11-18,0,19.6,28.8,0.0,5722,851.3
116.3,9.8,34.4,2018-11-19,0,19.0,25.7,0.0,5725,847.37
60.1,3.8,24.8,2018-11-20,0,12.6,22.9,0.0,5733,937.22
103.9,4.1,30.6,2018-11-21,0,12.7,22.6,-187.4,5724,907.8
102.7,-31.5,28.6,2018-11-22,0,14.2,16.6,-63.1,5738,1009.61
110.4,-22.0,23.3,2018-11-23,0,38.2,15.6,0.0,5745,813.11
89.9,-33.8,26.4,2018-11-24,0,24.4,18.3,0.0,5741,930.67
110.2,-16.6,30.7,2018-11-25,0,18.7,18.0,0.0,5746,910.81
140.8,-15.3,33.8,2018-11-26,0,16.1,18.6,-129.7,5744,916.92
121.5,-10.6,34.1,2018-11-27,0,16.5,19.3,-160.79999999999998,5735,907.67
124.1,-17.6,31.3,2018-11-28,0,17.1,19.5,-169.70000000000002,5744,893.26
109.7,-24.3,25.3,2018-11-29,0,27.8,18.6,0.0,5748,980.7
124.5,-21.3,27.9,2018-11-30,0,19.5,20.5,-177.79999999999998,5739,888.04
135.0,-4.2,31.4,2018-12-01,0,11.3,22.3,33.10000000000001,5719,972.98
127.3,1.6,31.6,2018-12-02,0,16.1,18.3,0.0,5707,897.93
122.7,0.3,29.0,2018-12-03,0,18.9,17.2,-207.5,5701,880.94
127.1,-0.4,27.0,2018-12-04,0,27.5,18.1,0.0,5714,836.69
58.2,-11.1,9.7,2018-12-05,0,22.5,15.6,0.0,5717,888.44
95.9,-0.4,35.3,2018-12-06,0,14.700000000000001,16.7,0.0,5695,895.4
110.5,-3.3,36.2,2018-12-07,0,12.899999999999999,17.0,0.0,5671,932.63
97.8,-4.3,35.8,2018-12-08,0,14.2,23.2,0.0,5667,888.9
101.7,-2.9,32.5,2018-12-09,0,18.1,16.8,0.0,5673,888.9
86.2,1.1,36.1,2018-12-10,0,14.7,15.7,0.0,5663,888.66
77.6,16.3,27.1,2018-12-11,0,15.600000000000001,19.4,0.0,5662,904.89
169.2,-4.9,40.6,2018-12-12,0,30.9,24.2,0.0,5678,864.55
142.9,6.7,37.7,2018-12-13,0,7.8999999999999995,21.5,-64.89999999999999,5667,1001.35
99.1,23.0,34.6,2018-12-14,0,14.100000000000001,30.5,0.0,5659,941.25
75.7,10.7,25.5,2018-12-15,0,20.9,21.8,0.0,5677,895.34
54.3,12.6,29.9,2018-12-16,0,28.7,31.3,0.0,5714,868.02
167.2,30.0,37.3,2018-12-17,0,23.4,47.1,0.0,5721,944.98
228.3,31.2,39.9,2018-12-18,0,24.4,48.0,0.0,5700,958.47
165.1,2.7,35.3,2018-12-19,0,29.799999999999997,23.6,0.0,5669,993.92
52.4,-17.1,22.2,2018-12-20,0,23.1,16.3,0.0,5719,947.07
66.0,-11.8,28.8,2018-12-21,0,23.7,17.3,0.0,5704,905.78
34.9,-15.5,28.4,2018-12-23,0,30.5,13.8,0.0,5721,906.36
58.2,-15.2,28.0,2018-12-24,0,39.900000000000006,13.7,0.0,5727,869.48
83.4,-18.5,22.2,2018-12-25,0,37.900000000000006,13.8,0.0,5715,851.18
73.7,-20.1,7.1,2018-12-26,0,36.4,14.2,0.0,5714,862.2
164.7,-14.2,25.1,2018-12-27,0,35.5,14.5,0.0,5683,887.34
89.2,-15.1,23.6,2018-12-28,0,30.0,13.2,0.0,5614,880.83
91.2,-15.2,19.1,2018-12-29,0,28.6,9.1,0.0,5611,828.02
56.3,-13.4,21.0,2018-12-30,0,31.1,11.3,0.0,5653,881.18
46.6,-16.5,25.7,2018-12-31,0,38.900000000000006,11.8,0.0,5675,848.68
58.2,-12.6,13.1,2019-01-01,0,20.5,12.6,0.0,5688,853.84
67.9,-1.7,10.6,2019-01-02,0,30.4,12.1,0.0,5656,882.98
95.1,5.0,26.0,2019-01-03,0,17.9,12.3,0.0,5628,886.44
106.7,-7.6,22.0,2019-01-04,0,27.799999999999997,11.1,0.0,5659,872.67
58.2,0.3,12.8,2019-01-05,0,25.5,11.9,0.0,5684,879.9
52.4,-7.0,28.7,2019-01-06,0,18.299999999999997,11.9,0.0,5685,896.26
56.3,7.0,34.0,2019-01-07,0,11.8,11.5,0.0,5650,896.07
69.8,21.0,39.4,2019-01-08,0,14.5,16.6,0.0,5622,896.32
92.7,12.9,43.9,2019-01-09,0,8.4,18.3,0.0,5626,879.07
75.7,-24.2,24.2,2019-01-16,0,27.4,11.0,0.0,5654,866.68
71.8,-23.4,31.8,2019-01-19,0,14.4,13.1,0.0,5630,927.14
81.5,4.8,23.9,2019-01-20,0,20.3,17.6,0.0,5665,912.09
77.6,0.1,31.5,2019-01-21,0,17.5,15.4,0.0,5677,905.5
58.2,0.5,32.7,2019-01-22,0,29.4,15.0,0.0,5666,800.61
58.2,3.6,40.8,2019-01-23,0,3.6,15.0,0.0,5651,901.35
73.7,12.9,35.1,2019-01-24,0,14.2,17.7,0.0,5661,894.73
84.4,8.9,38.0,2019-01-25,0,9.4,20.1,0.0,5647,920.15
88.3,16.1,33.7,2019-01-26,0,14.0,23.3,-280.7,5651,920.3
75.6,23.8,39.1,2019-01-27,0,10.4,25.3,0.0,5636,926.62
71.4,23.9,40.5,2019-01-28,0,11.2,26.6,0.0,5619,944.29
117.7,28.2,45.1,2019-01-29,0,10.6,22.5,0.0,5586,931.11
71.8,-18.2,21.0,2019-01-30,0,27.9,6.7,0.0,5638,920.02
44.6,2.9,0.9,2019-01-31,0,23.6,12.7,0.0,5670,921.36
91.4,-16.8,34.6,2019-03-01,0,12.7,20.6,0.0,5637,979.04
50.4,-3.6,24.0,2019-03-02,0,25.7,14.5,0.0,5676,886.28
117.2,9.9,37.9,2019-03-03,0,21.1,22.9,0.0,5694,833.24
180.0,30.1,44.5,2019-03-04,1,2.8,35.4,171.5,5693,971.28
261.6,34.2,41.8,2019-03-05,0,8.5,49.5,-17.999999999999996,5735,975.2
200.5,26.3,39.1,2019-03-06,0,12.6,29.2,-152.2,5711,971.56
162.6,15.8,32.5,2019-03-07,0,17.6,26.3,-87.7,5700,940.51
134.6,-8.8,27.1,2019-03-08,0,24.200000000000003,20.9,0.0,5701,894.91
105.8,10.4,26.2,2019-03-09,0,32.400000000000006,18.6,0.0,5732,647.59
202.2,24.0,33.0,2019-03-10,0,14.700000000000001,31.3,76.5,5732,964.74
204.3,22.3,41.5,2019-03-11,0,3.8,34.8,-16.5,5743,972.4
83.4,14.2,28.3,2019-03-12,0,7.9,26.0,-16.4,5736,961.9
199.9,25.5,42.2,2019-03-13,1,4.9,31.3,606.9,5763,956.19
96.0,20.4,35.5,2019-03-14,1,0.39999999999999947,32.9,1475.6,5755,966.96
151.0,32.7,46.6,2019-03-15,1,-2.8000000000000003,38.4,1619.1999999999998,5747,1004.11
158.7,30.6,49.8,2019-03-16,1,0.10000000000000009,30.2,-242.3,5732,899.8
256.6,31.9,51.7,2019-03-17,0,-0.20000000000000018,34.0,726.1999999999999,5722,942.46
141.5,28.9,45.3,2019-03-18,0,5.5,31.7,0.0,5678,916.79
185.3,30.7,44.2,2019-03-19,0,1.1999999999999997,33.2,795.5,5700,950.97
191.4,22.6,46.9,2019-03-20,0,-2.0,30.8,1109.2,5692,960.15
77.2,15.3,41.8,2019-03-21,0,-4.6,24.7,1020.5,5712,956.31
228.1,32.0,50.3,2019-03-22,1,-3.6,37.6,950.9,5730,953.38
164.6,30.0,43.9,2019-03-23,0,7.2,29.6,0.0,5731,884.83
48.5,1.2,31.9,2019-03-24,0,12.9,13.6,0.0,5747,793.62
63.5,2.9,35.8,2019-03-25,0,7.2,19.5,-258.9,5747,920.19
90.3,16.9,43.6,2019-03-26,0,-2.0,25.2,659.5,5741,924.36
208.7,32.3,49.6,2019-03-27,0,7.199999999999999,32.5,0.0,5695,894.39
179.9,4.3,45.0,2019-03-28,0,-2.3,31.3,2468.2000000000003,5736,972.31
112.9,11.8,39.4,2019-03-29,0,0.3999999999999999,30.9,1896.8,5761,964.28
156.1,27.8,44.1,2019-03-30,0,-0.2999999999999998,36.4,1988.0,5766,964.22
185.1,22.1,49.3,2019-03-31,0,-6.4,35.2,2935.5,5762,958.6
132.1,28.3,48.4,2019-04-01,0,-2.5999999999999996,38.1,1034.6,5763,950.73
279.2,32.2,53.4,2019-04-02,0,-8.1,34.6,2699.2000000000003,5744,969.59
107.9,20.6,47.8,2019-04-03,0,-8.5,29.2,2965.1,5747,966.87
206.1,28.7,49.1,2019-04-04,1,-2.1000000000000005,34.3,2484.4,5764,958.76
330.7,36.4,54.5,2019-04-05,1,-5.1,43.7,2781.1000000000004,5764,958.69
225.9,29.9,52.2,2019-04-06,0,-6.2,31.8,1520.8000000000002,5750,978.22
176.9,28.7,51.3,2019-04-07,0,-0.20000000000000018,30.6,-257.0,5730,909.71
89.9,24.9,47.9,2019-04-08,1,-5.3,29.7,1511.3999999999999,5753,923.75
133.9,31.2,49.4,2019-04-09,0,-4.2,30.0,972.6000000000001,5745,927.44
326.0,37.6,52.0,2019-04-10,0,6.5,43.8,-272.5,5740,951.37
369.6,32.9,55.8,2019-04-11,0,16.2,44.0,0.0,5763,749.83
261.0,35.8,52.4,2019-04-12,1,-6.0,40.9,2281.2999999999997,5773,974.78
136.2,31.9,49.8,2019-04-13,0,-8.9,40.4,2499.7,5775,977.34
312.4,33.1,54.8,2019-04-14,0,-5.1000000000000005,42.6,1260.3000000000002,5784,964.25
276.9,35.2,52.6,2019-04-15,0,3.0,39.8,-179.89999999999998,5800,888.57
151.6,29.2,45.5,2019-04-16,0,-8.4,43.8,3750.9,5821,889.3
184.7,34.3,47.1,2019-04-17,0,6.8999999999999995,40.6,-365.79999999999995,5786,924.7
139.8,27.5,48.2,2019-04-18,0,2.3,32.0,-311.50000000000006,5767,874.89
273.7,35.6,53.2,2019-04-19,0,-7.5,42.5,1043.6,5745,933.09
163.8,25.9,45.9,2019-04-20,1,-5.2,34.2,1693.5,5727,967.0
145.1,28.4,46.5,2019-04-21,0,-5.2,33.4,2375.5,5765,953.02
134.6,29.8,46.4,2019-04-22,0,4.8,31.1,-270.4,5740,948.5
126.1,30.6,48.7,2019-04-23,0,-6.8,34.6,1600.0,5744,961.47
128.4,28.7,44.0,2019-04-24,0,-5.3,36.5,2455.8,5762,978.58
193.6,37.4,46.7,2019-04-25,1,-3.5999999999999996,35.8,2184.5,5785,969.35
210.9,38.4,51.1,2019-04-26,0,5.3,44.8,0.0,5806,848.22
201.1,35.6,45.0,2019-04-27,0,-0.6000000000000005,46.7,2241.7,5808,963.79
236.0,31.4,45.9,2019-04-28,0,1.2000000000000002,43.3,2184.7,5828,955.46
167.4,27.2,47.2,2019-04-29,0,-4.8,35.1,1888.5,5823,949.84
136.7,27.0,46.3,2019-04-30,0,-8.0,35.1,2191.2000000000003,5820,961.04
168.7,25.3,47.2,2019-06-01,1,0.10000000000000009,41.5,254.3,5830,952.04
270.9,28.4,51.7,2019-06-02,0,-3.6999999999999997,47.7,922.3,5829,923.14
238.1,35.4,45.0,2019-06-03,0,5.300000000000001,49.0,105.69999999999999,5795,964.31
207.4,34.8,44.0,2019-06-04,1,-1.5999999999999996,56.4,1257.3,5807,955.64
235.9,38.3,40.6,2019-06-05,0,3.3,56.9,2.0,5836,977.13
238.7,36.8,43.3,2019-06-06,0,6.1,58.2,-40.5,5835,987.63
243.7,34.5,41.7,2019-06-07,0,3.5999999999999996,60.8,-37.599999999999994,5845,938.22
222.2,32.9,39.5,2019-06-08,0,8.5,60.4,-25.9,5834,964.07
224.9,32.5,40.9,2019-06-09,0,1.2999999999999998,59.2,3019.7000000000003,5847,977.1
207.5,25.2,44.7,2019-06-10,0,4.7,47.7,158.2,5833,922.66
187.9,27.7,44.7,2019-06-11,1,2.5999999999999996,37.9,-102.30000000000001,5837,932.6
242.1,38.9,48.3,2019-06-12,0,-2.6999999999999997,50.9,0.0,5840,984.52
293.3,28.4,42.0,2019-06-13,0,9.100000000000001,49.4,-330.59999999999997,5833,958.72
280.5,37.3,46.2,2019-06-14,0,0.39999999999999947,57.4,3664.6,5843,851.41
298.8,45.5,50.2,2019-06-15,0,2.5999999999999996,64.8,762.8000000000001,5838,930.07
252.3,38.0,48.7,2019-06-16,0,0.6000000000000005,52.3,1918.1999999999998,5836,942.82
277.8,42.2,49.6,2019-06-17,0,-0.6000000000000005,53.2,1724.3,5829,929.88
264.9,36.1,46.9,2019-06-18,1,0.40000000000000036,55.4,2658.7000000000003,5829,949.78
212.0,33.8,45.2,2019-06-19,1,3.4000000000000004,58.6,-174.60000000000002,5832,930.75
222.5,37.1,46.3,2019-06-20,0,6.8999999999999995,47.9,-272.2,5838,847.07
265.0,35.9,41.7,2019-06-21,0,6.499999999999999,62.6,403.3,5835,945.91
276.9,37.8,41.3,2019-06-22,0,6.3999999999999995,63.0,-62.6,5850,944.32
227.0,30.0,39.5,2019-06-23,0,4.5,52.4,-35.7,5851,963.88
240.4,31.2,43.4,2019-06-24,0,3.6999999999999997,53.9,427.40000000000003,5848,941.33
225.9,32.0,41.9,2019-06-25,0,3.6000000000000005,56.9,1444.3999999999999,5851,949.75
220.8,34.6,41.9,2019-06-26,0,2.8000000000000003,54.8,1218.4,5843,946.88
256.4,36.1,43.5,2019-06-27,0,7.6,50.3,517.5,5823,918.59
265.4,40.5,45.3,2019-06-28,0,4.1,59.9,1254.6999999999998,5809,918.48
262.0,36.0,43.5,2019-06-29,0,4.5,64.4,975.3000000000001,5810,937.47
241.5,36.4,41.9,2019-06-30,1,9.1,56.5,-144.8,5803,905.22
236.2,35.4,43.0,2019-10-01,0,1.9000000000000004,59.5,1678.0,5787,986.81
224.3,29.9,42.9,2019-10-02,1,1.7999999999999998,52.1,1367.9,5790,961.35
257.3,38.3,43.5,2019-10-03,0,2.8000000000000003,54.9,-95.6,5796,946.42
202.4,34.4,43.3,2019-10-04,1,1.0,57.7,2300.3,5800,974.69
193.9,29.4,42.0,2019-10-05,0,0.2999999999999998,50.3,2502.1,5796,974.69
201.8,31.5,45.1,2019-10-06,0,-3.2,51.1,-7.3999999999999995,5794,982.44
192.1,36.6,45.4,2019-10-07,1,1.0,57.0,1230.6999999999998,5781,975.32
197.7,34.4,43.5,2019-10-08,1,3.0,54.3,-36.1,5771,958.82
224.9,35.2,44.3,2019-10-09,0,2.1000000000000005,56.0,470.0,5768,969.65
208.5,36.4,43.7,2019-10-10,0,5.3,57.5,68.7,5762,975.56
205.5,22.3,42.0,2019-10-11,0,4.3,47.1,9.399999999999999,5776,972.27
182.5,23.4,39.8,2019-10-12,0,4.300000000000001,43.5,595.6,5776,947.56
191.1,29.6,39.2,2019-10-13,0,8.0,49.1,-72.69999999999999,5775,944.9
139.0,24.7,33.9,2019-10-14,0,11.2,40.7,0.0,5779,908.62
135.7,27.1,35.1,2019-10-15,1,26.4,46.0,0.0,5779,800.71
172.9,30.4,40.2,2019-10-16,1,8.9,45.3,0.0,5773,898.64
208.5,36.1,43.5,2019-10-17,0,2.1999999999999997,51.0,1482.0,5773,969.53
187.1,32.6,45.3,2019-10-18,0,0.30000000000000027,50.2,1369.5,5780,980.9
183.3,32.3,44.4,2019-10-19,0,1.1,46.4,958.4,5776,953.17
188.9,33.3,43.3,2019-10-20,0,3.6,46.5,247.4,5774,947.68
204.5,30.7,41.9,2019-10-21,0,2.4999999999999996,47.4,1512.7,5780,986.48
219.7,34.9,41.4,2019-10-22,0,7.0,51.9,35.5,5779,958.88
207.4,32.7,44.0,2019-10-23,0,2.7,52.7,-54.199999999999996,5781,926.9
217.2,33.5,40.1,2019-10-24,0,12.200000000000001,56.0,0.0,5752,962.38
406.6,33.0,42.4,2019-10-25,0,14.6,55.1,0.0,5762,977.89
257.2,35.5,44.7,2019-10-26,0,11.0,56.6,0.0,5770,982.89
213.5,32.8,41.2,2019-10-27,0,12.3,50.9,0.0,5771,964.8
185.4,26.3,40.6,2019-10-28,0,8.5,39.9,0.0,5770,959.27
31.0,-9.4,18.6,2019-10-29,0,11.3,34.2,0.0,5777,936.97
38.8,18.5,28.4,2019-10-30,0,8.9,38.0,0.0,5774,939.65
144.2,16.2,38.2,2019-10-31,0,5.7,30.7,-233.9,5766,936.54
62.5,-10.2,25.4,2019-12-01,0,17.0,22.0,0.0,5710,975.9
151.8,-1.8,33.3,2019-12-02,0,11.7,25.4,-75.1,5694,926.18
121.2,-9.7,33.5,2019-12-03,0,17.5,18.9,0.0,5684,885.03
62.1,-17.0,25.7,2019-12-04,0,20.0,13.9,0.0,5724,804.89
46.6,-9.6,16.5,2019-12-05,0,19.0,13.5,0.0,5714,932.72
157.1,-8.0,35.9,2019-12-06,0,12.0,27.2,-219.6,5722,868.48
151.9,-13.6,35.5,2019-12-07,0,11.1,28.7,-290.20000000000005,5721,854.04
150.2,-1.0,38.1,2019-12-08,0,10.0,25.2,-402.6,5699,833.05
145.1,-9.2,27.9,2019-12-09,0,21.0,22.2,-98.8,5683,928.72
147.9,-11.2,33.6,2019-12-10,0,19.700000000000003,21.2,0.0,5706,862.82
155.1,17.6,37.0,2019-12-11,0,15.7,23.2,0.0,5683,911.18
128.5,-1.0,36.6,2019-12-12,0,10.3,26.1,-19.900000000000002,5688,965.19
149.9,11.4,40.1,2019-12-13,0,8.1,28.1,-59.0,5673,957.23
128.2,23.4,36.5,2019-12-14,0,13.7,27.6,0.0,5673,934.64
105.2,22.0,41.4,2019-12-15,0,9.0,27.0,0.0,5676,949.23
217.2,26.8,38.0,2019-12-17,0,14.299999999999999,31.3,-51.900000000000006,5671,1008.19
66.0,-22.9,25.2,2019-12-18,0,24.6,16.0,0.0,5687,955.64
79.5,-12.5,7.0,2019-12-19,0,36.9,11.8,0.0,5688,973.91
79.5,1.3,1.0,2019-12-20,0,43.5,10.5,0.0,5714,940.51
91.2,1.0,5.3,2019-12-21,0,40.599999999999994,16.3,0.0,5709,971.36
131.4,10.3,34.9,2019-12-22,0,29.9,20.8,0.0,5705,961.14
92.4,0.9,32.8,2019-12-23,0,24.5,21.6,0.0,5686,950.15
87.2,-4.1,29.1,2019-12-24,0,31.700000000000003,19.7,0.0,5680,962.05
148.5,19.4,34.7,2019-12-25,0,23.4,23.6,0.0,5684,921.31
192.2,28.0,37.7,2019-12-26,0,24.7,29.8,0.0,5654,909.29
36.9,-8.6,31.9,2019-12-29,0,27.799999999999997,12.3,0.0,5637,944.26
44.6,-10.3,21.8,2019-12-30,0,30.4,10.8,0.0,5658,937.61
44.6,-14.5,16.3,2019-12-31,0,31.3,12.7,0.0,5632,954.04
40.7,-3.5,16.9,2020-01-01,0,26.0,13.2,0.0,5637,980.29
52.4,21.1,32.5,2020-01-02,0,15.2,24.7,0.0,5645,952.09
149.7,28.5,43.0,2020-01-03,0,13.3,34.6,0.0,5624,958.48
138.0,28.5,43.3,2020-01-04,0,14.799999999999999,28.2,0.0,5636,970.99
170.5,24.3,37.4,2020-01-05,0,19.0,26.9,0.0,5632,980.66
69.8,-4.0,19.3,2020-01-06,0,20.299999999999997,14.3,0.0,5659,912.28
106.7,13.7,31.4,2020-01-07,0,27.5,24.5,0.0,5663,968.02
122.5,2.6,42.3,2020-01-08,0,17.4,22.5,0.0,5660,938.13
157.7,28.3,45.1,2020-01-09,0,10.899999999999999,29.1,0.0,5666,935.56
160.7,4.9,39.8,2020-01-10,0,20.7,24.4,0.0,5626,946.36
89.2,-21.2,9.4,2020-01-11,0,31.4,11.0,0.0,5659,959.23
56.3,-17.1,23.3,2020-01-12,0,32.7,15.3,0.0,5698,964.21
60.1,-4.4,11.7,2020-01-13,0,34.599999999999994,16.1,0.0,5728,968.64
101.4,3.7,30.9,2020-01-14,0,35.0,15.9,0.0,5717,858.99
105.6,-1.5,21.3,2020-01-15,0,34.3,17.9,0.0,5709,895.92
83.7,-3.5,21.7,2020-01-16,0,38.9,19.8,0.0,5720,905.77
83.7,-3.5,21.7,2020-01-17,0,41.7,5.8,-589.0,5716,796.13
66.0,-5.7,26.8,2020-01-18,0,18.8,17.2,0.0,5697,894.58
62.1,19.6,32.9,2020-01-19,0,21.4,21.5,0.0,5663,904.48
211.6,5.1,43.2,2020-01-20,0,22.5,28.5,0.0,5636,905.89
91.2,4.7,27.0,2020-01-21,0,20.0,20.9,0.0,5659,992.31
93.1,4.0,32.7,2020-01-22,0,18.299999999999997,16.1,0.0,5658,924.3
226.7,24.0,44.2,2020-01-23,0,10.2,29.8,0.0,5662,1007.23
99.5,-8.5,34.6,2020-01-24,0,12.6,13.6,0.0,5635,924.03
100.9,-9.5,31.6,2020-01-25,0,22.5,12.3,0.0,5636,880.72
114.5,5.6,30.5,2020-01-26,0,19.3,13.1,0.0,5602,893.81
98.9,-32.0,29.1,2020-01-27,0,21.9,13.4,0.0,5640,912.89
112.5,13.3,22.2,2020-01-28,0,25.299999999999997,21.9,0.0,5639,924.39
193.3,30.4,44.4,2020-01-29,1,7.5,39.1,-145.29999999999998,5653,1007.62
129.3,26.9,40.2,2020-01-30,0,9.3,29.2,-49.7,5646,975.63
164.3,-18.6,38.4,2020-01-31,0,16.0,18.9,0.0,5631,947.04
96.3,-3.0,35.3,2020-02-01,0,20.1,13.2,0.0,5636,880.23
93.8,11.2,32.3,2020-02-02,0,23.4,16.2,0.0,5626,843.12
93.1,-24.7,25.3,2020-02-03,0,25.7,9.4,0.0,5629,890.16
149.6,16.9,24.8,2020-02-05,0,33.9,22.4,0.0,5640,844.97
146.2,-25.1,29.9,2020-02-06,0,17.1,20.0,-20.6,5657,972.35
119.3,16.1,35.0,2020-02-07,0,23.7,21.0,0.0,5622,817.55
86.8,20.2,37.3,2020-02-08,0,8.0,25.9,0.0,5623,1002.42
130.7,10.9,35.7,2020-02-09,0,18.6,23.6,0.0,5616,888.87
60.1,-36.1,11.9,2020-02-11,0,35.1,7.9,0.0,5678,822.53
97.0,-19.6,13.1,2020-02-12,0,33.099999999999994,9.6,0.0,5714,881.52
77.6,-11.1,20.3,2020-02-13,0,34.9,13.1,0.0,5743,850.11
129.8,-34.9,24.0,2020-02-14,0,25.3,15.5,0.0,5749,917.15
102.8,-27.5,21.1,2020-02-15,0,21.7,13.3,0.0,5737,884.72
58.7,-18.2,27.4,2020-02-16,0,17.0,16.4,0.0,5731,949.2
105.6,-21.2,32.2,2020-02-17,0,20.8,15.7,0.0,5720,892.23
100.8,-14.8,30.1,2020-02-18,0,14.8,16.3,0.0,5699,962.83
51.3,-28.5,33.9,2020-02-19,0,12.1,16.3,0.0,5685,983.88
48.5,-6.0,32.4,2020-02-21,0,8.6,16.5,0.0,5703,922.01
69.8,-3.9,29.3,2020-02-22,0,9.4,14.8,0.0,5700,851.3
46.6,24.7,28.4,2020-02-23,0,3.0,23.4,-337.59999999999997,5665,929.15
94.4,22.5,46.5,2020-02-24,0,1.4,26.6,-243.40000000000003,5659,887.19
107.5,28.1,43.1,2020-02-25,0,5.0,32.1,-73.19999999999999,5624,929.15
173.0,26.8,45.1,2020-02-26,0,4.8999999999999995,32.3,20.800000000000004,5609,973.16
188.1,29.5,42.3,2020-03-11,0,7.5,39.7,-582.3000000000001,5730,826.73
218.0,34.5,44.1,2020-03-12,0,12.899999999999999,40.9,0.0,5726,910.05
75.5,18.5,37.1,2020-03-13,0,8.0,28.5,-319.59999999999997,5744,939.87
200.0,29.3,46.5,2020-03-14,0,14.9,32.5,0.0,5742,850.51
174.3,11.9,47.9,2020-03-15,0,14.2,24.8,0.0,5714,946.79
194.5,27.5,44.3,2020-03-16,0,5.2,34.7,-75.1,5703,955.01
192.2,17.8,42.7,2020-03-17,0,6.8,35.6,-62.9,5715,942.7
190.9,16.7,47.5,2020-03-18,0,6.0,27.7,0.0,5712,887.1
122.5,12.0,38.5,2020-03-19,0,7.5,19.7,-345.4,5706,913.04
147.7,27.9,43.5,2020-03-20,1,5.6000000000000005,28.4,-199.79999999999998,5677,916.52
353.6,40.7,55.6,2020-03-21,1,-7.8999999999999995,40.1,1603.3,5697,834.58
209.5,35.9,51.2,2020-03-22,1,2.3,33.4,-166.3,5657,969.36
104.4,21.1,37.2,2020-03-23,0,5.1,24.7,144.0,5681,953.96
135.2,29.0,44.6,2020-03-24,0,-0.2999999999999998,30.2,955.9000000000001,5690,969.99
142.9,19.1,40.7,2020-03-25,0,5.3999999999999995,26.8,-82.0,5737,927.81
125.1,6.8,36.7,2020-03-26,0,10.3,26.5,0.0,5799,751.79
60.1,15.7,30.1,2020-03-27,0,5.6000000000000005,29.0,-170.4,5790,953.42
177.2,29.1,41.4,2020-03-28,0,-1.9000000000000004,41.1,2423.3,5790,979.52
208.2,26.4,45.6,2020-03-29,0,8.0,31.7,0.0,5784,856.09
164.2,6.2,44.8,2020-03-30,0,0.20000000000000018,24.2,-31.899999999999977,5764,892.82
129.3,4.2,44.6,2020-03-31,0,4.0,24.6,-517.1,5757,848.31
156.4,12.8,46.7,2020-04-01,0,-1.8999999999999995,29.9,-160.3,5758,940.58
201.0,34.9,49.6,2020-04-02,0,1.5999999999999999,35.6,-76.30000000000001,5752,902.21
152.1,29.7,46.4,2020-04-03,0,-3.8999999999999995,37.7,2124.2999999999997,5767,961.32
158.0,29.1,42.8,2020-04-04,0,3.7,29.4,-134.8,5741,851.24
278.0,37.7,51.8,2020-04-05,0,-5.199999999999999,43.2,1561.5,5741,923.66
80.5,18.3,35.2,2020-04-06,0,-0.6000000000000001,30.1,1489.8999999999999,5745,928.24
97.5,21.5,41.1,2020-04-07,0,-3.1999999999999997,23.1,1808.5,5759,929.46
138.6,29.9,47.3,2020-04-08,0,2.4000000000000004,32.3,-499.9,5759,844.13
132.1,24.3,43.2,2020-04-09,0,8.4,29.3,-637.1,5734,853.47
53.1,26.4,44.4,2020-04-10,0,-6.3999999999999995,25.7,2439.7000000000003,5739,950.45
120.6,29.9,50.6,2020-04-11,0,-11.5,30.2,-24.3,5749,956.85
205.4,31.9,51.0,2020-04-14,1,-7.5,34.0,3871.4,5781,974.75
88.3,28.3,46.4,2020-04-15,1,-8.7,32.6,3728.2,5780,979.56
144.0,33.3,49.3,2020-04-16,1,-1.2999999999999998,37.2,974.4000000000001,5765,978.98
262.4,36.8,50.8,2020-04-17,1,1.2000000000000002,41.5,1052.0,5788,891.49
179.2,35.3,50.3,2020-04-18,0,-8.4,43.6,3371.3,5790,955.67
111.1,23.9,48.8,2020-04-19,1,-3.7,25.6,1309.6,5783,933.12
339.3,37.3,54.5,2020-04-20,1,-12.1,45.1,3920.0,5766,972.0
227.9,37.4,52.9,2020-04-21,0,-5.1,39.7,1012.8000000000001,5766,934.0
185.1,29.9,47.9,2020-04-22,1,8.0,39.4,0.0,5734,942.17
176.8,31.8,46.5,2020-04-23,0,-1.4000000000000004,41.3,1873.7,5750,958.79
274.4,34.8,51.7,2020-04-24,0,-2.1,41.5,1040.8000000000002,5747,975.02
253.9,29.8,46.5,2020-04-25,1,2.3,40.1,6.5,5738,1002.98
208.1,37.4,49.9,2020-04-26,1,-2.4000000000000004,46.7,1333.2,5735,953.35
172.8,31.2,45.5,2020-04-27,1,2.5999999999999996,40.8,469.0,5731,964.55
168.0,35.7,47.5,2020-04-28,0,-2.3,48.3,1190.1,5730,969.71
200.6,32.3,45.0,2020-04-29,0,4.3,41.0,387.0,5726,975.72
177.9,33.1,48.4,2020-04-30,1,2.5999999999999996,44.6,39.900000000000006,5738,927.08
202.6,31.1,43.5,2020-05-01,1,1.2000000000000002,46.3,1351.7,5750,977.29
137.8,29.0,45.8,2020-05-02,0,4.2,36.1,-140.3,5740,972.7
193.5,29.3,41.4,2020-05-03,0,8.6,45.3,-83.1,5762,964.61
205.6,27.3,41.6,2020-05-04,0,2.2,42.5,-10.6,5779,966.81
143.1,30.6,42.1,2020-05-05,0,1.9999999999999996,40.3,703.8000000000001,5837,972.24
166.4,31.7,41.4,2020-05-07,0,0.7999999999999998,37.1,1183.1,5773,972.18
164.4,33.7,44.1,2020-05-08,0,8.6,37.6,0.0,5771,972.67
87.0,25.5,40.8,2020-05-09,1,-6.8999999999999995,39.5,2630.1,5782,974.92
266.2,37.0,52.0,2020-05-10,0,-5.3999999999999995,42.3,2413.0,5788,966.69
117.0,30.4,47.4,2020-05-11,0,1.2999999999999998,39.2,69.80000000000001,5781,950.79
156.8,21.2,47.2,2020-05-12,0,-3.5000000000000004,34.4,1244.2,5778,935.87
158.8,31.8,48.3,2020-05-13,1,-9.0,45.6,-9.6,5783,969.25
217.0,35.6,43.9,2020-05-14,0,2.0,48.4,2160.6,5799,947.16
221.2,28.5,44.8,2020-05-15,0,-7.499999999999999,48.2,6179.599999999999,5844,918.53
240.3,24.7,48.5,2020-05-16,0,-0.2999999999999998,42.2,1410.9,5826,944.23
190.5,37.5,46.2,2020-05-17,0,-4.0,49.4,3479.8999999999996,5821,969.1
135.8,26.1,43.0,2020-05-18,0,-1.7999999999999998,34.7,2288.3,5818,969.22
196.8,14.3,42.1,2020-05-19,0,2.0,38.3,1513.3,5806,918.16
452.1,39.1,42.3,2020-05-20,0,12.899999999999999,67.9,0.0,5769,963.59
245.1,34.7,37.0,2020-05-22,0,14.100000000000001,53.2,-119.3,5816,972.31
157.4,22.2,39.8,2020-05-23,0,2.0,38.0,-14.700000000000001,5834,971.94
222.3,31.4,48.2,2020-05-24,0,-2.3,46.0,6.100000000000001,5841,971.85
346.2,38.9,53.5,2020-05-25,0,-3.2,55.3,-39.6,5838,941.18
289.2,32.2,50.1,2020-05-26,1,-2.1000000000000005,50.8,-0.40000000000000036,5839,969.16
662.5,44.7,60.2,2020-05-27,1,-10.4,59.8,-1.0999999999999979,5835,958.18
331.6,38.1,51.4,2020-05-30,0,-5.0,51.3,-29.900000000000002,5798,969.31
279.5,38.3,51.4,2020-05-31,1,3.7,54.7,-52.400000000000006,5789,975.05
184.9,33.4,46.5,2020-06-01,1,0.7000000000000002,54.0,589.6,5803,994.58
240.5,37.1,46.5,2020-06-02,0,4.300000000000001,54.1,680.5,5817,955.86
220.4,35.9,44.1,2020-06-03,0,2.9000000000000004,58.4,1160.5,5812,969.44
248.6,36.4,46.2,2020-06-04,0,-0.7999999999999998,61.7,1964.7,5826,946.98
252.9,34.5,46.0,2020-06-05,0,6.0,59.9,-172.8,5834,947.59
264.1,33.5,43.1,2020-06-06,1,-0.3000000000000007,61.1,-19.2,5837,955.28
217.5,36.2,40.4,2020-06-07,0,-1.8999999999999995,57.5,-2.7,5830,984.85
216.5,37.1,44.8,2020-06-08,0,0.8999999999999995,65.1,1498.3,5827,985.03
230.8,39.6,44.6,2020-06-09,0,-1.7999999999999998,63.1,3782.6,5833,990.01
241.0,36.6,42.9,2020-06-10,0,0.8999999999999995,64.9,1805.1000000000001,5836,963.76
250.5,36.7,43.2,2020-06-11,0,35.599999999999994,68.3,0.0,5833,660.61
266.2,35.0,39.1,2020-06-12,1,4.8,70.4,2394.4,5836,990.57
279.6,36.7,41.4,2020-06-13,1,3.1999999999999997,72.5,2204.8999999999996,5829,982.97
271.9,40.0,42.9,2020-06-14,0,5.699999999999999,64.0,1374.3000000000002,5842,935.87
256.2,38.7,42.6,2020-06-15,1,8.4,70.0,-151.39999999999998,5841,957.54
253.3,38.2,42.9,2020-06-16,0,-0.40000000000000036,72.2,-13.3,5831,953.21
253.3,38.2,42.9,2020-06-17,0,-0.40000000000000036,72.2,-13.3,5831,953.21
287.3,35.7,42.1,2020-06-18,0,1.0000000000000004,70.3,1493.7,5796,931.2
287.3,35.7,42.1,2020-06-19,0,1.0000000000000004,70.3,1493.7,5796,931.2
287.3,35.7,42.1,2020-06-20,1,1.0000000000000004,70.3,1493.7,5796,931.2
287.3,35.7,42.1,2020-06-21,0,1.0000000000000004,70.3,1493.7,5796,931.2
270.8,37.3,39.2,2020-06-22,1,6.300000000000001,70.5,852.7,5814,990.6
259.8,35.8,39.0,2020-06-23,0,3.8,65.2,2122.8,5847,977.16
254.2,38.5,42.9,2020-06-24,0,1.9000000000000004,63.3,1782.1999999999998,5843,963.76
226.1,33.1,44.5,2020-06-25,1,-0.5,56.6,1809.2,5847,958.21
243.9,31.1,41.9,2020-06-26,1,5.3,58.8,489.1,5847,966.69
264.6,36.7,42.2,2020-06-27,0,8.0,60.2,184.89999999999998,5829,913.47
267.8,41.3,48.4,2020-06-28,0,1.0,67.1,363.2,5830,972.09
225.6,35.7,42.3,2020-06-29,0,6.9,65.8,19.8,5839,1000.02
230.9,37.6,42.2,2020-06-30,0,1.0,67.4,2617.6,5841,992.57
253.7,35.3,42.6,2020-07-01,0,-1.6000000000000005,68.4,3499.5,5841,900.6
259.4,36.7,40.7,2020-07-02,0,8.5,57.6,-42.8,5835,916.99
225.4,35.1,43.1,2020-07-03,0,4.699999999999999,62.8,72.30000000000001,5835,930.75
249.0,33.3,40.5,2020-07-04,0,7.9,57.3,614.0,5825,926.12
263.9,39.7,42.6,2020-07-05,0,6.999999999999999,63.9,-27.3,5802,916.04
284.5,38.3,40.1,2020-07-06,0,8.9,70.0,-24.7,5789,943.02
257.2,34.6,39.0,2020-07-07,1,8.5,66.1,-17.5,5840,950.37
261.3,39.5,42.9,2020-07-08,1,6.3,70.4,-87.89999999999999,5848,941.36
258.7,36.3,40.2,2020-07-09,0,5.5,67.5,1393.5,5839,958.16
264.5,36.0,41.4,2020-07-10,1,4.0,65.0,849.4000000000001,5834,900.47
285.1,39.3,44.5,2020-07-11,1,4.0,60.2,968.4,5820,931.03
278.0,38.7,45.2,2020-07-12,1,-3.8,71.7,1.2,5822,986.02
238.6,39.9,43.9,2020-07-13,0,20.1,66.8,0.0,5820,828.48
250.9,38.5,43.7,2020-07-14,1,3.4000000000000004,65.3,875.0999999999999,5823,955.2
253.9,37.6,40.3,2020-07-15,1,4.8,69.8,-9.2,5836,971.97
252.6,32.7,40.2,2020-07-16,0,3.3,60.7,1465.1999999999998,5850,985.0
263.4,32.2,40.0,2020-07-17,0,11.1,63.3,0.0,5846,917.56
270.8,32.1,41.1,2020-07-18,1,4.8999999999999995,64.4,-18.5,5852,963.82
232.4,33.2,39.3,2020-07-19,0,4.4,63.0,1088.4,5846,949.81
266.0,37.7,41.5,2020-07-20,1,2.8000000000000003,67.5,-4.9,5847,984.94
274.2,37.7,41.1,2020-07-21,0,-2.0,71.0,1121.6,5836,974.32
271.9,36.0,41.0,2020-07-22,0,5.3,65.6,363.9,5816,974.72
249.2,33.7,38.2,2020-07-23,0,10.9,63.6,-68.8,5820,980.09
237.9,36.6,41.1,2020-07-24,0,4.199999999999999,67.8,1549.1,5831,982.44
213.8,35.2,43.0,2020-07-25,0,4.3,60.3,-34.6,5833,969.47
225.3,36.8,42.9,2020-07-26,1,4.8999999999999995,59.4,-57.99999999999999,5835,944.35
223.9,38.2,43.2,2020-07-27,1,0.40000000000000036,63.9,2265.2,5845,963.7
221.2,38.9,45.6,2020-07-28,1,-0.5,66.0,1710.8,5834,963.79
253.4,34.3,43.0,2020-07-29,0,3.3,64.8,-21.7,5835,985.03
230.8,32.5,41.0,2020-07-30,1,2.8999999999999995,60.4,1213.6000000000001,5834,969.28
210.4,33.4,43.0,2020-07-31,0,4.1,61.1,589.7,5838,950.03
219.7,36.9,42.4,2020-08-01,0,0.0,65.1,3052.6000000000004,5846,986.88
227.0,38.0,42.6,2020-08-02,1,4.5,59.0,1262.3000000000002,5835,925.48
242.9,39.3,42.5,2020-08-03,1,5.6,59.5,1149.6,5804,894.42
266.9,39.0,44.7,2020-08-04,0,2.6000000000000005,69.8,-87.7,5771,941.28
300.6,35.9,39.7,2020-08-05,1,9.9,62.4,-40.300000000000004,5759,921.15
254.9,37.6,41.9,2020-08-06,0,8.600000000000001,65.4,-0.20000000000000284,5797,956.35
238.9,36.7,40.9,2020-08-07,0,5.4,69.0,656.9,5846,969.35
237.9,33.2,41.7,2020-08-08,1,6.1000000000000005,65.2,-76.5,5844,945.26
255.8,36.1,39.5,2020-08-09,0,7.3999999999999995,66.8,-45.5,5836,955.42
249.1,35.0,39.8,2020-08-10,1,9.0,56.4,228.7,5852,923.65
241.5,38.0,41.0,2020-08-11,0,6.200000000000001,60.6,36.1,5845,940.99
245.6,33.9,42.1,2020-08-12,1,6.499999999999999,57.2,331.2,5841,918.54
257.7,36.0,41.9,2020-08-13,1,7.800000000000001,65.4,-71.30000000000001,5837,948.88
280.8,35.3,42.1,2020-08-14,0,8.8,57.1,262.1,5825,926.12
291.4,36.8,37.8,2020-08-15,0,11.100000000000001,61.9,-16.0,5798,926.15
260.1,36.6,41.0,2020-08-16,0,6.199999999999999,70.7,-24.0,5810,956.25
254.3,35.8,39.0,2020-08-17,1,8.399999999999999,64.2,-8.5,5819,935.85
243.6,38.1,41.6,2020-08-18,0,5.999999999999999,61.7,85.9,5828,928.15
272.8,35.9,40.9,2020-08-19,0,5.7,65.1,430.2,5796,962.69
291.9,35.2,39.5,2020-08-20,0,7.6,65.6,-26.299999999999997,5780,952.36
275.3,34.4,37.5,2020-08-21,0,10.8,66.7,-39.5,5820,964.19
242.3,36.1,40.7,2020-08-22,1,5.6000000000000005,67.9,1034.4,5835,985.06
230.9,38.1,44.3,2020-08-23,0,0.10000000000000053,66.8,2418.5,5828,987.53
251.7,38.7,42.6,2020-08-24,1,5.699999999999999,67.0,670.3,5828,982.53
276.9,36.9,42.0,2020-08-25,0,2.3999999999999995,68.3,1704.6999999999998,5838,992.57
302.7,37.0,38.8,2020-08-26,1,37.6,67.0,0.0,5823,718.25
300.0,31.5,35.1,2020-08-27,0,11.4,69.9,-6.499999999999998,5830,982.53
265.8,36.7,41.4,2020-08-28,0,2.4999999999999996,66.5,2032.6000000000001,5833,992.6
228.3,35.8,39.7,2020-08-29,0,4.9,56.9,1761.0,5830,966.6
234.8,37.6,43.2,2020-08-30,0,0.5999999999999996,59.2,-11.7,5844,966.48
239.1,35.3,41.6,2020-08-31,1,7.300000000000001,59.1,-154.10000000000002,5843,913.93
246.9,36.1,43.2,2020-09-01,0,-1.7000000000000002,64.6,3702.7,5919,969.21
240.5,32.8,39.3,2020-09-02,0,11.0,59.7,-165.5,5826,969.65
232.5,34.5,41.4,2020-09-03,1,4.4,58.7,934.8,5813,977.34
206.5,36.0,41.5,2020-09-04,0,2.3,58.7,2291.2000000000003,5832,982.41
208.9,33.8,41.7,2020-09-05,0,4.1,58.1,1547.4,5839,961.14
215.0,35.6,42.7,2020-09-06,0,0.6000000000000005,57.8,-3.0,5847,982.35
233.6,36.1,41.7,2020-09-07,1,9.2,58.4,-242.1,5838,904.4
250.9,36.8,43.8,2020-09-08,1,2.7,65.1,1839.6,5843,961.04
231.1,38.4,44.8,2020-09-09,1,3.8000000000000003,62.8,497.19999999999993,5835,955.73
222.8,37.8,43.8,2020-09-10,0,0.0,66.6,2587.2999999999997,5841,966.45
238.6,34.4,41.7,2020-09-11,1,9.4,63.9,0.0,5844,911.12
239.1,35.6,40.9,2020-09-12,1,11.1,66.2,0.0,5840,920.76
219.9,33.3,40.0,2020-09-13,0,3.6,61.2,2046.2999999999997,5843,977.22
238.2,34.2,42.0,2020-09-14,1,2.6999999999999997,65.4,1871.5,5839,971.94
241.8,34.7,42.9,2020-09-15,0,-0.10000000000000053,66.4,3114.7000000000003,5849,990.04
220.4,32.6,42.6,2020-09-16,0,0.7000000000000002,61.7,2086.8,5837,979.81
238.5,34.2,42.9,2020-09-17,1,1.2000000000000002,62.2,2290.5,5840,969.16
230.4,37.3,43.7,2020-09-18,0,1.8000000000000003,65.8,901.8,5832,947.04
226.5,35.3,41.1,2020-09-19,0,4.5,64.0,1110.6,5844,982.44
260.4,39.1,45.6,2020-09-20,0,0.9000000000000004,54.3,1407.1000000000001,5834,897.15
266.5,35.7,39.5,2020-09-21,0,9.4,65.9,-48.6,5800,959.23
289.4,39.2,42.5,2020-09-22,1,11.6,70.4,0.0,5823,896.26
275.4,39.7,44.4,2020-09-23,0,4.1,70.8,259.5,5826,955.8
283.0,39.6,44.4,2020-09-24,1,1.7999999999999998,68.1,-20.2,5834,979.87
260.2,36.9,42.4,2020-09-25,0,2.3,65.7,2244.3999999999996,5849,977.19
246.9,32.6,40.2,2020-09-26,0,3.1999999999999997,62.5,2344.4,5838,992.57
224.3,33.2,39.8,2020-09-27,1,9.700000000000001,60.5,-152.10000000000002,5842,961.47
252.0,36.9,43.0,2020-09-28,1,1.2999999999999998,62.0,3140.8,5824,977.16
223.6,36.1,42.6,2020-09-29,0,3.5,63.7,1527.2,5835,963.94
239.1,36.8,43.4,2020-09-30,0,3.3000000000000003,62.6,963.1,5827,952.87
245.8,34.8,39.7,2020-10-01,0,5.300000000000001,64.5,1473.4,5829,981.85
235.8,34.9,43.1,2020-10-02,1,0.39999999999999947,65.2,2427.7000000000003,5829,995.07
213.6,34.0,41.2,2020-10-03,0,3.9000000000000004,60.3,1021.0,5822,977.34
226.6,35.5,40.8,2020-10-04,0,7.5,59.4,27.300000000000004,5817,974.84
229.2,37.2,43.2,2020-10-05,1,4.8,63.2,-26.299999999999997,5819,972.15
210.9,34.4,41.0,2020-10-06,0,1.7999999999999998,61.3,2151.0,5819,995.07
232.2,37.6,43.4,2020-10-07,0,5.5,63.3,91.9,5817,950.3
212.6,35.2,44.2,2020-10-08,0,2.6,60.1,924.4,5823,974.99
221.5,34.6,40.9,2020-10-09,0,4.8999999999999995,60.3,1394.3,5826,972.03
226.3,36.7,41.6,2020-10-10,0,8.3,61.5,-86.5,5831,955.86
221.0,34.6,41.2,2020-10-11,0,4.5,55.7,-43.0,5822,961.26
202.3,35.7,43.7,2020-10-12,0,0.8999999999999999,55.0,1456.8999999999999,5820,958.42
208.2,30.3,39.4,2020-10-13,0,4.699999999999999,49.5,1031.6000000000001,5812,955.67
196.1,29.4,38.3,2020-10-14,0,4.199999999999999,47.2,0.0,5814,966.63
218.5,29.6,42.1,2020-10-15,0,3.1,52.3,1128.5,5820,969.38
235.3,34.3,41.7,2020-10-16,0,3.6,54.9,1227.5,5816,966.69
222.0,30.7,41.4,2020-10-17,0,4.4,47.7,-48.0,5816,958.48
195.1,27.6,37.5,2020-10-18,1,4.9,49.0,1906.3,5819,963.88
212.9,34.9,39.5,2020-10-19,0,5.4,57.0,1221.3999999999999,5808,964.0
176.9,31.9,39.0,2020-10-20,0,3.4999999999999996,49.0,1132.9,5819,961.26
206.4,34.6,42.1,2020-10-21,0,2.7,55.3,1027.6000000000001,5810,966.72
234.1,34.4,41.1,2020-10-22,0,7.5,60.0,-31.400000000000002,5815,972.18
226.4,34.7,39.8,2020-10-23,0,7.6,58.1,0.30000000000000004,5794,990.19
240.9,24.5,38.7,2020-10-24,0,10.799999999999999,43.3,-12.5,5804,977.58
222.7,25.7,35.2,2020-10-25,0,10.4,50.6,-19.0,5785,966.3
103.3,20.7,33.3,2020-10-26,0,13.799999999999999,42.5,0.0,5779,900.53
61.7,20.0,29.7,2020-10-27,0,9.600000000000001,33.6,0.0,5770,902.39
118.6,25.9,38.1,2020-10-28,0,8.2,37.0,0.0,5772,918.66
37.1,16.7,33.4,2020-10-29,0,7.7,40.0,-289.3,5783,924.55
153.8,28.9,42.7,2020-10-30,0,11.3,43.9,0.0,5789,924.48
184.1,32.3,43.0,2020-10-31,0,12.1,46.7,0.0,5795,925.36
220.5,33.3,42.2,2020-11-01,0,36.2,50.6,0.0,5791,695.27
180.1,30.8,41.3,2020-11-02,0,4.1,44.0,-38.300000000000004,5794,977.52
179.8,25.0,42.1,2020-11-03,0,10.399999999999999,41.5,-416.5,5774,906.32
49.7,19.0,30.7,2020-11-04,0,16.1,27.8,0.0,5760,865.43
132.5,1.6,36.3,2020-11-05,0,16.4,21.7,0.0,5744,883.74
93.4,-5.7,29.9,2020-11-06,0,20.200000000000003,15.3,0.0,5741,821.79
54.3,-6.8,22.0,2020-11-07,0,21.2,13.3,0.0,5740,866.26
31.0,-10.9,9.4,2020-11-08,0,21.6,17.4,0.0,5746,938.3
29.1,-10.4,17.8,2020-11-09,0,9.5,19.2,-47.1,5744,964.11
152.4,14.6,44.1,2020-11-10,0,8.8,28.7,0.0,5728,893.26
160.1,26.8,40.5,2020-11-11,0,12.5,36.7,0.0,5740,912.7
36.9,5.2,29.7,2020-11-12,0,8.5,28.6,0.0,5771,827.16
44.6,8.6,33.8,2020-11-13,0,12.3,28.8,0.0,5758,922.53
110.8,21.3,38.9,2020-11-14,0,10.7,26.0,-299.9,5760,956.05
139.1,20.6,33.4,2020-11-15,0,19.7,26.7,0.0,5764,857.8
100.5,15.8,31.5,2020-11-16,0,20.9,27.4,0.0,5754,869.34
173.4,23.5,39.0,2020-11-17,0,10.8,27.3,0.0,5735,928.66
163.3,21.3,35.6,2020-11-18,0,11.0,27.7,-102.6,5715,933.98
211.5,28.6,37.4,2020-11-19,0,18.1,38.9,0.0,5727,912.22
197.4,25.1,40.1,2020-11-20,1,3.8,36.8,570.3,5736,969.68
214.9,33.6,42.5,2020-11-21,0,8.1,47.1,-73.8,5720,973.96
180.3,1.8,38.8,2020-11-22,0,10.8,19.4,0.0,5687,947.01
56.3,-3.3,13.8,2020-11-23,0,25.4,12.3,0.0,5713,852.12
31.0,-1.7,13.7,2020-11-24,0,21.5,11.8,0.0,5722,878.62
40.7,-4.5,17.4,2020-11-25,0,18.1,12.7,0.0,5732,926.47
19.4,-5.5,22.4,2020-11-26,0,15.700000000000001,17.1,0.0,5741,916.79
48.5,19.8,22.4,2020-11-27,0,14.2,25.2,0.0,5725,925.92
85.2,18.0,33.7,2020-11-28,0,21.6,25.7,0.0,5716,911.36
73.4,-6.1,31.5,2020-11-29,0,13.5,16.9,0.0,5738,1001.78
25.2,-12.2,23.8,2020-11-30,0,25.1,13.1,0.0,5749,848.37
31.0,-15.1,19.7,2020-12-01,0,22.799999999999997,16.7,0.0,5745,984.34
44.6,-4.0,22.5,2020-12-02,0,22.1,17.5,0.0,5738,867.11
74.2,5.3,31.0,2020-12-03,0,17.9,19.0,0.0,5720,901.23
150.4,6.1,34.8,2020-12-04,0,14.0,20.4,0.0,5693,929.51
87.0,4.0,31.5,2020-12-05,0,12.899999999999999,18.6,0.0,5693,887.19
112.6,8.1,34.0,2020-12-06,0,9.8,21.6,-49.3,5704,967.64
75.7,-0.9,30.1,2020-12-07,0,11.0,20.4,-120.9,5723,978.97
140.5,-7.5,39.9,2020-12-08,0,28.9,25.2,0.0,5723,831.71
64.0,-10.3,23.9,2020-12-09,0,20.9,20.2,0.0,5735,983.0
115.0,-8.4,31.1,2020-12-10,0,29.0,21.1,0.0,5741,851.89
66.0,-9.0,29.7,2020-12-11,0,19.0,20.4,0.0,5727,975.88
71.8,13.3,22.0,2020-12-12,0,21.5,26.0,0.0,5738,985.76
124.9,9.1,34.2,2020-12-13,0,20.799999999999997,31.8,0.0,5724,917.74
138.2,17.6,34.0,2020-12-14,0,29.799999999999997,34.6,0.0,5711,809.83
143.0,20.8,33.3,2020-12-15,0,24.6,35.9,0.0,5709,872.8
189.4,32.1,47.2,2020-12-16,0,12.2,33.6,0.0,5693,891.71
186.5,28.9,43.8,2020-12-17,0,15.1,27.0,0.0,5687,884.96
133.8,-2.0,35.2,2020-12-18,0,18.5,17.5,0.0,5670,908.62
83.4,-12.6,10.3,2020-12-19,0,40.6,11.3,0.0,5691,859.42
67.9,-17.6,10.2,2020-12-20,0,38.4,9.7,0.0,5719,943.6
56.3,-19.0,5.3,2020-12-21,0,38.0,10.6,0.0,5740,880.78
50.4,-18.7,13.6,2020-12-22,0,26.5,12.3,0.0,5731,927.41
66.0,-14.8,19.6,2020-12-23,0,25.2,14.6,0.0,5727,938.83
60.1,-14.0,18.9,2020-12-24,0,33.3,16.0,0.0,5719,859.3
71.8,-11.9,12.7,2020-12-25,0,18.9,11.1,0.0,5704,914.75
75.7,-22.0,6.5,2020-12-26,0,28.1,10.9,0.0,5715,905.72
75.7,-19.9,-2.5,2020-12-27,0,34.3,9.5,0.0,5731,876.91
67.9,-6.5,-1.1,2020-12-28,0,31.4,11.4,0.0,5718,893.6
98.9,-15.2,23.4,2020-12-29,0,32.3,13.4,0.0,5717,862.08
135.8,-6.5,29.5,2020-12-30,0,25.6,16.2,0.0,5715,892.9
97.0,-4.2,22.5,2020-12-31,0,50.0,13.9,0.0,5720,698.99
